Vib_RMS,Vib_P2P,Vib_Skewness,Vib_Kurtosis,FFT_Amp_1,FFT_Amp_2,FFT_Amp_3,File_ID,Test_ID
0.12888705027471,0.896,0.03437157484715235,0.40543851957733956,352.74097989233303,207.24920304423978,96.92609677524689,0,1
0.12956208695061994,1.059,0.0010971366195919896,0.4457176371791842,385.75243466557953,214.68920393133527,91.34204939927612,1,1
0.1313388774598819,0.987,0.05307168803592046,0.3897116646700143,381.04940964680145,206.6055616087744,146.6452543307201,2,1
0.13108278894879277,0.8740000000000001,-0.0236535372455152,0.26196161292893105,348.5389989154244,206.43590963768324,81.47246765447969,3,1
0.13130738905302275,0.998,0.027080474594086086,0.32619163438186893,341.26540844916616,218.13940569219906,99.88071559295012,4,1
0.13171370523405823,0.876,-0.014676552606726477,0.32404101538282637,332.2423562061821,218.70803703102297,86.64953064926289,5,1
0.13103284248823602,0.8180000000000001,0.017206062062929482,0.24683324718305544,395.2782002776415,214.62922689038527,97.93413029855066,6,1
0.13077409347952149,1.167,0.04980565918762678,0.6912253543166456,376.2528795059772,205.09608811952728,108.32755536158321,7,1
0.1309602392993528,0.9209999999999999,0.035391632673236785,0.34234900949258096,348.1343777712333,215.8889583806686,92.80313215883682,8,1
0.1310096320185681,0.97,0.03539132403668514,0.439724761016167,329.12834311502866,214.85279685678233,103.66321571170522,9,1
0.13050809193512436,0.855,0.021062015761940528,0.25681166688630697,332.0816939052499,219.08201320811833,106.03401945245447,10,1
0.1314210076433749,0.966,0.02923810929910533,0.392492827569769,359.9721064500271,201.1484403851325,121.2884379375677,11,1
0.1297513133664261,0.9710000000000001,0.04945282187393497,0.40498158276511553,374.2413328867061,213.99198562555998,81.59807534945911,12,1
0.1316200429013734,1.052,0.005325322735283263,0.4837270756600365,346.17380713501814,216.90547991845187,84.52603138294236,13,1
0.13108482612653916,0.952,0.004168120732406376,0.3609694631001852,336.44610307953553,213.70647018604427,119.80913626324896,14,1
0.13039390162150272,0.974,0.048260798323384556,0.41063081235855625,335.35471977770186,220.76737798229874,92.3752986273667,15,1
0.13061621718380245,0.9380000000000001,0.032405268327393835,0.32281172917108725,331.5463955371033,216.08276533341726,149.2436886264504,16,1
0.1314557110021399,0.855,0.022616292038683313,0.35536739791401883,306.37002519899767,223.48206232020576,160.22754545839194,17,1
0.13107966309146463,0.857,-0.028136914126246873,0.2786704710532337,343.34137023150817,231.3241553850361,92.93958020745553,18,1
0.13155240051793526,0.827,-0.007852345196099703,0.2689837095840808,351.345618515529,220.87687937680255,99.21842330814765,19,1
0.13110149746177102,0.899,0.04041344594590496,0.3665577092103054,350.6079809744595,213.14991509047587,89.73174835156514,20,1
0.13032307304978893,0.908,-0.00377331110525322,0.3374088036480609,331.2818689788673,209.02806025128177,133.93523596339026,21,1
0.13109158129165607,1.05,0.053991334998864944,0.3662469863614981,357.4862287296754,224.39722046484187,97.5151809983515,22,1
0.13108060553142245,0.866,0.03031994702425748,0.4029923677269731,325.43682710561075,225.00509046350845,94.92265382393276,23,1
0.13170230899023516,0.9279999999999999,0.036823324792260435,0.3039457463669879,359.51193291552215,227.6098707911539,107.2451392389328,24,1
0.13117507199052247,0.976,0.04511637645961445,0.30938494740567846,362.64879008855047,225.02888129167982,101.82323739969638,25,1
0.13169603563046706,0.9199999999999999,0.0022933134819692912,0.4000272575996169,369.29219952099163,210.5381430831861,86.96200133930226,26,1
0.1324135904488164,0.909,0.01735944074529352,0.379913092123088,347.4314379621603,218.50184594376407,97.49929885850338,27,1
0.131531611019046,1.083,0.04762941580142986,0.4976278240930383,315.4982853249203,227.0885748535215,125.29507849095144,28,1
0.13106518330735523,0.8,0.03219146685462068,0.3195826803574566,326.7874767048497,225.9727792258789,105.45222749928456,29,1
0.13124121752610488,0.932,0.057314025681437925,0.33821831357575594,364.8445543865206,224.91934841001586,95.63553661270667,30,1
0.13112515975026018,1.021,0.03988494301486505,0.40157235277259584,334.74043720198887,199.41827538283857,133.09021481293004,31,1
0.1316381833972385,1.092,0.02851823611799803,0.47873345453002525,356.8474184162365,213.45525309614263,82.23782917836262,32,1
0.1313048531209909,1.0130000000000001,0.01926143968920954,0.40835562526585534,327.5672098474984,222.84249983938355,128.92854662933456,33,1
0.1305857119819321,1.028,0.03432440095344855,0.41871494443818724,327.58364741632,219.29709974554976,110.477116645651,34,1
0.12972896513320087,0.8200000000000001,0.006173867445307525,0.21757888214801824,364.90019107268694,215.63047012532544,90.21472045129302,35,1
0.13083249350762172,0.866,0.04640516458231072,0.36568292876728314,388.0106531119337,206.0590302514996,130.98238276287066,36,1
0.13005162323874028,0.881,0.026409069850451612,0.29079629014077923,336.62961748726883,219.14876336069653,130.7146380077387,37,1
0.13062551939938602,1.123,-0.019021886259741428,0.46850661638393865,334.7104017299381,211.23461929278096,88.52080756638588,38,1
0.13065377112872117,0.84,0.04012429487523505,0.2696136641455409,316.8564108853093,209.47035634638073,104.85599116007867,39,1
0.13032141793525825,0.86,0.025760139883218285,0.2759001292778196,360.547224352542,209.69401603369724,77.01049583528552,40,1
0.13144744115104048,1.03,0.01738975948928209,0.4477479562720772,369.6199665746836,199.02931246770103,112.82183536454465,41,1
0.13027137934093821,0.889,-0.006856740531023136,0.3790871576552668,352.9529143810482,221.40878683523928,121.47697976097835,42,1
0.1322879313367011,0.9359999999999999,0.017949833176458065,0.3746961332752812,275.14500729941795,212.8377052448026,144.93219325385823,43,1
0.13265167174078507,1.0939999999999999,-0.019024965053645523,0.4650383922591037,377.08230187302604,210.74892337653492,125.95735612734029,44,1
0.13080710168627122,0.9570000000000001,0.010670323798993896,0.4541010208274594,255.0288434315666,194.51614516557848,165.50832963959633,45,1
0.13071854810377667,1.05,-0.023466612060694673,0.36395407601541807,350.7669554274316,197.1516601767469,126.77490968742309,46,1
0.13210360905513,0.964,0.0032371074977883096,0.421002400040309,345.5989710838884,208.84060186984817,94.30441186053166,47,1
0.13016528217460197,0.8200000000000001,0.013592828960743535,0.2584773567727199,306.73433259605673,198.412854377286,106.61007499712122,48,1
0.1300335220076082,0.9710000000000001,0.0014798972891952571,0.3642655053707302,346.05049853993114,212.13351819473564,92.00229083950543,49,1
0.13123335050647852,0.9590000000000001,0.02513799469346676,0.3568521879047397,346.7910155081644,193.8372993836028,135.54576195921098,50,1
0.13105126155171828,0.889,0.0045872726858806065,0.3218183087278317,370.41381697592584,203.3163332829082,94.9750600529384,51,1
0.13054119077990048,0.9470000000000001,-0.0008656696659580036,0.404875804449246,323.96306741041366,204.45398917944183,133.0249687945697,52,1
0.12994579624188501,1.279,0.012750737235846693,0.5225454785429737,336.93981402039356,207.23050502675414,111.79585166159109,53,1
0.13067339806896666,0.915,0.019709867929976945,0.3178474956122712,349.4977117946387,208.66949784793772,84.39673704822903,54,1
0.13076999372855236,0.989,0.031323408908539706,0.5501808987602517,362.9326086598383,209.30280533829142,100.15101961647542,55,1
0.13112288114946796,0.823,0.011471244957186091,0.32888776502803063,335.683004477131,216.52468246658935,115.10439409304274,56,1
0.13098224902843467,0.825,0.049231861521500955,0.2205416112593377,324.8326934337103,208.77451038220087,124.25382477314392,57,1
0.13070889127298305,1.2149999999999999,0.0027167923726895723,0.7660165620799289,326.379249261092,206.55291782982076,110.61747501127473,58,1
0.1300704971487217,0.8200000000000001,0.07150548164115017,0.33740496293975664,370.56744684728403,195.88299597950834,118.30830787156724,59,1
0.13053095990660846,0.9179999999999999,0.028924587444333672,0.47301889071509384,328.97698592684003,197.70014020857315,99.4773071424597,60,1
0.13135532325439128,0.9079999999999999,0.03717265897113011,0.5086127586837836,341.7490028428603,200.2134317577278,129.59330515027415,61,1
0.1313285139048376,0.974,0.02048956435702759,0.32419959746201377,350.33194143098456,227.502104538943,86.01791357107129,62,1
0.13088814590436085,0.9199999999999999,0.016673914788075325,0.4139020333803205,343.46733478815423,219.74173698345237,115.02187914995703,63,1
0.13116149787719955,0.939,0.00018574883514525968,0.28636383708617075,318.12463198276083,188.56851011170798,159.05515189578048,64,1
0.13068005007758932,0.974,0.00965734957977506,0.3359647563846284,295.93685969804966,206.29265738440105,120.12880520656864,65,1
0.13129679876232467,0.804,0.024579193901583855,0.24597573825434127,309.99147285762643,204.4002690051859,130.789178183147,66,1
0.13239714426147473,0.913,0.006253746247087791,0.38742194637504745,351.0833356751178,206.22073799145303,89.19179210299102,67,1
0.13034064537929305,0.903,0.04813224537832299,0.26593910519308617,259.4149214425147,193.88175232582185,174.0362739967628,68,1
0.13123244785910895,0.9129999999999999,0.02379124093570982,0.3418694763605292,301.68818617038653,198.00495877956567,171.34094532949223,69,1
0.13255672724347112,1.075,0.010879394955993413,0.5143773567014507,299.8584675032303,210.0359194236029,121.07909666338315,70,1
0.13187388254858312,0.991,-0.011286490966143823,0.5417443858139817,283.91851632836705,205.545566113672,204.29007409885514,71,1
0.1311979744359407,0.913,0.04345894955125551,0.3857789381315908,302.46778884814927,211.39678875519525,100.6269996896809,72,1
0.13169851768545796,0.8740000000000001,0.01792145062698838,0.354465261827718,298.67451030299355,203.88527339893017,145.3116294873536,73,1
0.13066989023812545,0.864,0.05115617754049336,0.31706951021541085,254.75302923333015,210.53440870809754,185.5249085993005,74,1
0.13125210973006776,0.9179999999999999,0.038162674157564365,0.323416424302422,308.29107810767186,206.56112338531565,121.55742919166913,75,1
0.1316638104582083,0.879,0.00556720253585081,0.3954536037246137,359.2857831422606,210.34879494222994,94.11136902445448,76,1
0.1316794484664843,0.847,0.008627281026412855,0.2375869658212637,298.345897585518,199.82683121758438,142.3435253256313,77,1
0.1306466369639877,0.855,0.05104116551182679,0.26251214227487596,302.96669739652947,181.13649416589,117.3761886990944,78,1
0.13244215866039408,0.945,0.016758518667712392,0.36061007186324634,363.00962122126356,151.79272928983977,120.0729081282784,79,1
0.13223405559455695,0.925,0.0016798145589998602,0.3108793249955575,261.6407785641473,196.40133616988118,174.78192690665492,80,1
0.130908343822775,0.805,0.05181240180796055,0.3341672280381198,263.5050017882804,192.28674892408603,192.08373582992695,81,1
0.1316236411521739,1.099,0.015582782407987427,0.442118988292302,371.36685552190414,209.73935621019652,76.86408064936813,82,1
0.13097365215414034,0.8500000000000001,0.04103267491445406,0.3039465108408317,318.1322674770322,167.5889520178626,115.06596396520644,83,1
0.13099057490098526,1.008,0.018509844812281035,0.35098220323324725,254.77027260483567,233.31291931064482,194.42077212110155,84,1
0.13178728977444581,1.038,0.019905674259602348,0.6025829942500893,222.39405103891278,205.41928555662324,195.70389539160493,85,1
0.1321922790211762,1.0010000000000001,0.028893378650538384,0.40329789995212506,246.80231283863645,233.62667155897086,188.62602805889838,86,1
0.13118942110164364,1.1039999999999999,0.025576190672495742,0.4992745692570084,266.97222804934523,207.5902433884063,205.05359174618116,87,1
0.12982742075419776,0.894,0.015274090343774936,0.4176494549150962,307.137131392967,190.40561676228813,132.0841623124198,88,1
0.13087941040652412,0.984,0.05716635741898244,0.36754583425749,383.33405319597364,219.4714591852989,93.99020302271612,89,1
0.13061023260575,0.945,0.0026716225716882777,0.45495851142022303,283.5497359019329,183.839752402728,154.6851021189315,90,1
0.13146826327310662,0.933,0.03897327862136389,0.3342262451022675,301.76715577096826,205.68463327514553,167.95792183966662,91,1
0.13148386604922294,1.0739999999999998,0.011545238372901539,0.5063037028366622,276.57935706980766,204.34766001733536,190.98962041332413,92,1
0.13269411102083384,0.864,0.015577718080833991,0.3719700664069028,331.87526710840456,213.89267593467184,111.78893234516775,93,1
0.13245191491867908,0.8500000000000001,0.007891539054209987,0.2760420315772718,397.59333134286504,218.11029686062167,100.36505530819763,94,1
0.13198961936129913,0.9490000000000001,0.03708530324509678,0.4241372375002439,284.45260489407315,212.4605002806024,164.2262744699159,95,1
0.13175842411101746,0.9279999999999999,0.03462700612996045,0.3158630894213248,246.16557857091965,226.32288808197612,196.79447906624054,96,1
0.13190590981062505,1.035,-0.028130219687109298,0.45424082197980375,341.41709272229775,218.2514153629162,135.17747550101757,97,1
0.13289130676632877,0.874,0.003440211217105531,0.3611668143996378,266.1468175014816,189.8967956349727,160.5023234144684,98,1
0.13164064113501384,0.94,0.01881782836572088,0.37545762644962943,328.71948853688735,216.52549929182595,168.89909560438574,99,1
0.13191500837127573,1.04,0.0009245723501529406,0.45656093995201363,339.3951477399281,226.19716424115168,96.87373210641697,100,1
0.1312583836608161,0.826,0.03261917180951882,0.30331445026697956,318.6956311005493,217.10957498749832,122.46381095643143,101,1
0.1320197241640785,0.879,0.005853154927087203,0.37373744311846613,241.85894666081484,230.1716373199067,195.08846980456886,102,1
0.13040682868161801,0.962,0.04435232219541453,0.34313565664151024,358.4606563484863,217.6888137962788,95.6801749552781,103,1
0.1321522879002313,0.962,0.02388189460246228,0.4473334686325936,340.26349516202436,205.24360986810237,137.51360519825144,104,1
0.131582244287437,0.935,0.035085004671792284,0.2676834159579369,338.0206079912268,225.6594739487465,115.88928763204694,105,1
0.13165058104042401,1.037,0.029663175147400557,0.3957770795666291,379.16928122654775,221.29930763887143,87.19403111141011,106,1
0.13281897741557397,0.921,0.00646971136517328,0.3670729673465085,318.299895039082,213.7226017113798,113.07504017666014,107,1
0.13145793610445797,1.037,0.04663791063673538,0.3273961198844684,373.3956903252643,226.02600007017094,103.71860220129518,108,1
0.13364491472713008,0.9690000000000001,-0.008257353015713944,0.41488180028853083,350.45437982688964,218.03218238940227,101.70328060640745,109,1
0.13227374605901343,0.9430000000000001,0.0404796528978882,0.4256099503304758,334.76306286611947,225.2978646355131,99.8546690363944,110,1
0.12985433696309492,0.8620000000000001,0.022430363878588547,0.28574768402257034,366.1146505659333,221.4447562975335,96.39547478308491,111,1
0.1321557421588138,0.9930000000000001,0.030073371336869183,0.3406509003755023,324.17445025571436,220.69014619270476,109.53584971393387,112,1
0.13164621909478877,1.048,0.044684187197099275,0.3094458077827009,262.15087367289607,199.01851470780701,181.8406528121733,113,1
0.1312223538591796,1.032,0.02619483653765078,0.5920437232677256,352.56295265665096,218.4811091476577,87.0949876966655,114,1
0.13093043909959404,0.825,0.023894501741323897,0.21197443646557845,349.69745517107043,211.46359800687148,98.4094610865999,115,1
0.1317242427309676,1.0550000000000002,0.0015918757275585308,0.36136577421849836,385.761141637091,215.75904075423165,117.08883444589183,116,1
0.1311206989582976,0.906,-0.009177811415032544,0.36370837815285917,274.29117399728307,215.20126151007466,166.46613292561835,117,1
0.13126688209878948,0.893,0.029601972555210673,0.3910432611947545,350.8392649318131,213.2929934449044,102.83784127472168,118,1
0.13157158686700987,0.947,0.01729401333759586,0.3810785186680059,352.90288327523706,234.58027149511634,130.67892352945236,119,1
0.13007552230879663,0.982,0.03150657452492364,0.33731892153093623,364.2722878476145,230.20285909879024,87.77026671467647,120,1
0.1314073816464352,0.977,0.015800184204640643,0.35844899852391876,391.11540585583356,218.0878384796792,96.62308425519232,121,1
0.1320159175638846,1.037,-0.01264707555005131,0.5771875224766361,344.0268198012552,151.84070536283383,141.5638207118816,122,1
0.13170248175783125,0.918,0.0328035573470892,0.32352034628205617,390.9605192968838,228.93931002581763,103.22182697344148,123,1
0.13164580182699284,1.023,0.03246820584744267,0.4961574317580575,241.5364010210661,206.36737747585747,202.79067655577626,124,1
0.13243482126980663,0.879,0.007115768631074566,0.3968354134493892,338.6066781613637,219.15809284859813,131.31152217807207,125,1
0.13105923282915105,0.9550000000000001,0.036835861670619745,0.3526197365148036,268.95100386203296,206.12922256318473,190.46164847084313,126,1
0.1311515516194433,1.004,0.0576960266002534,0.361732368240713,337.0363377833887,230.69822210685552,96.1907931234946,127,1
0.1315588919116288,0.886,0.0290784666601123,0.3591131328733894,290.9191276443834,202.8360443803129,180.87363057623944,128,1
0.13122185114816054,0.923,0.029403516424044904,0.323320453323491,331.25047680813776,211.7851524744291,124.13929974320001,129,1
0.13130441505929075,1.013,0.012463350546502123,0.439918718279241,341.6571843878461,208.92907413591496,125.30910439592661,130,1
0.1320446995738446,1.126,0.012591955999954463,0.41033488295527665,258.56046340647737,200.82467668608328,176.92104386029098,131,1
0.13240821223764315,0.923,-0.03372644909326595,0.3008038872733043,376.53866885008284,218.3227861532594,138.36587153215098,132,1
0.13105680368075373,0.9620000000000001,0.041689820006654034,0.3851687999089566,280.8758689244696,214.19398356201208,167.2734056643037,133,1
0.13197216836384956,1.033,0.05999591154321252,0.43077156924137583,365.52066880010295,223.496179677953,104.65029954490838,134,1
0.1311453189318413,0.903,0.028902209213842976,0.4444633656359964,381.8336100035802,235.22183102030965,105.82459636626233,135,1
0.13064395963630743,1.101,0.04641865448768721,0.4486978661913663,326.2104908787065,238.48857977749088,113.51028797083818,136,1
0.1314503444894925,0.827,0.04513449540183245,0.2247634743760516,354.6351628397861,209.6622290381815,120.93151402491146,137,1
0.13252688461774226,0.886,-0.0002941347832549473,0.3359848860780832,276.2002934723934,223.70550408519395,140.82456373470472,138,1
0.13102146286188668,0.972,0.02540461744185819,0.3447671974839195,351.2321925160964,215.5504720562304,107.67801332951365,139,1
0.13247163150764346,1.1059999999999999,0.01928799448542487,0.3891117215164046,344.48402745133575,177.3985419845317,128.01571610164422,140,1
0.13137128770920609,0.8839999999999999,0.004957577503706151,0.24139969009973994,223.25038702061403,204.60900580191884,203.7544089079144,141,1
0.1322755249543661,0.967,-0.00839093014824098,0.27826169548939994,274.1846920976572,209.4129835295492,206.6170272127202,142,1
0.13277282661120132,1.133,0.01084486295989037,0.5270806498485898,266.63541341444835,204.53110561049584,173.08317495896017,143,1
0.13146043398348037,0.893,0.04621931831301578,0.3310711516563245,315.30725149313787,209.09327895482926,143.22208883203083,144,1
0.1318881482263593,1.189,0.001487353839800902,0.43303269553421897,307.8014427152045,219.11096025652643,162.9546265336096,145,1
0.13123154836817774,0.991,-0.013188950334649284,0.3075432566096996,277.0969337151434,203.4923236820597,154.03222893350505,146,1
0.13194649054517327,0.845,0.017178398821431618,0.2896534897387477,365.954761600592,221.06632332691385,95.28848107012425,147,1
0.13172439841833355,0.913,0.04045273398521134,0.37969812678059167,273.28467060467455,209.58307483409695,164.97743175963487,148,1
0.13129268353567916,0.917,0.035013797175516094,0.3266235023719961,267.8716084461196,200.38502957316317,179.06664024831213,149,1
0.13245778384811185,0.996,0.04671277543843412,0.38543499237641266,354.63428485677935,222.31824545880568,122.22996334795496,150,1
0.13172241079580715,0.9179999999999999,-0.003933902989684572,0.29573866868576415,329.28640439399646,219.3093426486209,103.63865244108042,151,1
0.13261918927981114,0.884,0.02233651857223162,0.29475379662660695,347.3975630371402,229.97085464291044,111.34005827157682,152,1
0.1319310264947299,0.903,0.005709002459307256,0.34706976184786464,247.91727076557945,196.0680972083525,171.8220644494705,153,1
0.1316244120208852,0.8839999999999999,-0.027502196154153228,0.3536408930688335,360.52026618842297,216.61212802903944,119.92621967144397,154,1
0.13096528065227106,1.058,0.03254700114675821,0.43131819961820117,280.6037098668855,209.4488482885648,141.29486378641613,155,1
0.1597282069568686,0.97,-0.009751092314616582,0.31836301932847855,346.1615537885973,179.78968261047518,159.44507678419185,156,1
0.15827011560047433,1.1960000000000002,0.011529030806518448,0.2976803853656471,323.103745070917,173.11548538406566,116.83714043143543,157,1
0.16012325955948162,1.246,-0.0015431054817060307,0.40821513231956086,308.4628279199746,154.88714319881225,124.77705904602094,158,1
0.1574515829598499,1.104,0.030406007386817008,0.28569004153899824,341.4518999335404,158.0294585328712,150.5186937028435,159,1
0.15691063153611517,1.018,-0.028852429462810136,0.20556653221388466,233.44048408319492,198.85316553732045,191.09904367187733,160,1
0.15897591654403387,1.206,-0.03804582194405567,0.600573765702539,306.2350123214091,166.38630252815926,117.74275128141224,161,1
0.15922521438668052,1.143,0.02567315710196125,0.3476179609365211,344.12830828479525,163.20680510407524,136.0712036022043,162,1
0.15912873789673998,1.29,-0.011881726326572856,0.5721512939157423,322.10180197818244,151.3062695906728,140.38132525795294,163,1
0.15921917090842302,1.162,0.014787503921287927,0.3499055794302395,315.3907218995541,158.4923672999125,127.6454388889334,164,1
0.15888927714788725,1.169,0.009041868496000046,0.35549067363527875,255.5632421190861,204.0340445753671,164.877673771594,165,1
0.15867118583676038,1.02,0.03962615616852421,0.2919647682586053,236.64948146354,193.85655020579645,186.0975814422126,166,1
0.15990195970891039,1.045,0.00783439994203366,0.3249390856772516,241.64175088097156,224.56320958452534,220.5735762122512,167,1
0.15843341726125246,1.145,0.010809023091827205,0.42878314107884785,274.6228097118086,176.23365820179967,128.41242357665993,168,1
0.15771475546630656,1.223,0.007407661276796629,0.3188457456820415,276.56667402887643,186.6498065645446,161.68802377182647,169,1
0.15966228136850882,1.0739999999999998,0.0031044822948420574,0.31032526864426613,315.9253607423144,184.36516055761237,143.29427555611872,170,1
0.1584664672422351,1.111,-0.00889422391811523,0.24787596077044682,296.94021790070667,182.6575830275409,127.79699387252484,171,1
0.1571911851891571,1.2309999999999999,-0.017452419491309906,0.40867866582069956,318.17658053915744,173.46194954124928,103.43200367001353,172,1
0.15923251458534426,1.191,0.026845848963055183,0.5182119634353506,340.39636399471465,158.58964753242472,140.82258005535857,173,1
0.15822341829721748,1.091,-0.017953584597943557,0.3737960647825789,306.5090695427155,151.73586250174353,150.1997330509372,174,1
0.15925843884013455,1.097,0.019816706679011982,0.3716612917172122,352.1663089023076,147.94567916702042,130.09295833221503,175,1
0.15914762395630513,1.142,0.04767075705784973,0.4624552979002585,352.78809935711763,143.74538561674856,140.31324026731255,176,1
0.15886009208552623,1.155,-0.0016587649181014652,0.3172951377791664,327.7256199749204,143.72376771493805,137.35173392844283,177,1
0.1587414633839112,1.13,-0.015509652749772385,0.4384425953810904,348.92837753879945,160.50631456611217,135.34543591283477,178,1
0.1590617908874174,1.126,-0.00510748172626779,0.5087748179137321,335.73877507789234,150.08721966839042,148.8486791147534,179,1
0.160211231416137,1.1300000000000001,-0.021106624613836153,0.4505907475667632,350.2126783129761,146.92962206022634,144.46452284069238,180,1
0.15896338866401558,1.054,0.03729962220855033,0.41351564237900895,355.5003795849397,150.44151384730932,106.14592025559665,181,1
0.16043104459037652,1.24,-0.012848416118906443,0.5101929391617501,325.29938840447033,155.21508905825513,153.37602200438295,182,1
0.15871370586590025,1.226,0.007657986324154042,0.6251198038649499,334.6228346893645,158.903645132924,145.4245445331088,183,1
0.15792778184139658,1.062,-0.00319774239295526,0.326121800605661,367.7101301713616,145.4936291443733,138.09731594216268,184,1
0.1590156920936775,1.206,-0.016467073897859064,0.39787612469204703,282.6611205263335,183.21688709312025,141.42382180532115,185,1
0.15932835239515009,1.33,-0.02717471197479289,0.5269561021068223,341.20370006528157,152.3639468128421,141.80147232021076,186,1
0.1601265858198698,1.076,0.021477068233596627,0.2995877562486893,374.02474988533794,172.41840244624976,166.93179961013868,187,1
0.15920877498807384,1.233,-0.005410772956824526,0.45938636447018366,324.65734173030984,157.56907921832584,127.16857676942504,188,1
0.15832267797548183,1.001,-0.01324436883793667,0.22850498976823452,337.3722704718672,187.90624502778513,127.67378065243521,189,1
0.15779419680369072,1.081,-0.0017387884686056153,0.33931745730826135,355.47088271071465,153.53229476042407,142.34898834123024,190,1
0.1601840917872894,1.1789999999999998,0.0050665578366077876,0.47200482133262867,217.3852078053337,199.34230057334912,192.35857741671202,191,1
0.1589728033258067,1.179,0.045555603102084105,0.4688763783141634,257.4349387114543,226.14972166426256,135.83519177579095,192,1
0.1589146717593773,1.177,0.005616957912501209,0.4527235133307759,358.97823431243876,152.388274171748,128.16182214173355,193,1
0.15897174857723345,1.101,-0.006698867036435661,0.42748000922835283,217.84932890674423,207.79043050752125,200.52242369193354,194,1
0.15793064343174704,1.094,0.016429677521629243,0.3587439437000528,314.72068133358243,140.94446140700344,133.4188388959566,195,1
0.15975372495412665,1.162,-0.0024263916757979046,0.3155672780571348,351.8120226113507,193.65364329553927,178.4638111071748,196,1
0.16030051977652787,1.065,0.026370047861535344,0.41449956220561823,302.25091724442973,226.75888495308027,132.09385826466624,197,1
0.15881199884316835,1.184,0.014612732870066798,0.38525065088648125,265.6905503138218,176.5726482955512,110.86003898441751,198,1
0.15962953372452535,1.0110000000000001,9.823452920559133e-05,0.32364707939579285,342.73180770905043,222.36039589998552,126.42622277306337,199,1
0.15969096666369195,1.142,-0.02491489877234037,0.3692581427775603,313.44564455310814,233.35092217880194,182.1394633232744,200,1
0.15769799001473514,1.072,0.02852419830545975,0.3413179421977772,268.611796993583,199.50652068819855,159.09451797754497,201,1
0.15916048799089552,1.159,0.02598788705010184,0.4193651616652341,375.8649552642323,151.2204408125613,150.76349079589153,202,1
0.15862881016405092,1.111,0.013083496617686655,0.39880487353475047,290.9148271170058,183.26693815424267,146.3385446681722,203,1
0.15990703338556397,1.1400000000000001,0.020821719346298687,0.37085472701514366,219.97619408178466,203.513895629662,170.90610616663636,204,1
0.15939992161154165,1.128,0.006575514498433559,0.31889175734794195,346.85636890696264,140.74883286703562,134.81682603881816,205,1
0.1595023579677292,1.04,-0.014750815462961236,0.2698731155992595,244.85772249487036,213.36771741584042,199.59607396877533,206,1
0.15894547404913148,1.082,-0.0051939508944142745,0.34480039479944846,280.4677626107601,173.17325467964696,106.4423073768521,207,1
0.15926483861279417,1.22,0.016947500899390983,0.3457604856707599,362.1951720324155,167.18620813186482,113.69869969348765,208,1
0.15934106961120775,1.172,0.025112792789748525,0.4973831998987137,330.95268246334626,151.49881634379463,127.92030984815314,209,1
0.15871427347743097,0.986,0.029934831673950685,0.4476548154855302,284.75519300454135,185.86177401261938,118.8369916347559,210,1
0.15866066076200963,1.06,0.02415390963424283,0.3172163082117616,344.0299345386316,167.4783911000413,138.48062203150593,211,1
0.1597859469043664,1.133,0.03595813032495673,0.35197102747289755,332.81917276713983,155.30482598046106,133.98904237959007,212,1
0.15883409881780935,1.123,0.024855471783192053,0.4015001976195931,307.9479015607048,197.7811563453282,114.72063818886772,213,1
0.16034276532659067,1.342,0.012330900753497251,0.48274890722787545,350.2067065158164,178.22801457522377,148.35541311139684,214,1
0.15927245015666158,1.145,0.026593491602123286,0.4115468790727492,265.7791332800499,187.94644265536968,172.92446232063529,215,1
0.1574832853233955,0.94,0.023947190402239395,0.25135117594229506,297.2327810774724,174.4943178061269,162.4758466622805,216,1
0.15710905721623752,1.05,0.006690525222687995,0.32046873299237566,292.7192863362133,190.53064730162995,135.57770321644185,217,1
0.15929782797655115,1.084,0.0148447360405449,0.4253890457780094,328.92758111636226,149.16363143689216,145.69075170006272,218,1
0.15901353940118002,1.118,0.008406249390603152,0.3876293189593838,334.1842218755605,186.96124712845793,129.3418939827378,219,1
0.15867032418616833,0.999,0.004520783537543866,0.3665618074846506,257.4298222957297,207.52506789488598,129.12305806950252,220,1
0.15945289824212197,1.155,-0.02815024956157335,0.28686971751434553,344.8224385829057,154.9677609911987,128.81843448099823,221,1
0.15911687031226057,1.123,-0.035020105508236025,0.3650974250949073,353.3677698435788,168.39472147109316,139.61097902846507,222,1
0.15882008895066416,1.07,-0.0023585256475040744,0.418937603935007,337.03081080653465,139.14867872577523,135.76839651367882,223,1
0.15916292384888198,1.014,-0.03700231828840607,0.3499832092801727,290.0636999172922,201.69463189077698,153.64993460529678,224,1
0.15921972322445443,1.015,-0.02058657796818647,0.3505333766499623,324.7476634703571,171.75090813952758,137.54578091837598,225,1
0.15882250558799907,1.123,-0.01343079040735774,0.3371289996496727,219.70364759495783,208.98471236166276,201.5832908282207,226,1
0.15975964612895835,1.093,-0.018408981123948544,0.4522298486583409,360.55901287041223,188.10110044872218,140.15062828086184,227,1
0.15949422776829966,0.9,0.027943661234019975,0.28859413918380383,338.72472368163494,149.9618457817381,143.56803819784622,228,1
0.15897171417646325,1.082,0.015083172185133505,0.3346216328880707,287.2065364452785,183.07233617616458,130.99450183916457,229,1
0.16148095832742554,1.025,0.03853139581938084,0.337357397476719,286.2579142433471,187.14900497264125,175.15135085118266,230,1
0.15792867243212005,0.962,0.03876618555116186,0.2618659938532759,298.5822035364156,166.97637119869327,143.28716463686132,231,1
0.15943032863134918,1.07,0.0317846428787738,0.4143230181539912,324.1133041955822,167.179056946584,106.72772668759609,232,1
0.1595290095337287,1.01,0.027467323573819293,0.395451879032092,244.39821745207877,202.65199922101255,196.47306844489788,233,1
0.15934462072595007,1.089,0.026466939246685084,0.4576254433851399,248.45380938470046,194.95371198419508,137.69548379180534,234,1
0.158710010957485,1.084,0.014695508560324831,0.3452973882289223,323.01639538325736,172.7534825478583,125.98418792839465,235,1
0.16081096982972937,1.2719999999999998,0.0067015209642969425,0.532923388443681,341.3936070185291,151.75819504322502,151.13128499365956,236,1
0.16006530527608098,1.284,-0.025098701454188563,0.5048977609768386,312.6828737539036,152.33906814601852,134.52520716440355,237,1
0.15982834923974884,1.1159999999999999,0.0034336252444510038,0.44466588936651474,263.1817437867882,180.95703824196488,125.27596734902127,238,1
0.1597421536854393,1.194,0.04604566665189813,0.3717946122297615,309.65915806403484,184.5691243498768,153.8554217769515,239,1
0.16095947862665816,1.403,0.035160876231158586,0.5466226663082288,317.77991593595914,164.82421238870668,123.25903807995138,240,1
0.16075120573881982,1.206,0.004243530832148251,0.46467410067968196,318.66327444728813,175.4463501784165,110.09104807350275,241,1
0.16086056489360787,1.111,0.009216355508637402,0.31842160239523665,323.3379194672219,198.61270147208228,127.09962312309743,242,1
0.16052024596677633,1.033,-0.019108754333677123,0.35705105089431566,299.44290032318446,167.93100824146626,110.96998518851439,243,1
0.15963094629072358,1.04,-0.031494432338000165,0.389964124726097,267.71298696941057,169.6881999323004,128.0570551701621,244,1
0.16097339284218679,1.191,-0.01112587288821403,0.40822805761659,259.88363533017366,207.04719428492896,202.1440942701982,245,1
0.16122985778389692,1.435,-0.012749759338863575,0.5558052431316276,334.4964070800734,170.3878158874732,136.3756124609418,246,1
0.1592494122217371,1.145,-0.013720787544056832,0.39475507286813905,340.1502521401228,153.23562450956524,127.33064189979822,247,1
0.15889382448961792,1.065,-0.0274123381408542,0.3997822328351548,347.7147914698658,153.2022443115897,146.88576237761876,248,1
0.1588215991035126,0.913,0.008861602826892724,0.23339158584721664,283.0444504525801,179.121346084063,115.66549713352717,249,1
0.16006681649294927,1.262,-0.029670300045781875,0.5493602685105259,232.7806686781568,198.21267046403807,175.4216671582976,250,1
0.16021758627308014,1.006,0.022713797853862155,0.38616843970776005,231.80765857781387,217.0028507110284,187.25815961129666,251,1
0.16004463748069828,1.091,0.010965760780635948,0.38617327693309367,274.75632596745584,197.29484948105977,145.60555463916904,252,1
0.15987431617572676,1.133,0.036258946829183264,0.3372306298452967,338.36348875792845,154.1317303519284,153.62832580267806,253,1
0.15946763346537401,1.057,0.023481581032946425,0.3899520422182565,288.7722369298022,182.5626217103072,136.4537201336884,254,1
0.1585373933118777,1.191,-0.02332620961234538,0.31398826454103945,340.0255665607634,151.83322257983684,144.44359874629575,255,1
0.15918350689436234,1.177,-0.03641376162133292,0.43051380817292983,307.30931340346666,161.77371698911062,123.397156124733,256,1
0.15984137186647343,1.001,-0.01878220454658836,0.32340263734730135,313.32281204837295,178.30374746578937,119.04018779057351,257,1
0.16046852330801906,1.187,0.006878455259587432,0.5113770733218601,303.0955774673446,187.25043318453515,110.55716270620319,258,1
0.15978868369662477,1.5510000000000002,-0.008167324770288958,0.7291780120543159,333.91924525769446,181.9010986235378,136.6916843149779,259,1
0.15939596767709888,1.091,0.0040687861310446235,0.3429627310540524,316.5587057843503,170.8124394332183,129.29436900814648,260,1
0.16011855806470013,0.976,-0.014093796306363713,0.32222471675179154,306.3334777137286,156.13796856459345,111.3714808107725,261,1
0.16168515427004462,1.4729999999999999,0.04050706860808889,1.026751771154772,328.75520838426877,169.8493285100247,141.94435650224605,262,1
0.1600445886661843,1.225,0.007728391556247412,0.5099026415529986,343.9321339500254,160.85857867071635,138.35665776775804,263,1
0.16096195854800405,1.21,-0.009667600384163911,0.47014821887077973,267.60166224098646,187.00971553865446,150.3358989169999,264,1
0.16002038261284873,1.077,-0.017594847760025203,0.36178455389106157,341.18391602859987,148.22261030596357,143.82935985729065,265,1
0.15994905606820373,1.103,-0.023136367755501704,0.46900577322044423,294.0376397020679,178.58080643613422,139.0734678799644,266,1
0.16129162768152674,1.333,0.00048200114223195513,0.5035184831592598,308.06266910095945,163.38837339726342,144.31881374377727,267,1
0.15817612717167928,1.154,-0.0038197370106445596,0.36798710519453026,268.9731777716305,207.86037892711806,156.76296067011606,268,1
0.15988798660849649,1.255,0.021780813105597614,0.393048303012137,232.11427425796268,204.4891167968631,180.79259642336822,269,1
0.15980420866617334,1.1720000000000002,0.03259493923383202,0.5859704916097428,309.5649656080902,156.60683598556912,132.32461676520015,270,1
0.15906283675062585,1.123,-0.034455311484465886,0.39268555506414504,254.79735591135514,211.29241071243626,191.35892947942992,271,1
0.1594750874451085,1.12,0.033131988257779056,0.42522846477708587,258.722776247624,194.51850163581267,163.17817272807736,272,1
0.1608855911432096,1.236,0.05423348415812893,0.4156790522838323,272.29980899360265,206.57185051349666,125.6098501200178,273,1
0.16081935104916634,1.3279999999999998,0.010343291506777751,0.5285679291327421,350.318354816444,156.11456082756942,131.5360798809817,274,1
0.1606366876219634,1.169,-0.012414394696153776,0.5230591158133704,269.750590509895,207.71736045704765,156.95335268230272,275,1
0.1610248118740168,1.184,-0.001064537425187011,0.4989126335065044,251.12443189310181,191.84547396653176,130.22959395415208,276,1
0.1605911336501217,1.053,0.007896583256644437,0.42546077069427923,340.89421231683866,184.40115976153194,118.20208823660668,277,1
0.16009086302418427,1.172,0.027074800497569215,0.405311154854473,310.0950832583876,183.61227076772218,133.93406418202062,278,1
0.15960785532193816,1.018,0.032608497268326805,0.312047235769477,332.088518152805,148.18265735952247,145.23002472507628,279,1
0.15974077251690275,1.126,0.004242436737110151,0.4248856985702618,332.95852411844146,198.5266865977284,145.88847980678838,280,1
0.1608319045266575,1.079,0.04427600507625275,0.38145839960943073,214.94678060218087,188.1969523871818,184.19004399239543,281,1
0.16026139018364263,1.187,0.020320082306657647,0.5024094565615451,346.6522193337408,170.0205407501272,118.38530216270256,282,1
0.15902324632296297,1.062,-0.01057113015389847,0.4902133546436498,341.42391833010146,141.6287076573144,130.26466507935177,283,1
0.15959195802547899,1.3719999999999999,0.003009404717977863,0.4741905534842852,312.8611399528984,158.11758640991448,155.82810395196321,284,1
0.1617922292307425,1.274,-0.037464615885801585,0.5639539956205417,336.72495919971357,185.36591608907798,111.78079391052538,285,1
0.1602778401250661,1.279,0.03637241069137881,0.5195334863177381,330.2405085322265,163.93244308682358,134.5106071980466,286,1
0.15998280898247122,1.155,-0.0028378225474091786,0.4799721603218243,312.8097606453373,158.43952163725507,123.86642153478704,287,1
0.1605312440687657,1.198,0.03293052230897246,0.3085907618786399,334.2003458476224,163.2456647022352,138.22121865242735,288,1
0.1601855197339069,1.113,0.005941262965700896,0.4467572491066436,325.09084798913426,182.15943008997908,138.5843082361043,289,1
0.1599121858325199,1.1360000000000001,-0.02419035649982127,0.5818434030347293,310.59921770180836,147.0174002587951,120.39804897952446,290,1
0.16081430144978168,1.1640000000000001,-0.014495179533811688,0.3819333389496187,353.80420846953297,146.60802616934475,145.0093767394103,291,1
0.1603049803304626,1.179,0.005367459433211444,0.48383225891127823,330.4574156550923,179.5974245682261,132.94713151934604,292,1
0.16033692415674838,1.15,-0.011251143053672436,0.4398315137457858,313.02619876925496,175.69671082290557,168.30884982630417,293,1
0.16019702453517007,1.2349999999999999,0.00988831813403014,0.5330673693031187,330.051240443424,169.90874730481997,144.83986662347326,294,1
0.16057778367313144,1.142,-0.030966807189066557,0.45114655297537043,332.4418616031811,157.02934972200316,136.15406682361393,295,1
0.1591140854465751,1.096,0.0075337442245839575,0.5917862135573082,230.97214475071857,188.93847602839188,165.9346177702224,296,1
0.16044217632330776,1.252,-0.04151662105005009,0.4416725280327549,302.9573951644327,174.00856577014483,113.13736361108225,297,1
0.16064869323066014,1.021,0.030881402967642427,0.34708358301745923,307.66714418429433,166.05987014757548,116.00918532138704,298,1
0.16130539064995433,1.001,-0.020836093363686727,0.34941721505764,328.5416853198054,180.1119066416663,132.6349010660647,299,1
0.16235729791881853,1.092,0.022284829732996392,0.42205786471671924,309.3302258164658,163.57364838001416,135.93592011478768,300,1
0.1599868219670764,1.2229999999999999,0.02407928428873346,0.3576303105411571,289.11995480259543,190.42188314429555,119.05820051604435,301,1
0.1615565725157812,0.945,0.0032628380674803842,0.25518322353446665,367.5020969678145,152.5052534249443,145.5889933524469,302,1
0.16057699823848137,1.3130000000000002,-0.0017251115333562367,0.46524100120131395,289.14023574126793,168.03268569483882,116.5024161672531,303,1
0.16037984452932358,1.516,0.038640749405187906,0.7830991893873178,229.29248724899628,186.83986825066475,164.30881419205295,304,1
0.15884957553133208,1.14,0.004655679190282982,0.3611557483757388,333.0217492759846,148.65013749495606,147.38790917399743,305,1
0.15938119549845153,1.233,0.02916483245981531,0.5195562062569876,337.682391950795,152.53218417663868,131.60973224913272,306,1
0.16042842406521007,1.194,0.010747487677290545,0.43267689940160325,264.8835982568994,169.52962097584748,124.13199394257006,307,1
0.15944280405108244,1.2309999999999999,-0.032670562375265444,0.46076314475360514,268.0293675058153,185.59374698849135,183.67613344936174,308,1
0.16062162843008176,1.25,0.03437026591156702,0.45266988596383717,346.97302045466034,168.4461464066492,144.33163853039446,309,1
0.1590280366950373,1.0619999999999998,-0.000844109210047552,0.3111751390054085,229.46855468287953,209.9476150495475,158.52008443737373,310,1
0.1584589277608219,1.108,0.03636440064127514,0.28205067346580615,327.6295139206498,147.20923464540363,129.91856153587355,311,1
0.1601515697486876,1.048,-0.015076905718910584,0.27176439074343994,302.674528058051,178.76447693079555,119.56197577733123,312,1
0.15865930295467234,1.335,-0.053032814333415695,0.5063582394839621,310.90317134037196,193.77660484423498,121.90085476942399,313,1
0.16040341674514177,1.162,0.04520321889834358,0.4721749146271881,215.54390152696976,176.43796031323618,170.4498936427073,314,1
0.16008058822531387,1.083,0.014035217535509372,0.4101833018934564,323.9101384099358,171.54093782097323,141.45637078837953,315,1
0.1601075979456374,1.016,0.022322749133601744,0.389161992530473,292.1283739528467,140.84172822542513,115.95937414766817,316,1
0.15943109827651647,1.162,-0.009648309256102439,0.3624170282059902,332.72029780826915,135.19459244903308,133.83910779468263,317,1
0.16021580036172112,1.201,-0.02540699736014656,0.45199875506976506,232.11033311456646,166.24964896713814,149.6385312417721,318,1
0.15952063750205644,1.1480000000000001,0.009200897092489908,0.45107984747981833,257.58217855852115,155.4582954722884,144.20628510312994,319,1
0.15971871285584582,1.318,-0.0056165628502987675,0.6118702564561214,328.69975002728876,155.5723869646251,115.83463948723544,320,1
0.15959377478215983,1.194,-0.011057774592182566,0.4708626771574287,317.7143141993969,119.52218609422405,100.15739028083543,321,1
0.159098471497411,1.3530000000000002,-0.000595629551869839,0.40757484485684037,299.5537818914049,154.41840349079155,130.5204436471696,322,1
0.15969282617096095,1.12,0.03381557271236875,0.392946131212208,228.58829886257877,207.93760840360426,191.3954322732753,323,1
0.162211312528163,1.419,-0.0026117128423807975,0.5910543982018797,304.17037669459626,164.5992504661273,113.63881389720557,324,1
0.16013591944130617,1.101,0.024506159614926686,0.38268248131734994,282.24774150569107,160.79945600427868,118.80121503439796,325,1
0.15950796705097328,1.262,0.016897740908428657,0.48900299466554564,334.13811354102074,144.83817021048742,99.9296121309924,326,1
0.16155260774236788,1.221,0.0017431485443208522,0.45288755014318527,302.1603369688411,141.15831735878277,127.69483757105772,327,1
0.15983410222594863,1.018,0.0034535789984086267,0.25193075827202005,329.4399020129055,154.37891512539213,147.60361084437818,328,1
0.16091869762738495,1.099,-0.012984519872875754,0.5359737198514996,347.19732404726204,138.69504057675118,128.49438535546057,329,1
0.16053356377298877,1.05,-0.01767341991832189,0.3247939296119049,267.42899593704277,144.88881496756557,141.744067093647,330,1
0.15996625254448202,1.123,0.016830624684791295,0.4478783780133986,323.6056188087561,146.94172133013856,105.97931184895131,331,1
0.16057128190391215,0.986,-0.02251224451691226,0.3195008309388423,341.12044577213146,140.0413502672662,117.96628557743342,332,1
0.15929670825150663,0.9990000000000001,0.008985630615410476,0.4229612460262122,278.39888185948007,138.994281604288,119.76380183595093,333,1
0.16021880013286713,1.162,-0.036519995334604746,0.42074618751462767,290.6234185083922,171.03095758999996,147.72553810563582,334,1
0.1598515687237304,1.101,0.026078568754184298,0.3738493729668044,334.2553572156059,125.43063504607898,121.40669030752565,335,1
0.1611718281931585,1.0550000000000002,-0.03213064416152098,0.32147016293069175,274.0782242889801,186.62004554040195,138.08412108607263,336,1
0.15990289167374366,1.308,0.0023338089811842573,0.5799510433572141,318.39682727428027,196.17024599308144,127.44265353822163,337,1
0.15899162145647605,1.026,-0.052182578811921655,0.2663304027165929,286.664996011642,156.40327769085704,125.79356047911045,338,1
0.16010546649128077,1.2229999999999999,-0.015133981277948093,0.5227893857288217,279.45725602922926,142.8275902212016,127.43231603335013,339,1
0.15895156663936777,1.094,-0.00047675402511119245,0.3095243301452588,334.51679292448557,131.6829712716467,124.20935240736398,340,1
0.1600616885473379,1.662,0.000946704276210774,0.8280533062172171,314.4005838490962,133.67646684587302,122.02056870333747,341,1
0.16128381791697208,1.162,0.015149353519040334,0.42644750243329055,309.8310195824499,146.1170257922162,112.47523389326153,342,1
0.16062694870534838,1.255,0.015893317411352186,0.6406455650868192,309.7693546564982,145.53459111855298,102.81901137838302,343,1
0.1594167292183838,1.238,-0.006600763533140735,0.5382347478540339,297.85956799135465,123.28094416170418,113.54251488661278,344,1
0.16034611322196315,1.0739999999999998,0.012280207252904796,0.43500178617081975,333.0416449101541,174.67318666861067,152.93977951420243,345,1
0.16014880440009924,1.187,0.030505742705741447,0.4490006495401935,317.68226562302124,170.1027277794546,127.2667897790979,346,1
0.16012893806754802,1.021,0.0071040670632995994,0.3084701694885772,288.75877883226997,145.3390820632939,129.3981625822453,347,1
0.16071849905191374,1.213,-0.014862809086902039,0.4524854541717449,321.043663683706,154.74047768843963,150.54408209081723,348,1
0.16042482754539195,1.203,0.018697801549105286,0.5559611555234563,294.4736634128608,132.6389486223608,119.45834991525605,349,1
0.16066933513868242,1.189,-0.02594647438772131,0.4463352803772249,203.6170747741905,185.11305318094062,183.31177685385308,350,1
0.16237342982424996,1.099,-0.014736422964344291,0.37775312708340714,309.550508752892,186.6901807308347,141.84924256002313,351,1
0.15979670907882262,1.208,-0.027518389825174256,0.5967471922627361,298.52121277748836,156.58315261220375,109.66816262453894,352,1
0.159304198887547,1.187,-0.0296972072946855,0.4783166616329879,314.3639515518248,138.27167865945893,134.01672385923018,353,1
0.16015544527236852,1.138,-0.02108808186548554,0.46933814683765096,293.89803625396337,179.7052701968308,155.4437639401984,354,1
0.15976691778205562,1.072,-0.0013834031743483579,0.419767064513044,249.47445232871308,146.4755107336409,131.14494501560745,355,1
0.15913163757145174,1.093,0.008734695078513705,0.3819648153083488,313.07908413689034,162.96592992242503,146.6121049570958,356,1
0.16179040305742606,1.228,-0.022955255632952587,0.5625614349599863,196.66828129492617,191.64723976379966,162.17077003551196,357,1
0.1598894106337643,1.346,-0.03196643582832316,0.6578106779926465,219.29861808180524,202.10059134615824,192.1827526990893,358,1
0.160286823449354,1.135,-0.025305828859447373,0.4831777056428517,321.99452220288055,158.75659920104206,108.71496478507211,359,1
0.161397656777542,1.279,-0.009603245924781824,0.5751147027942101,313.79682824939977,139.86300270435078,134.90671424133782,360,1
0.15879175493566056,1.3159999999999998,-0.015673070676157724,0.4794367577473202,326.01666175570153,143.6186035545073,132.65303397455193,361,1
0.1605431129425403,1.081,-0.0012046325585163824,0.39409802462523125,333.75740899804623,155.60630100088613,134.58922677274967,362,1
0.16271064352286546,1.365,0.011916981378598444,0.6394350757267993,301.99211113680246,137.99452157921544,132.47401942658323,363,1
0.15899800218010798,1.072,0.00738052554474215,0.4246786711331825,264.4763077895354,177.6738945395596,154.60528211787383,364,1
0.1606159712929415,1.213,0.019638862669171222,0.5656148960540559,304.6333076004731,128.16592953841902,119.10366310574118,365,1
0.1601733839920139,1.272,0.01245404902953639,0.4000436147161883,305.26366614021924,146.28285514259971,135.31427400130931,366,1
0.15923655475767412,1.077,3.9497384101065554e-05,0.3774521761495686,335.77034945732544,177.41005754989632,124.87835472723756,367,1
0.16033529214805806,1.157,0.021831845145045662,0.38538536139558,262.6961378245833,155.39058102300643,146.94558217097784,368,1
0.16028679481416078,1.348,0.022945126679983215,0.5621133351793812,297.46190191175236,138.08319047485168,98.71272142538379,369,1
0.16001221633050397,1.255,0.027852636826854175,0.5626167013832499,235.02423514959116,167.5757733422954,167.55693139153982,370,1
0.15905209491385008,1.267,0.010221057971390229,0.6497993049370336,292.84368306508287,124.05313506706011,117.83720241714255,371,1
0.16007136546245748,1.301,-0.028127307635678462,0.3552545178661286,297.1098431268295,143.56615760961432,132.32876603084688,372,1
0.1594907392246882,1.001,0.0004117098530766318,0.29542994147835344,224.13955885624088,201.75652386508398,186.44025534628574,373,1
0.1607977071873811,1.313,-0.018688071862871546,0.5046516328751132,255.72939605626468,184.85944542401703,133.14648875901895,374,1
0.15996906820758544,1.142,-0.012631823534567316,0.3501207321193589,336.34285365868914,173.3361716291531,155.456500675284,375,1
0.1604408765044483,1.221,-0.04336648865844579,0.6046323499362996,311.50171187410035,145.1033001584773,125.0166049672097,376,1
0.16058359844593018,1.25,0.022700409815471632,0.49692859584817795,242.61295043330162,177.63855220565608,161.15120724060515,377,1
0.15935795129401295,1.182,-0.04012802472267783,0.3871667746328846,327.1662321069288,150.64748789671344,121.84649781460031,378,1
0.16009395617788794,1.389,-0.04677018354303392,0.5501661325434761,305.87595286479547,130.06370712047806,127.37873895203386,379,1
0.159183890013543,1.24,0.007044677696755453,0.405892435202599,315.3642037436131,139.79143791626691,122.86965771349806,380,1
0.16039263987409538,1.0939999999999999,-0.02698241701789898,0.4325409113487835,341.37560550849264,151.82406021476848,135.51448312765928,381,1
0.1590075367035023,1.1640000000000001,-0.0009179628558077653,0.5042454327284256,294.2940215299345,179.11528598927782,103.8112832422606,382,1
0.16087578838069255,1.125,-0.0008653097180791048,0.42943490297999176,303.62941428558247,157.4601671768899,128.13778126247826,383,1
0.1592075555743292,0.969,-0.01106065026441389,0.3456002397301341,281.0285348589246,171.8050219199454,163.89369218243883,384,1
0.15911036976144893,1.125,0.04827704198085133,0.39960228808017106,278.23866715617606,146.02870798725414,107.66726921769565,385,1
0.15869221758446442,1.084,-0.005786148859367273,0.3593846772024043,310.3883677506145,150.9044538099204,129.72786029340742,386,1
0.1604315253197022,1.1400000000000001,0.0019332451569134157,0.4717619866312197,338.6115656685924,145.22798554222416,130.82319169360335,387,1
0.15935953386966295,1.077,-0.015615320666714056,0.39928393445147803,295.86297598715726,162.62542069188422,109.79839662740426,388,1
0.15957230984827067,1.301,0.013589281933593761,0.478229240432285,310.88006765719194,128.0868040137079,114.36616439465806,389,1
0.16074367044425303,1.185,0.03456215332469814,0.43749089916743555,263.7596219270138,171.15463376966207,169.1594220945225,390,1
0.1591501344115145,1.3090000000000002,-0.003460033610005261,0.4549166059190215,285.6434841538371,170.16633389557094,144.2549869249637,391,1
0.15912457991647222,1.042,0.018036049410223423,0.3902547981392339,305.7885128734059,126.69535531027171,107.53295249649555,392,1
0.15898822093014076,1.2690000000000001,-0.0005322192697294679,0.7528127559195092,326.70435279152434,131.005751205554,119.27048082882973,393,1
0.1593398596370055,1.084,-0.004801652305680576,0.42052547005175667,284.04094848028717,166.62909096207227,150.5036832911825,394,1
0.1601867178336347,1.179,0.060255386109665125,0.45166122709308,313.9025909288592,143.15105293029444,119.27135174529072,395,1
0.16100967768613708,1.096,0.02794325340957401,0.3174377894846834,307.90052457329085,156.7579187422632,127.59873954507977,396,1
0.15900082761921006,1.013,-0.012172349976212072,0.377540675397515,287.1729403616052,152.44476906838807,131.31097517228878,397,1
0.16025420495287518,1.336,-0.018654913275687513,0.47250655950420706,320.64688540397844,159.294748657495,142.68261599735618,398,1
0.16036232808715162,1.265,-0.018090988525561427,0.5245414947741787,307.50328327826304,159.981126530715,122.01262769013124,399,1
0.15956739413640988,1.0819999999999999,-0.015568057603944278,0.3975036428129983,256.55103110248245,163.48795725791385,121.12062433883999,400,1
0.15947761387157722,1.145,0.0066586364740431545,0.3318151693546558,299.700607054319,154.90335150334897,108.80385662897935,401,1
0.16000491325464042,1.157,-0.01556367834516216,0.45343538931651883,293.96402807236075,148.6941615206599,96.01390290307256,402,1
0.15743926951045084,1.308,-0.0038328031636496234,0.41558741902927654,300.29952648760553,125.74668637869458,123.69727425104182,403,1
0.15875731959011372,1.06,0.009012411903337248,0.4269734118766868,350.99945988726216,125.37944471562572,117.59541763063096,404,1
0.16040212726656908,1.05,0.042243661199031786,0.3843284650518126,287.2507186083731,152.3427819675397,104.17823010748711,405,1
0.15828510915828437,1.101,0.008600510798964033,0.3732444870529803,189.18334034990352,179.47841883855511,164.73717065625462,406,1
0.1588768510784178,1.103,-0.004001706933503393,0.4377735411866266,303.58112653489013,120.18392177398938,103.26149468304257,407,1
0.1600014311154259,1.1380000000000001,0.0059953208726887496,0.41223494976109,324.5601939889101,139.60657476413797,118.9588432939626,408,1
0.15815017910325183,1.113,0.01999164918618533,0.3298200203170576,291.9285169558877,145.1980944354574,111.6503394920673,409,1
0.15846326667327548,1.142,0.002326830512026648,0.4704779222255677,347.13762389750957,131.19356271884405,125.78540231202396,410,1
0.15909953139048486,1.099,0.006830717238332165,0.44412370881662255,295.5917122000499,148.01158141270434,100.30869378230908,411,1
0.1587712636472868,1.611,-0.0760191193634037,0.8375378649300522,298.79301445972874,121.66696220786686,121.24183846350668,412,1
0.16002736429816855,1.223,0.016254207121675593,0.3696052016622864,319.99629391253325,148.40492644824187,110.12213622474049,413,1
0.1596953821745971,1.1989999999999998,0.0032686983819626885,0.4352509128709099,294.7695573653469,161.3933388128574,140.4680749400469,414,1
0.15821541418318333,0.967,0.02407254263138901,0.2896469647102742,308.17408491254855,126.7207928958619,112.18300934852692,415,1
0.1614034512402558,1.782,-0.0063759628725929465,1.1338328899511936,293.8570940531444,165.45106197556575,137.48628256572442,416,1
0.15896452210197526,1.2469999999999999,-0.01195577895308404,0.3747174603709076,290.45015623237714,149.63087445153428,116.9364206651694,417,1
0.15887115271207197,0.972,-0.04824938865440902,0.32281438601698564,263.35346194809165,177.71655346545512,162.05086022597067,418,1
0.15757692240493015,1.302,0.0460510038884148,0.4598628888806018,332.8777783861737,128.86464337003363,107.50904575658878,419,1
0.15948744914740745,1.01,-0.00639971300643742,0.3631847639345773,282.267231603212,141.2513172001564,117.75532667586701,420,1
0.1579548745142501,1.05,-0.05101187097063369,0.3387739677241477,310.1039499777191,152.72963430042478,141.83565920450695,421,1
0.15778629098577251,1.226,0.00044051610308705436,0.48370189774553785,311.7327406711495,147.7609638903835,139.08894816170562,422,1
0.1585111412007548,1.26,-0.010962132857105504,0.31727345785992256,286.2494029260272,143.45000951130984,139.68886453597375,423,1
0.15847988292214135,1.0230000000000001,0.01174407841815271,0.32866749469022594,276.9632262742996,151.3200624307323,119.71094796460478,424,1
0.15843838895830495,1.131,-0.030556213778020393,0.36456296049657677,319.6328997855292,132.3708996256808,125.21244239834884,425,1
0.15844017872488972,1.175,0.007218202601762252,0.35068099351005166,315.5223964657938,140.27830312391433,120.48252089388711,426,1
0.15916192266667656,1.1280000000000001,0.03272067783533878,0.5562916152282025,319.97312049729265,162.12756294268777,154.16229824922036,427,1
0.15876590102451155,1.072,0.0008453914543758017,0.3545074346294026,281.96705716669936,141.19088318807167,132.05981603074065,428,1
0.1590435812668575,1.123,-0.0004708735089848131,0.38717614690804814,261.4962142403538,182.12555740058633,127.64569909280684,429,1
0.15653030139211466,1.015,0.025203559129956175,0.26284266495511055,334.35871136455154,128.88477580376636,124.36332919060318,430,1
0.15934499518414244,1.033,-0.01783771480365504,0.45829100561529357,294.5727184815265,144.6773512244363,137.83737656167537,431,1
0.15812174388322398,1.34,-0.034971310154706246,0.6110518487392089,299.54656836566295,126.7470815057025,100.67425910737101,432,1
0.15823180203052775,1.24,0.029979484986748926,0.39768436647266814,303.45622360901956,120.91544460133467,117.62103142576665,433,1
0.15861676403215155,1.184,-0.028761993207984088,0.5577473371965365,257.96933310186216,152.74141114527006,118.71708392749215,434,1
0.15880215232793407,1.149,-0.011650623670380299,0.4120022173895861,308.86910686745307,111.83170540615734,109.39821917366258,435,1
0.15940341045794787,1.104,0.015239716012933118,0.4394787931330142,330.61495638596335,125.71794231401441,116.59496627707176,436,1
0.15781877957803375,1.1669999999999998,-0.046149134674776916,0.39793332550835636,212.71892951017037,167.0394992693706,145.47928656355296,437,1
0.15807723339795013,1.123,-0.030462323169741398,0.39094862722446555,283.514949020379,142.04445027536482,124.43727290938688,438,1
0.16003508877328082,1.108,0.0023781180959492314,0.2661122486241365,295.80637481974446,150.6232517668207,113.07573693357995,439,1
0.16052778247179678,1.238,-0.052209108224522606,0.5169797895628356,307.3948281352015,129.97851031603753,123.77974432082733,440,1
0.1586335972108762,1.148,-0.0195856383199455,0.3696903430932963,231.2780472304343,180.36595436329756,158.1083945659629,441,1
0.1583067534056211,1.362,-0.015126780139812175,0.60053502719059,291.61333314711896,140.30950621795026,127.19793095581954,442,1
0.1573119993411779,1.028,-0.013668104138509793,0.29700190360422907,252.05505245572476,147.62383403245454,124.09283650243705,443,1
0.1583537403412945,1.092,-0.02363806140345961,0.3279530463811162,305.9206346510607,121.79675106951967,118.36800355629674,444,1
0.15877681998469778,1.077,0.021995384976321013,0.44527806506789336,340.1183623495179,176.32364057345418,139.7865891104903,445,1
0.158734966069625,1.177,-0.04218126918451679,0.4852444062877783,260.9524652549165,152.8536998596783,105.06053392629835,446,1
0.15994462909082005,1.367,-0.021459647804876678,0.49706956538929115,308.6732676941619,127.231584491793,121.91554029445228,447,1
0.15905503558738127,1.377,0.0038998669636021365,0.42715585423133895,243.04920933605283,176.7274734356098,170.02356489598426,448,1
0.15889571775568326,1.448,-0.03030835206229369,0.7185560598430123,228.97098254932988,156.25996185341015,135.2892560965178,449,1
0.16040119865901875,1.1989999999999998,2.4344075841748554e-05,0.43733395989010093,344.14302197404174,137.86545875010157,112.51251981136055,450,1
0.15918954589871,1.157,-0.00024884165473175235,0.5456359448580188,315.1360510617817,127.76794607719805,121.2625453600008,451,1
0.15947165619902293,1.394,0.020443491186622524,0.6430601263732973,292.61887895065615,133.25533925730426,129.6782084546056,452,1
0.1596448505912812,1.116,-0.01420812675750109,0.3720637262852682,284.8599791802332,147.31198107564506,106.94654633404312,453,1
0.15927389853914978,1.702,0.019497075796164682,0.6721729806069114,235.94362888490946,197.17542090346808,169.05575102242165,454,1
0.15981375604463388,1.135,-0.00606882638435957,0.555292722497279,295.48606386018406,142.80889838964546,124.99046749850348,455,1
0.15924747149557628,1.123,0.011622810369203535,0.467500163684504,279.3883953126223,148.4886970564094,118.60671135975547,456,1
0.1579110209179326,1.372,0.008338031240999601,0.5151301768254779,293.6329559722203,166.62626744373196,164.3862335876079,457,1
0.15781704247794145,1.3159999999999998,0.008173368877056199,0.3840370125270818,273.8861924645032,151.6541808820134,102.92003485215469,458,1
0.15817335769333712,1.184,0.03432323239345086,0.5953054832255598,285.3757089698836,148.68999273233666,119.05379789059654,459,1
0.15711265909048952,1.133,-0.007170174331020892,0.40993822578213646,338.36501251788684,137.1578461653583,128.23745171875288,460,1
0.15813766207332025,0.97,-0.01871606816389669,0.3389564081450276,299.85293955214206,140.996844475636,116.42322303843531,461,1
0.15874899021578454,1.084,0.05967443921906175,0.498826345085829,304.4350504822142,134.3990242036357,123.28908503975248,462,1
0.15960436650854434,1.1400000000000001,-0.000205180929768056,0.4617167143980194,252.8826741475477,182.88562850012957,155.25069415505507,463,1
0.15919355296207038,1.184,-0.006512488050142474,0.5233716726887931,249.34426883082898,191.80299620372668,138.41792773651918,464,1
0.15935089048646112,1.174,-0.009569578827703002,0.37332470294072584,282.1139844042278,158.21027300280528,107.13179142623866,465,1
0.15955305357246183,1.228,-0.019052039990016575,0.4254951562471052,341.53679887220363,130.67903006758223,124.06721822228178,466,1
0.1582292415171537,0.983,0.0393002395803017,0.34560441348973514,290.40430175154904,143.17549117139544,118.84577974795147,467,1
0.16029416577055486,1.123,0.002469925537980847,0.49413819068415776,323.2591348912811,134.73300423297357,134.42175009971407,468,1
0.1570121928734756,1.2530000000000001,-0.028177407331517072,0.39885314867107713,331.7245876514838,160.6067607266213,95.0702513903812,469,1
0.15932640466242953,1.1179999999999999,0.02793399719578211,0.42015259927691506,254.0880767028068,161.81646030457244,158.46158949024502,470,1
0.16047365224985144,1.1280000000000001,0.038192513221608576,0.4155966894308709,330.032570038476,127.63813331405383,113.6186884689592,471,1
0.15851710447806375,1.1669999999999998,0.010916822137657801,0.44514669059092116,287.51827642017156,158.672320502083,99.94051755114279,472,1
0.1586135220125774,1.004,-0.008520041046544875,0.30378029794933603,283.6198475671981,142.9706228682939,130.38609577249213,473,1
0.15884222760803998,1.182,0.016210230219917066,0.33030968169535146,318.3842833999735,154.13637268767968,134.1016604191872,474,1
0.15699382249863966,0.9670000000000001,-0.017575103624791213,0.2988416580307982,293.4620452417812,147.03329517362593,134.5165580622043,475,1
0.15851340976150488,1.206,-0.020447408460622613,0.42987099838955567,236.16054942036908,165.9958342421211,115.1895956349556,476,1
0.15962387767567468,1.233,-0.015665614330406186,0.3427891670853356,310.5197877285611,126.23058551667364,126.21142737160932,477,1
0.15962884013098166,1.157,-0.0765307595008568,0.48072675349772886,280.5858804540419,162.3482355020823,150.37448502386454,478,1
0.15890146102665717,1.065,-0.003316819428851659,0.3215127015742847,267.76817944474607,159.60891863508817,115.72703071944224,479,1
0.15914459095450945,1.162,0.014851685010935204,0.4962861079101062,232.89218173568023,183.6613264990125,176.68271482223707,480,1
0.15689592894505341,1.077,0.002536885831184382,0.41933337791650516,214.54349945720364,201.98681763784728,184.97005410431245,481,1
0.1596276922920468,1.043,-0.0010201125909732977,0.40938323000729104,200.28639206864557,188.5257627996896,183.24082514803993,482,1
0.15884125652798967,1.1400000000000001,0.00963429735456586,0.41633717710019047,228.41369854404107,186.43920470410032,153.60456761411345,483,1
0.15959214343473724,1.1640000000000001,-0.017340811967742804,0.4757430409168766,259.2624140297997,156.47543146172936,154.92970979302535,484,1
0.1574933054442811,0.989,0.003474792769615839,0.24497900014649687,253.19546072400783,157.6987342586807,125.42633100900201,485,1
0.1591295370769126,1.255,0.02380517891944773,0.5416878064709167,285.4963652273124,155.92185143935762,116.73856647809008,486,1
0.15948213632454458,1.189,0.03568349525995022,0.47308909744608973,287.9415151255222,159.48856061837958,134.6449834544209,487,1
0.1586857805637449,1.346,-0.01785143326314293,0.5389302596377776,252.6384712036215,151.48083281565235,130.68468733114503,488,1
0.16033767696426462,1.108,0.032401242401790424,0.47053077140095523,292.3654868029326,128.1261008317275,118.82878845750425,489,1
0.15869386879820097,1.1909999999999998,-0.027080726602991607,0.4109709293878865,234.3449121207213,194.75043308201376,165.039340723815,490,1
0.15959607124560196,1.2770000000000001,-0.01760115909065049,0.5747161346231175,295.139603451755,170.7478967095994,116.45926810167433,491,1
0.15968909536262763,1.115,-0.025955650934926088,0.5017236860316303,232.56782054464182,182.94959896708212,118.27370478209407,492,1
0.15772368772610498,1.275,0.02779593596685322,0.45108891679264973,323.6102479052888,165.72725588229673,125.46649075824408,493,1
0.15823143728140948,1.235,0.029663819336992227,0.5403924841149097,303.9362078391288,149.9322802135747,120.50886781313606,494,1
0.15949449258222836,1.4569999999999999,-0.006585734631992207,0.712068375487243,311.4737057190782,121.01628934489483,116.78018250884597,495,1
0.15877608960690326,1.228,0.03321481475999764,0.5059494919296328,304.14060708847614,167.89312042286716,129.43468632166926,496,1
0.15918504504020822,1.243,-0.022961040528061277,0.47102820684488833,239.71408790002124,177.6175370096756,169.83157729275257,497,1
0.16023386335852005,1.319,-0.01798010988586333,0.5511814188150166,258.9584752232743,200.2209699381074,131.61474036669838,498,1
0.15860021646299657,1.169,-0.021973047849262507,0.45427447742389804,197.79111847493434,193.41896814482638,172.53091101580242,499,1
0.1584070871944734,1.687,0.022354559240525932,0.704020286403956,295.01111882622644,163.84218664497828,142.08180516145882,500,1
0.16031084687865987,1.331,0.03204604507519884,0.5017053233948952,228.970197038907,173.38387707987022,162.39894930735886,501,1
0.15936688153342118,1.145,-0.03088767409493133,0.4648612741051834,271.22461857229325,210.75993087603243,109.87010196763705,502,1
0.15929074350632202,1.142,0.01036297974805488,0.48871684021181716,251.67370383188393,175.63259183778337,173.79233129890298,503,1
0.15964632602744888,1.4260000000000002,0.03832554980774148,0.6397369865810068,265.181927572632,191.63371663977873,157.48559045898406,504,1
0.15897974056513065,1.06,0.023144752172600508,0.37100471019088044,303.20894654031264,171.92323481951416,169.9968424100037,505,1
0.159151348129157,1.218,-0.008960778827288449,0.47419343332505415,282.00040873254983,198.50557175463226,142.16759646436037,506,1
0.1601307429383389,1.091,0.04374448574137367,0.41780650144138365,260.23094880256497,158.79619899741573,156.45724082335687,507,1
0.1601447709300869,1.172,-0.0038739959410122363,0.4599036723814254,274.42682588769503,162.5852015426386,129.70287621220217,508,1
0.1577042130027861,1.082,0.04697263779146661,0.5046075189123265,263.1870209896953,180.15173739418498,176.69261937764304,509,1
0.15923431259811358,1.167,-0.0555328975585977,0.4724526748669766,298.8711767789107,127.67919266487641,121.01821114043881,510,1
0.1587890587715252,1.416,-0.018102563369975105,0.5101063483501043,318.6979438209342,125.16768915734977,116.94713834459499,511,1
0.15931394541321547,1.3479999999999999,0.0004244617745738666,0.7670145337893932,352.86091299690673,157.26323057549632,139.95132469065837,512,1
0.15761752544108754,1.194,0.015205255612211109,0.4021500474575759,288.7863633559837,146.03921469614698,114.7424412572689,513,1
0.15844886362108282,1.053,0.008696402162680845,0.4757040350688593,326.1011883531181,150.62720788295974,122.5672400614353,514,1
0.15795079290245942,1.199,-0.04101569995813017,0.6715069383757255,293.2842681568382,138.42721462874312,135.94350155986584,515,1
0.15849657768140846,1.548,-0.009362296185166768,0.8060411746781293,309.7586152520068,152.40677572159572,142.79610077049364,516,1
0.15798571960040012,1.1720000000000002,-0.030417461939447124,0.41562621494075325,321.084738793499,141.257558021011,117.65566376365548,517,1
0.15816408854809616,1.2309999999999999,0.03433241545537593,0.4958707456889977,279.53732255674316,165.57623977696167,114.20374720794821,518,1
0.15732645821070593,1.164,0.01743530445188217,0.3855851790506053,300.8022305625086,142.0557713298112,133.9761081442751,519,1
0.1581576789663266,1.616,0.02583956251580736,0.9443296506214907,328.11800850180254,126.84501071915014,110.40512615076054,520,1
0.15919507352787923,1.104,0.011490978454822736,0.41801581371565977,285.28033872931616,152.60591529069188,148.9778321709154,521,1
0.15844598411702487,1.2040000000000002,0.018222082875336103,0.5632060611346814,330.79195864160454,123.15716883471782,116.98290470548648,522,1
0.15654362239609323,1.004,0.006222652095302671,0.34183433735734425,333.7554327112071,152.4097203506082,129.03309846677917,523,1
0.15735082981216883,1.201,-0.011829302295433518,0.5114894456141084,280.3163828754822,159.33116293953415,134.22492661135666,524,1
0.1577852058698985,1.379,-0.005525060306397315,0.5297148267903626,243.67144783898718,156.8178244450333,154.30093611970278,525,1
0.15915611025543638,1.201,0.0008672863937571402,0.46224050148248397,321.7325867053637,126.70005662903257,120.51372379102015,526,1
0.1575378535240618,0.9319999999999999,0.020838335481866074,0.2772918202304,268.1895333799525,178.88990734319984,128.32077721064482,527,1
0.16016202138991353,1.2570000000000001,0.02045051716433043,0.5215137983741238,309.02557882949696,134.10662676792577,116.08573715652783,528,1
0.15832983906848744,1.191,0.014627414902514898,0.4294521812034815,300.9835512588301,145.46824111297644,134.80490639610818,529,1
0.1569900550754032,1.116,0.023032280262308334,0.3671696581514645,303.69881712576563,135.61523564652418,132.38758488954852,530,1
0.15710308789011557,1.138,0.03511789201416503,0.48477692983256704,263.15138566623494,171.80929415185452,124.71328404548431,531,1
0.15794853712794993,1.126,-0.0007252401498578286,0.5390904654587088,325.37885723131495,143.27488067698621,122.94956612978866,532,1
0.15720953156983278,1.316,0.0417775194399273,0.7100202323093661,302.4069289611593,127.59233268665561,121.71208188058402,533,1
0.15775154051595264,1.03,-0.005007996426687338,0.30224031947278274,344.7465450155225,146.24585763515805,133.81912877823217,534,1
0.15861998705386643,1.1139999999999999,0.01649574536355005,0.43625872560766643,310.9653933397785,159.7659830935323,129.446836148968,535,1
0.15773989310555883,1.275,0.0043083056993704315,0.5893331195955636,287.20333784293706,159.12807462717328,127.40445982788383,536,1
0.15739109112782163,1.153,-0.0018767189015622306,0.4295801544176303,261.0073623226345,172.468937875489,150.69294010408586,537,1
0.15808836068843352,1.24,-0.03027294726993063,0.549697093311269,303.8008871137277,140.99835257032305,140.10136630773252,538,1
0.156818464974732,1.279,0.0040729801446301615,0.5102861055561765,288.6625017434553,130.36127825280164,112.88996168248744,539,1
0.1594693407972105,1.275,0.006710254908356763,0.4379030502767769,324.79376734504103,132.0862024084366,112.00220444096769,540,1
0.1593517415626905,1.5110000000000001,-0.01735260876990044,0.6619922202847439,289.35620912488235,159.55321972887987,141.82219020769926,541,1
0.15833986790928953,1.126,0.028448129944002348,0.48395266742771037,284.27499910648766,130.9944537893414,109.10849425214677,542,1
0.1594679646144681,1.1640000000000001,-0.005187853063350161,0.42866924029735065,275.02783769492663,148.73050647260018,108.70556592870658,543,1
0.16035302835048634,1.223,0.02391715214646159,0.5306994025980427,267.01308673627454,181.22576504052512,172.17915713396525,544,1
0.1564244908506677,1.214,-0.012799342968633361,0.46192062939994205,294.2316508788764,130.44226111697122,119.69732258959198,545,1
0.15927052197416156,1.174,0.03077908628827307,0.5070681189916688,264.8145750878976,160.66822506548579,142.99753289159307,546,1
0.15824334812737786,1.1400000000000001,-0.024678202445774403,0.4879949044841454,310.2208932039309,140.86469514826024,102.28820479787831,547,1
0.15859603431236663,1.206,0.021633213970057935,0.6977093133104657,311.6761600726222,135.6632231310758,114.74361356481894,548,1
0.15832121688151513,1.07,0.024386554266757357,0.38359944025578097,328.00100520106395,151.86898420531867,126.7692909964876,549,1
0.15695411351729524,1.103,0.02444197903209925,0.4645281210996113,303.1128338807371,131.89298888013994,130.59437691918313,550,1
0.1588943573474999,1.472,-0.02465045543166481,0.7771973272497674,278.52219229135574,155.00330958893204,122.74084176435613,551,1
0.16026240232086955,1.189,-0.013530379375745546,0.522790422575802,337.528413509867,133.53380150444636,126.13976504252469,552,1
0.1597430667142748,1.416,0.013965654012317525,0.617738975007232,256.97553236304105,167.80886420799382,148.77811641393473,553,1
0.1590646877919287,1.147,0.006706805976864294,0.502174156273671,288.58221417788104,146.3313745373005,104.88133430843521,554,1
0.1596367788821705,1.197,0.016295492968231032,0.47875125947436636,291.12214569381837,164.70380502334316,127.89519891574257,555,1
0.1580621994238937,1.294,0.008508207481668808,0.49502698361838116,324.0712051227282,111.8724164598888,101.56129234776257,556,1
0.1575013912078934,1.167,0.08620176310690786,0.48113625380247216,282.7609754710829,156.2240244056169,126.8706080768557,557,1
0.15898543411809382,1.213,0.028131094002109426,0.5100844737810375,274.83317538040853,165.06808251649818,135.00222206333575,558,1
0.1563946994049131,1.2200000000000002,0.041470532959909115,0.4579298531857594,206.94371175317474,190.35177396527178,172.65617161638124,559,1
0.15817937877340593,1.182,-0.004975053950648263,0.4097150201185018,193.30282359219302,174.54789026660364,149.4900602882296,560,1
0.15945823133053527,1.167,0.022416820301967715,0.5061606514384178,298.34630372557564,143.15375054756217,101.11831551951744,561,1
0.15865548413617594,1.17,0.02042678259483911,0.526716097517876,283.1400906084626,161.19559634116058,116.63944800668821,562,1
0.1575385096769993,1.143,-0.009083879652409529,0.44892634919323005,209.83129971308153,178.35152658756425,174.3952862133768,563,1
0.15899386765272386,1.153,-0.012310025411069342,0.6432171586366975,264.8766510718776,185.22665033314024,144.15646624323776,564,1
0.1571740479457606,1.111,0.02744139232217637,0.37869556770572155,313.0089266032279,143.5228441307675,105.15940195841509,565,1
0.15609550737248976,1.365,-0.02940303305589754,0.5890368601202223,204.52563622283944,186.06142657366365,169.70635935136835,566,1
0.15983477583556793,1.059,0.008193028194262701,0.3184795887530645,311.9287506784823,153.50809972150665,152.44933691544867,567,1
0.15790757191956076,1.377,-0.032985279348060136,0.5440147178874257,295.3112740589115,159.74410931525554,130.56977001380608,568,1
0.1573075729574569,1.4060000000000001,-0.010385245742463464,0.5925299923764928,247.26093507742175,185.86780069305632,147.79460314781295,569,1
0.15840085375006663,1.472,0.03439400237145333,0.6829732664897334,241.9279640195684,199.2023422611725,155.70334307053255,570,1
0.15820388348583608,1.155,-0.010256752345461624,0.5063146282525239,249.16305268760996,183.74729214130204,157.91140027339088,571,1
0.15826906357331808,1.177,-0.04779180443715992,0.47980500629833367,322.2962900644395,125.11088622356665,120.21104766352681,572,1
0.1598210698413522,1.065,-0.019852822245782796,0.41139809322851617,231.4480281263978,174.98985516106276,146.86278553233683,573,1
0.15809467115886014,1.079,0.04685823455466197,0.40725896735369815,218.27725871107626,185.3845327242645,157.28892162929526,574,1
0.1598222810606753,1.601,0.017459367741689876,0.8500738963716432,318.6775524066137,110.90100196028963,108.00067782001884,575,1
0.15896383328596714,1.3039999999999998,0.008959452482216489,0.5667821892760858,276.799126221974,186.48855786714847,161.83434815805046,576,1
0.1588019555420662,1.08,-0.02888299481010588,0.43347764421236556,332.4992978213665,131.20534681599608,118.73830010290085,577,1
0.15860776846910746,1.358,-0.0028722635816966864,0.5587948541412429,328.0744641281848,136.73616250163303,132.35292413588402,578,1
0.16022965299600056,1.154,-0.005480028215621872,0.3300876453640287,288.07347562075086,155.14198375730282,131.39206087036436,579,1
0.15668333644622798,1.201,0.006687967524933754,0.5346317915129402,259.5431580625576,176.6816407083472,158.19932258239368,580,1
0.15763401323605972,1.1840000000000002,0.01849461588176947,0.4776006458869899,298.0580636874184,147.27395608414096,102.6317706450525,581,1
0.1591233903897872,1.082,0.03478916783139811,0.37171547526338555,277.78934615799017,132.69202863266702,125.31392820215838,582,1
0.15845011907340115,1.038,-0.0035003096571589692,0.35276395134934013,336.30748166534755,137.29605933930588,126.4325271297961,583,1
0.15838919690216408,1.0550000000000002,0.04530762759369685,0.46266902921970754,202.7917487249733,200.43202474998145,182.0031159226705,584,1
0.15873232815640653,1.053,0.027372365415485003,0.3926230586127164,205.65144157461262,194.5753963720667,168.88624106811835,585,1
0.15846448411113886,1.194,0.01866229902286104,0.4113611608832306,338.404602049662,142.80779680294935,128.00100467159172,586,1
0.15708134897343,1.157,0.016662065659127003,0.41875680251964864,299.4407328604231,124.3662800513327,103.4602141468036,587,1
0.15642732781300955,1.182,0.00010657170514594055,0.4054015547808931,281.480218300471,145.85626720604503,106.03713287653868,588,1
0.15915716746373104,1.238,0.01460894536432655,0.5171070614909072,225.8236270068597,161.41084353359741,152.6319410420575,589,1
0.15789570254082083,1.286,0.01843403481580623,0.6814907684375444,264.6720277869089,162.868763316572,133.68615010561774,590,1
0.15834827692981263,1.308,-0.0225801300970473,0.5602539398791513,212.70989466541687,197.24619600461799,187.41122598163028,591,1
0.15698776372375134,1.301,0.04163398673993793,0.44582720266434483,190.62438490542345,174.95161459319493,173.4088649359783,592,1
0.15772676538727107,1.131,0.003582834543854549,0.49398552040264887,306.81279486290765,143.9637785514968,143.56419516815575,593,1
0.15926003942059666,1.154,0.013491975194336292,0.4854744302678342,345.1665688941495,143.44993840603274,134.22445836991042,594,1
0.15984282211974088,1.052,0.015776553003806083,0.40574019191495214,253.0123456562867,188.15334494859698,166.78103350383228,595,1
0.15960157347551238,1.2349999999999999,-0.03301094029593485,0.4984038225065155,215.02775535992183,176.52425978632158,173.3900981052429,596,1
0.15771448193650447,1.079,0.034706599124473776,0.4626181743796298,223.93182274431862,201.1898125007262,169.6074348504461,597,1
0.1577352881969603,1.111,-0.03714917072665015,0.43009639650085063,236.52782428881892,172.30851360244785,159.16064757378615,598,1
0.15768619837577139,1.104,-0.032778008613354365,0.4196629753220753,227.65316732171144,165.57411385893698,159.42056821239953,599,1
0.1583148523685278,1.013,-0.026673538897091082,0.3117048709240544,310.45081268964327,163.273532660003,142.64962631860698,600,1
0.15854269067233911,1.121,-0.020091235942092812,0.5132867506576813,269.5769639975544,164.3912085770846,156.75908773425013,601,1
0.15757354495698983,1.211,-0.001105749337756243,0.4949265084249346,188.68352669786012,182.08326113723632,177.41042860226472,602,1
0.15844794929792796,1.358,-0.012481988605809805,0.6536660666517506,267.04299635128746,172.35296744090232,136.88547694203515,603,1
0.15744276272714555,1.299,-0.03133095361075746,0.5144427534568665,236.085849385374,186.7435509558489,172.98748697068925,604,1
0.1585128451271773,1.448,-0.011930995091723476,0.7032918556665799,272.86158376633915,148.07546970658592,107.80091761083513,605,1
0.1583810618167068,1.187,-0.0017896066473993535,0.45614858457160157,255.45118333141906,166.45573391887768,130.0269991354515,606,1
0.15861800507257404,1.369,0.054826320777147684,0.4954632138239199,232.12665654358764,189.19575804344865,188.04996359626367,607,1
0.16019158695527677,1.067,0.0004713012433928106,0.4238751520377826,200.3241711646249,197.9459677157343,173.8284901195531,608,1
0.15779402026702802,1.1669999999999998,-0.03351504054580944,0.46391253875972627,243.42689753745387,162.67183611681548,149.1728213526216,609,1
0.15759446339442934,1.201,-0.024289102064364902,0.583802091224285,249.84231881510414,172.24348475544565,162.67138276053387,610,1
0.15621295592125595,1.167,-0.006481868773178166,0.4164638897307018,269.979280152691,176.29595006963785,127.25810530284255,611,1
0.1572615099747273,1.221,0.0171122993424579,0.5398678584614989,280.33330158598244,144.8842753372261,111.53443380474607,612,1
0.15961872586411774,1.016,0.011881149146858108,0.3179743679344247,281.38947625218424,154.08257013021793,148.6262823906855,613,1
0.1569894442174477,1.001,0.055698687920735006,0.40124197880517753,239.88786313496354,170.93264324126795,170.1883556076692,614,1
0.15866546023468492,1.367,-0.027924318529060223,0.7517679884136355,267.71035096905564,164.25226540570037,122.25027839450671,615,1
0.15840488877892153,1.0350000000000001,-0.03908820132439326,0.47911213386351914,332.03459879478487,193.60603670923655,102.79381641346002,616,1
0.1576649935632907,1.16,0.01475877025758058,0.42163971801602296,312.28360363028617,153.86330350098214,110.55222047267588,617,1
0.15705298916687324,1.0130000000000001,0.04582289662407177,0.3571513481046309,263.3929615902089,165.6746152367836,128.20500061764326,618,1
0.15774153726309695,1.059,0.043912657130558974,0.40589455968334676,238.03677002676878,183.75569129439685,168.3232774640286,619,1
0.15889164141306333,1.1720000000000002,-0.0020014381892257092,0.5992273595411719,309.21025832208016,154.78099361642546,118.11638481460183,620,1
0.1572002414691808,1.17,0.02046706188183283,0.5813428852339766,229.01223209670604,172.94709253560322,151.9236158089678,621,1
0.1572648571764664,1.086,0.038180668756861616,0.24246461673110709,337.9285087819068,124.72709593475159,124.26299909604771,622,1
0.15710369379956904,1.1989999999999998,-0.013176740213679412,0.4508667211491262,319.36575259971323,135.4647106194798,129.69322742463612,623,1
0.1580695317114236,1.27,0.020019654489745426,0.6183710370053501,281.1450523105682,143.53749815006285,124.97563335159522,624,1
0.15894303178659838,0.996,0.024762695877402697,0.4523681639343655,313.3903707569088,154.53761281853758,102.03516159173505,625,1
0.15722720547228777,1.211,0.013824795322799394,0.4922358253094856,322.36580478503026,129.95590668297714,109.13969788024922,626,1
0.15763786593754608,1.1280000000000001,-0.003818986862065536,0.31692672716567305,295.77511221623496,153.43250855526995,128.78057339611945,627,1
0.15782165366398357,1.1720000000000002,0.005360654886750691,0.34728478772349813,357.43659930562137,115.26585421148111,111.67130511691175,628,1
0.15829853295943513,1.142,-0.010193428287772597,0.4839250104185475,208.2862508765083,206.0520446683933,181.27666839440997,629,1
0.15714033291461368,1.301,-0.028787674199044766,0.4129119373837109,299.07263516404606,135.70201335940337,113.07752853779698,630,1
0.15877287867250225,1.1869999999999998,-0.0025101396727899923,0.39988365149380245,331.4477908611847,138.84502152713515,125.02822962228237,631,1
0.15890397060803738,1.2810000000000001,0.03251334629870816,0.6752668211344917,324.95287756270665,120.20379992699439,116.4918562872789,632,1
0.15737872113228768,1.02,-0.010288249260395385,0.2771989966862951,290.9337222754347,132.3611248690489,121.55635049872967,633,1
0.1598413976794165,1.262,0.021151527970582173,0.6141790352086138,347.2172840509878,160.7161929934128,153.3788199244151,634,1
0.15757365558237757,1.345,0.007925282284186716,0.5184081317176985,259.11447109179073,177.0717787310737,133.26706281851324,635,1
0.157931046594758,1.665,0.013403406089494065,0.7048538324474194,237.87598324536677,148.39231728429053,128.61872364251604,636,1
0.15955080377226247,1.226,0.030162316085527868,0.644463738589784,270.1306457570999,160.63725164214958,158.5721343189436,637,1
0.1598716781259172,1.517,0.04273009886151412,0.7039010625736792,254.73230942010113,146.4451882244064,133.69665183323167,638,1
0.15717038006297696,1.241,0.041716819767458724,0.40259874071240453,257.3832658189611,197.79673820278518,115.69237383483711,639,1
0.16044195735432643,1.2650000000000001,-0.00044761964698610825,0.575719272805955,231.37172398125855,187.82715280723602,184.96892150227072,640,1
0.15987984822716284,1.56,0.01450990876700898,0.799747788705552,212.133094806589,196.53475221883127,160.13363557108326,641,1
0.15661421582237114,1.174,0.00017533501417446248,0.4344534458916156,229.05512957776108,188.7938881032403,160.04956120156817,642,1
0.15933084008302506,1.289,-0.0394744414649197,0.5688656939015431,255.80807161264843,180.07515496720748,147.00084809678407,643,1
0.1582054651061496,1.084,0.007941634300592105,0.40515217278343796,280.9938980791333,158.14038297092972,155.55399364921948,644,1
0.1592350008573708,1.709,0.050870232888173626,0.8818821115913948,256.6201233656583,195.66063165183914,107.98048102190067,645,1
0.1578326122703852,1.3279999999999998,0.013572199631198767,0.7458312586421667,288.20148429191937,139.75601130206107,107.43728960933974,646,1
0.15976093559743806,1.189,-0.003023637863080147,0.5303090001950843,285.74974140002877,163.0696326583775,145.03841674306057,647,1
0.15722626711928775,0.974,-0.0038943428739193053,0.34570509635928204,214.13188276948262,189.95217953367788,154.30209487610853,648,1
0.15808247976975898,1.267,-0.007873405421372312,0.7383949784939103,240.149730058527,181.10420046291208,149.6808991960644,649,1
0.1582884296249255,1.252,-0.027010847276979336,0.6131734605019297,314.3330350459961,205.3895193089644,110.68067979808745,650,1
0.15740581633353007,1.025,0.03883641792509206,0.40412589550552047,217.78834678803744,182.85788877376282,181.20564585971698,651,1
0.1583938738938769,1.263,-0.016433256246711717,0.4935608017999833,212.74153410329927,190.4565604760111,168.01012739423211,652,1
0.1569328216086325,1.126,0.021869728685883882,0.469718217932817,286.302449235724,166.16362507267664,147.9662409361573,653,1
0.15756381054839735,1.2429999999999999,-0.019313485772828532,0.5086412082215066,309.37862643425785,143.85790248482084,113.23604970273834,654,1
0.15805173636245665,1.338,0.011453683153772263,0.5962284801976545,283.9534100846908,148.58776585348627,138.62082514182208,655,1
0.15790515859631732,0.9369999999999999,-0.009311589531587863,0.26490847101866155,326.37943295520046,181.395325518081,136.00401977349776,656,1
0.15756761244061032,1.8039999999999998,0.10102537647983986,1.3573334566050903,290.9425716518161,163.97764618548266,121.6429098931003,657,1
0.15749330792454524,1.04,0.03592434729385513,0.4516671505372911,211.13941479155181,177.42432382806194,143.23718474579385,658,1
0.15853516621173122,1.154,0.057486958443631136,0.512606298765049,325.6967743215151,129.11651948520233,128.04388137657747,659,1
0.1586038717521285,1.4309999999999998,-0.026434525954148868,0.6237543640137253,299.7879938419173,144.668582815578,123.51133853354676,660,1
0.15793338594018444,1.104,-0.03290149219957335,0.3335120373704177,246.96566082536705,159.1361072969619,135.25150668505682,661,1
0.15930334311292127,1.2850000000000001,-0.02756971782810523,0.6288748261950192,313.28545599563563,154.4896250643202,131.83685763750464,662,1
0.1587959592982552,1.062,0.053605712789672404,0.5161724714885119,341.1220701043283,151.3943653784661,136.08215136935036,663,1
0.15763302139334182,0.996,-0.022441627423120693,0.4699938958543859,212.03493638030503,161.2952713021512,137.80561470461967,664,1
0.15787813811335824,1.165,0.03881105751273599,0.4301083697600321,335.0084515460029,140.32306923832488,122.82458269870696,665,1
0.15699885564496363,1.248,-0.001445028807077555,0.5778855690789348,235.44125425759145,201.22478359985445,176.39885668655123,666,1
0.1578431623986786,1.213,-0.017162920375156012,0.6788460627385278,301.1409470222059,152.22151388912752,133.31330881874146,667,1
0.1595019959710536,1.172,-0.013007790067273711,0.46211344284688494,236.3321431515757,188.6179505042783,171.78767143445455,668,1
0.15763678785348811,1.3159999999999998,-0.03096715527601978,0.5635425763961712,315.7945291052013,115.6781372902669,110.89133995468313,669,1
0.15791776130612256,1.099,0.004123070814083152,0.4175403766041854,235.44957613727252,180.66128341740313,171.55873901893148,670,1
0.15911952609275953,1.416,0.007445941538074939,0.6437930046669988,320.29799843961024,140.9427436574525,114.55001446311122,671,1
0.15797134657237885,1.242,-3.700639333630733e-06,0.5729603213336869,285.0611915703969,155.94208114406007,108.73791774995347,672,1
0.15854385714581273,1.8530000000000002,0.10544686676217463,1.2510843997123748,215.61401938308848,173.3777293810825,151.48636656899507,673,1
0.15801536605091016,1.057,-0.011158650145238133,0.4462879916958542,256.65332255879946,171.88314236263574,164.5374559281877,674,1
0.15889932291932132,1.311,-0.023371305630711284,0.5491606144001078,263.62231656451536,167.90447295085025,126.54841295956301,675,1
0.15723292956828414,1.99,0.02131474094868403,1.2305705235845439,300.9466323675853,139.15715006416477,111.52710292629592,676,1
0.1594547576165807,1.2839999999999998,-0.016060853572132595,0.5711409943729859,304.79444396039935,157.56916601151906,132.38648509637136,677,1
0.15821598327375538,1.179,0.006206612340443241,0.5315612506786027,285.0988899839916,146.402027648376,118.36574812446638,678,1
0.16005322402714783,1.35,0.011981013337615734,0.5463277303325094,287.6211919904042,148.60449045524197,111.05379205553751,679,1
0.1575372729953534,1.133,-0.007375184112017287,0.441616547969633,340.8274933313145,119.48331152522906,118.1083129744316,680,1
0.15845129485680096,1.311,0.019714444610861675,0.7134456045638697,318.2392076834985,118.0011662645321,113.94817117501991,681,1
0.158711381406283,1.3210000000000002,0.016413600743702076,0.6478357601825975,302.3451356250097,140.0847129638452,123.49122614497472,682,1
0.15849212307295235,1.077,0.015906299047522884,0.41216102844930225,343.42905092519436,139.54673165534922,132.3604239658703,683,1
0.15783271807369742,0.998,0.01126594760014328,0.4017735756301528,312.9430231212059,145.8926900091037,110.23000398275573,684,1
0.15583088790416358,1.0030000000000001,0.012414749277355336,0.292972540742241,306.72023890089446,120.98509702446735,110.71562386004399,685,1
0.15744174672964362,1.1059999999999999,0.0019423031594975441,0.3029002260947746,346.97485876013144,131.54086749987286,110.0335602171436,686,1
0.1566481697060825,1.429,-0.015402087805586832,0.5663672449028998,303.4958824136245,135.97910318528594,108.37991762543871,687,1
0.15692509284886533,1.2029999999999998,0.010017215961471223,0.46910429722951497,310.237008141802,127.16974670182589,115.17198208106691,688,1
0.15806685504577644,1.377,-0.004303931679022535,0.6326439296599244,331.00147652341957,131.16837985179686,117.02922386374263,689,1
0.15782765861603204,1.153,-0.0023700385358838517,0.45600787532879616,294.8303058803509,132.52543123807612,109.83080404345334,690,1
0.15780484743203194,1.1179999999999999,0.00999660176843739,0.44951254021463516,316.0962205665485,147.0554237410501,139.38790666560726,691,1
0.15858431729953432,1.2189999999999999,0.04162776334327321,0.5441642227307306,318.0171376159162,150.38806838492113,110.37079192283458,692,1
0.15804207249870997,1.277,-0.05344477493613335,0.4806423233980115,294.2236842855568,124.08413313204373,114.92844276645837,693,1
0.1582577615530969,1.47,0.033940519210790256,0.763929609013176,330.9591516183333,140.49013888271836,113.52687007704029,694,1
0.15650129542195487,1.345,0.011463289776231006,0.5462473601153031,311.6711799185776,148.94216563792278,110.82535877183038,695,1
0.15681207076341214,1.301,0.013830096638022737,0.6122029321729943,298.2395328905536,135.07472118329426,124.45642187652135,696,1
0.15797516771088185,1.157,-0.023265201564994835,0.26590017620093054,309.3361543882739,132.501297622877,122.37662147005743,697,1
0.15784573721774212,1.245,0.03499884380100148,0.5201218534918128,249.30149765559844,173.13396965410118,163.77792342068392,698,1
0.1590396384295339,1.294,0.030062277853927392,0.554162471250609,299.7930976699997,122.48622566854804,111.07044439796981,699,1
0.1586388390338255,1.1059999999999999,0.029450109436638672,0.5405591534850926,294.9667696623135,168.69092363015986,123.09188887821512,700,1
0.15834884662214152,1.2349999999999999,0.011153453023797933,0.4561083368446659,292.78375150448613,157.0353127896327,115.53005128901624,701,1
0.15703486920580528,1.0110000000000001,-0.016553075904869683,0.431238700349045,297.37876768775254,139.65713755074196,99.90079693614118,702,1
0.15950849908170056,1.533,0.0949129009505813,0.8514381715467905,337.64412031809485,163.29871716418162,145.38652201109238,703,1
0.15974394152977678,1.387,0.01801496604487116,0.6484139192614107,294.71251593380873,173.73183645017068,130.90711085995574,704,1
0.15844058844992773,1.182,0.042129359769998216,0.6482945265043094,319.9882530506215,122.51551803547272,120.23320980249942,705,1
0.15777331691781726,1.245,0.04526582825697038,0.7286156329960751,314.1870048690526,146.46903193215465,105.3498511250721,706,1
0.156801969430194,1.181,0.011557634330635173,0.4671097112114353,276.16630992858705,139.28019541908432,135.57951592869162,707,1
0.1581655713144259,1.384,0.005845632458922825,0.6542390821914346,248.06157624871238,174.94049098200432,158.74919552287398,708,1
0.15882134254455932,1.167,0.002029714803691254,0.597169268107931,325.9455810620731,131.85249962051557,102.02482957401662,709,1
0.1591555047965079,1.179,0.01831187761239751,0.5802454100242098,297.5087171029221,147.17945697273052,112.044592056426,710,1
0.15884409366970495,1.934,-0.004625311379151315,1.1413371617089307,316.9523602602508,144.98820345577835,129.78610332702405,711,1
0.15767040261055654,1.104,-0.002299721631083336,0.4156981372997972,309.23298985318115,124.97594381829246,99.83612118825307,712,1
0.15704681887995217,1.2650000000000001,-0.028099370108746868,0.5852566530845822,293.93507432837487,151.67643151968431,113.35759318275537,713,1
0.15714778775810248,1.028,0.014794132145027986,0.3266703395752515,335.9305004031486,123.51665449154982,118.9031220999511,714,1
0.1584884896993706,1.263,0.05629547708121322,0.5824289104055209,285.5022105219143,168.35186162991238,106.67328652154433,715,1
0.15839259025119948,1.3399999999999999,0.021288756763405293,0.6614128881217707,302.0960602510584,143.00548195427294,131.146865813515,716,1
0.15897336909079496,1.126,0.01097837139374018,0.39370161339506904,299.5878993599528,154.03370035761458,151.8263632947258,717,1
0.15883630881522925,1.1300000000000001,0.02712319946457669,0.35784583664999925,230.33850675873208,194.07987435308274,180.18629369382617,718,1
0.16018334801242215,1.143,0.013498516238686285,0.5323504625215874,305.67091143708365,139.11375023722,109.80127403590126,719,1
0.15895581239127038,1.248,0.0027649169692945154,0.5793614585487847,279.97276580929775,131.38329854663985,130.60475872260815,720,1
0.15847000406228304,1.333,-0.0028230873443851464,0.5377178865409058,322.1041861172239,151.3561262141123,129.74732544225316,721,1
0.15825064795483462,1.333,-0.014310933540722484,0.5399865866937152,236.23164602210542,183.2165590865454,162.3890649466308,722,1
0.15829169434321838,1.2229999999999999,0.026501604445977395,0.3891568256998297,255.6795149800763,167.1270746105594,103.0477374973309,723,1
0.15997323308208275,1.2770000000000001,0.02984447457902745,0.70309599017973,238.09784983965594,180.70725285541474,179.25089927225753,724,1
0.1587064122616624,1.1280000000000001,0.037715601783574075,0.5153614248716001,262.0882295990816,160.72783717711133,158.44097309873212,725,1
0.1594187101518651,1.076,-0.0017908393307599197,0.4402864492763685,304.5726487422558,128.54986779127736,126.83273052309306,726,1
0.15779319328064542,1.528,0.05982874935838455,0.9674792260950245,278.2886736365172,167.74775067729814,100.90937791096337,727,1
0.16066493378228375,1.838,-0.001906363923078167,0.9159237690178736,277.6170518872158,171.35050990007656,160.55686095704664,728,1
0.1596625009480447,1.236,-0.006020891652307298,0.5932799306194005,208.72774301755945,194.0198506511578,172.6927884520655,729,1
0.1579020581276175,1.071,-0.010825882530428621,0.4712926724359465,211.56635590699932,178.25670567882375,176.51858511783058,730,1
0.15834832040843336,1.084,0.025673445319717787,0.3539991600223118,299.51796840703594,155.44055777450515,152.76814448454056,731,1
0.15895481159406988,1.071,0.006574341744180861,0.612353355107571,249.58626665883315,154.14940717071704,140.39750468784362,732,1
0.15697069043694112,1.021,-0.011870001149856885,0.383099277405329,209.73827381169502,174.48090307467368,171.49325949339655,733,1
0.15861646496812484,1.213,0.00912164534565121,0.49590032348800106,284.33297779040976,171.33672642665317,122.69072224982393,734,1
0.16151688064835512,1.5750000000000002,-0.06455898105999869,0.7532301765241924,255.64782149824066,172.343988567714,130.86417253287627,735,1
0.15776912058497458,1.133,-0.007916852122243896,0.6152497399650518,306.7388376174978,147.80759400478877,97.34798917274111,736,1
0.15728725261121568,1.653,-0.07734047777005938,0.9025843206452944,334.40787012345123,124.22715567875342,113.70769388147576,737,1
0.1581116056271151,1.077,0.024678947970935547,0.47851143374230665,277.101924002422,156.58514337177562,98.74453223722409,738,1
0.15924329269872328,1.165,-0.004584383235761033,0.5440082634813912,266.0804715178683,156.458330651238,138.14474624462417,739,1
0.16052612274637537,1.24,0.003029313191916284,0.6772655278511701,327.6550732726384,155.48976063102396,128.33085895120175,740,1
0.15819929162022384,1.079,0.02331313969918707,0.4489053888128334,199.92623222297993,190.10330195773642,188.24864127536938,741,1
0.15643055474245193,1.221,0.0672122946924342,0.5653492033838012,251.85155555646185,158.17418494046493,122.98377539117,742,1
0.15854843318072398,1.284,0.024594326215141005,0.5938407827925736,301.34352553652576,161.57677222034434,116.18695348002834,743,1
0.16183064803237404,1.3980000000000001,-0.028689567953137034,0.7462599083008796,319.36309088231883,121.22651323192562,120.43764324844251,744,1
0.15831053946057058,1.35,-0.013986477289574466,0.6161527261349291,196.32557641076616,152.80439381394856,143.8346755327451,745,1
0.15815745621699678,1.17,0.030186461135713535,0.5438548733188999,285.98350652385875,158.73065762775124,139.93825979096408,746,1
0.1614694805963731,1.15,-0.004016715688371235,0.6119839905975715,277.98867824759583,153.2560442500553,124.58831151313925,747,1
0.15893232010213304,1.211,-0.02002354765809313,0.5206053685463576,234.46655791281637,165.9615309873893,146.78822869221182,748,1
0.15905854796170968,1.423,-0.014144521731163344,0.7010940493766995,237.24033559669056,173.0429394840578,169.3468717049341,749,1
0.15837277092452634,1.108,0.016058480988420266,0.34955420359613676,236.0613066497197,179.20421462006638,171.64233345278632,750,1
0.15732505769678545,1.209,0.047597348825578804,0.6509694823216918,225.1215951915698,172.71503628804217,143.23476123564313,751,1
0.1574585486128016,1.267,0.0436502411691001,0.6201396830336758,301.06683644656664,133.74550156303025,108.14454365262927,752,1
0.16031214638118893,2.073,0.02974170611870734,1.8038570408803594,259.433482569638,163.69875206811125,157.6894555870083,753,1
0.15892033768674402,1.233,-0.039218021243110766,0.7020014243640751,262.6355043252851,182.01338109366984,148.9569259068213,754,1
0.15951728360754908,1.123,0.012804850178418392,0.49794515228956904,266.78368965316065,189.07770810523948,152.52003374569352,755,1
0.15924092905508974,1.2229999999999999,-0.05494882841235391,0.8049378324464231,299.1727246954388,150.98835810915148,108.60935212249505,756,1
0.15821530678408222,1.189,0.012378687732861486,0.5884427838140613,257.96836469636327,143.80563273504194,111.04068374568729,757,1
0.15970882058623712,1.692,-0.1207121426117317,1.2860709536394577,219.21468487641374,165.94339578097612,160.6122666997621,758,1
0.15780117115896392,1.13,0.01317073685368442,0.5608251255881229,290.03027807110067,162.19908979833022,129.0356007969949,759,1
0.15826920332982108,1.111,0.03396847243522193,0.5536150626790599,245.18534886592565,172.63130513057126,149.7762097594604,760,1
0.15762338281659505,1.338,0.05289363477791352,0.40089040224836037,273.41482524951886,164.0443258389977,96.38658313520041,761,1
0.15815923511557506,1.294,0.01240171336172414,0.7052174731421874,340.14836799092393,127.91860020564745,118.89765790781209,762,1
0.1591886849067601,1.1059999999999999,-0.010450247477663767,0.4176976894255797,204.74313097931022,178.21725052857886,156.60420823036273,763,1
0.1589887818799549,1.281,-0.01562675327406453,0.5527982978944039,290.629012925003,131.53606341658465,128.66879974655967,764,1
0.15803535425138066,1.223,0.01775773098670727,0.472615623511385,317.2433733475245,118.53164832261791,107.57051135220397,765,1
0.1572474477199968,1.142,0.014102855688307311,0.467618648767552,299.86794335495034,145.8235315580821,110.53091663753958,766,1
0.15771785605675923,1.209,0.00361159852537919,0.47345326720444314,284.33778908460937,134.11385154078732,104.1590230668529,767,1
0.15884087796193633,1.1400000000000001,-0.03879891561212101,0.49103539847631383,317.5282025198344,165.82597292596253,94.0314299853559,768,1
0.15797465447051348,1.336,-0.012938783163887182,0.6568190833901117,305.2432804057182,141.60596930766596,104.26452418538203,769,1
0.15774461906432816,1.077,0.0018168107925177449,0.33018263503147605,273.00199276703006,152.36596732697944,119.77781597838023,770,1
0.15882583818447174,1.1720000000000002,0.0021704291896929148,0.4355542611251835,266.58234456543187,171.84078166133324,144.3748729888686,771,1
0.15743566968095454,1.084,-0.005621600714211269,0.3674804748145597,271.2322496732444,144.01827112947353,134.04128355493486,772,1
0.15849957333095177,1.189,0.057486893088858175,0.5274430899872495,271.77625096857344,159.06397744094994,138.31659299585985,773,1
0.16013457307571227,1.2469999999999999,-0.002955476077326275,0.5303798845729131,328.1347094698754,143.0193438776986,104.83268664300746,774,1
0.1583962384634654,1.389,0.007065628224351882,0.8221005336772582,269.7491957084769,142.76708026559362,128.4428460112477,775,1
0.15772732788244878,1.2429999999999999,0.017703068734547363,0.4109428892745681,265.2715677693746,149.87892474711828,145.84264444479194,776,1
0.1589090552542456,1.125,-0.025511096204100043,0.4616611613010697,273.7952441949428,148.6536529093132,135.0060902275626,777,1
0.15809691280316207,1.179,0.008542377327902865,0.42442438754606604,287.3230618140921,149.6136397658193,134.75974051264632,778,1
0.15866361222946843,1.111,-0.02320519492546077,0.47000779450614694,339.9434085435193,130.573874121747,130.11944546329278,779,1
0.1570867907064535,1.065,-0.017794293711217254,0.37115417319361566,283.3510282406276,149.3875721788012,107.47212092610094,780,1
0.15865931941954078,1.228,-0.02717453179734593,0.5437179597710773,249.1764553333099,175.19224865144866,170.70013287568685,781,1
0.15899267822297863,1.111,-0.06334243668065152,0.5761588387845915,291.84691592339686,148.83652249326977,108.35566683222046,782,1
0.1592389675277282,1.66,-0.043806952494587645,0.962563342944732,257.48615557106126,173.88164096297353,162.24887541022545,783,1
0.15807641839545322,1.143,-0.03524290840992318,0.4774299051184361,263.0366508053446,149.2897442487616,110.9058313362516,784,1
0.1599250987401016,1.145,-0.002513759228179957,0.4948042602816747,283.89147211865543,141.66873030470938,110.59746313784731,785,1
0.1577792075031197,1.074,-0.0125914833117291,0.4178862992564194,310.82647352267065,138.96370487205488,123.70187159002437,786,1
0.15748490549568356,1.275,0.0003762752070013274,0.5885181518703266,227.65434437836197,169.30356678358044,154.40094176594013,787,1
0.15800544439665481,1.065,-0.010656689682783946,0.4261464068141705,318.3449597454205,140.4970086037366,111.19250812023373,788,1
0.15749878409748913,1.225,0.015379076547152986,0.5366464096734966,337.5527314908093,125.95121505337094,125.64975392587115,789,1
0.15872002239104083,1.1280000000000001,-0.007632591184641871,0.4932143294512281,301.60990191601275,125.29168472007052,122.35798894139735,790,1
0.15906178183163022,1.323,0.0007257361936202762,0.6580470000494629,311.3221488468702,134.6615530358881,115.98631386686662,791,1
0.15676484771934285,1.1909999999999998,0.006455463799075023,0.5009512445736366,330.99398992354986,142.3263286717291,132.43815328210655,792,1
0.1601683600604474,1.548,0.01027525035291521,0.749076854776566,291.82165177988884,148.52939733544454,139.98986498596042,793,1
0.15826923479815574,1.128,0.023048140473744236,0.46548664451865784,275.8637983015808,164.03374652907036,117.66386819456602,794,1
0.159013013851756,1.226,-0.023438542761788837,0.5906137215777769,279.43826440038265,150.72877603912607,136.97201284088388,795,1
0.16017086914985118,1.521,-0.028364340857845793,0.832915627654518,300.7291606226068,136.183448123701,123.69102681280405,796,1
0.15808053954368284,1.509,-0.03900702872083737,0.6395967801015656,266.4290414607156,144.41403481435984,119.75768365324498,797,1
0.1600895069770053,1.208,0.026283534337281974,0.543326291648857,348.08996687019874,149.43169081304072,130.05890975284868,798,1
0.15794987445957934,1.221,0.023178751434816007,0.5658615538507008,272.2593702522952,162.98705966095983,109.76352498640001,799,1
0.15826831033608915,1.2770000000000001,-0.012073883162464646,0.5202430243770757,287.4332278101153,143.74313806565053,135.74967579707672,800,1
0.15995671838910833,1.4889999999999999,0.07216356417369857,1.07025164926198,310.3540051920482,148.48501753321955,139.7899346764424,801,1
0.15993139825699487,1.633,-0.06865979895400194,1.0087687218295338,305.0537800494948,124.47711116368804,117.03100419689609,802,1
0.15660865135021876,1.111,0.005032064379500681,0.3997117044766476,261.78769984035404,160.69137057343858,132.18858585314067,803,1
0.16062983364565642,1.804,-0.035322264696870935,1.132670506964618,345.79275100151574,146.60619863967437,121.10983896649367,804,1
0.15830932577379364,1.121,0.0377322302066317,0.4956203603176861,286.5124435936341,162.0011677944637,117.95876405959558,805,1
0.1589937035039635,1.172,0.018982083668402174,0.4669362075006842,249.2072049433873,148.17784597977814,137.07493856121263,806,1
0.1567890686895833,1.006,0.05661425189704906,0.37455476497561424,328.989554194254,145.1203346294813,113.57471045946106,807,1
0.15879921327487345,1.304,0.019306945748058097,0.43494545135005414,234.44271294240608,184.60532342831084,177.9504427287064,808,1
0.1570360234038177,1.187,0.03598900390818134,0.49700968436433834,246.09450390054516,153.21725333423964,112.76815606252998,809,1
0.1582417810797669,1.196,0.002831572579949231,0.5115175772000637,295.3262841940154,152.18193412954696,133.60623004759688,810,1
0.1584843924073243,1.423,-0.020221420566296014,0.7510927912359926,280.40679758536476,150.95396468559656,120.63981182892563,811,1
0.1577017806219325,1.025,-0.020703198259125113,0.2631590847507228,217.33606970482663,184.19614974003667,180.56352211556742,812,1
0.15790441707450942,1.267,0.02310712415306553,0.5090068684972797,321.51880857606443,147.55700311787896,131.67741692358868,813,1
0.15812582525105798,1.191,0.03409683513485239,0.41933977229987285,287.57753517667334,158.04997846130317,105.22127571209899,814,1
0.1606049181877496,1.2429999999999999,0.038257860329761556,0.5664947122371689,267.3701846593638,171.99714626188347,119.0886590009904,815,1
0.15847548700183492,1.228,0.007253013734594096,0.6945097312248234,310.44395728159986,164.85775455189685,145.18584621738617,816,1
0.15924372534734296,1.289,-0.007344209577382811,0.665168293767521,275.0137049516629,176.42903831613182,146.86625837943708,817,1
0.15884630337437233,1.101,-0.01595335319419602,0.44770547064744814,297.77430033861356,135.59521148645155,127.75374149980483,818,1
0.15794947242660784,1.22,0.012527610912174494,0.5009533640643644,315.2672672967051,154.1311284981809,104.1373201170141,819,1
0.1583514147604644,1.99,0.012304888422500746,1.0822577728529144,311.8117006900651,154.00160744481644,125.46915203060101,820,1
0.1570997964509244,1.04,-0.003536000965702793,0.43674073403991587,314.6806214580921,127.84635616322072,107.74076294812863,821,1
0.1585561893637296,1.125,0.04003529549884587,0.569475012976929,309.1389547900697,148.7420816298402,130.40195035196916,822,1
0.1595705180919728,1.421,-0.01720788160096535,0.756724390285028,314.24701862421676,148.60696727000672,130.62435415170813,823,1
0.15856741699486018,1.323,-0.04166347595439488,0.6799821124464414,219.8580629673004,173.5245820836992,141.88227010755614,824,1
0.15723071675412417,1.231,0.010594461718997151,0.5424784239731673,330.61384380054017,132.63224369085134,102.57049155272927,825,1
0.15884617780458238,1.259,-0.005498967526331817,0.5841316825519236,231.19140482132542,144.357062075653,130.41903248628927,826,1
0.15899310740760117,1.184,0.03434209968565267,0.42267019048529786,270.38632310308935,142.7114456382237,141.0962587885352,827,1
0.1577132981832164,1.248,0.030238950375016213,0.7628397990678808,318.09532698336193,167.8206251332397,141.36489160745492,828,1
0.1572173538064123,1.109,0.03941328701723987,0.35277858929702566,276.1199452302108,139.76732287648272,119.63033841363823,829,1
0.15900518859458643,1.303,0.02755757728036847,0.718891710065154,266.22811685269386,159.1846282690402,119.67095838137317,830,1
0.1593496746116167,1.3479999999999999,0.02371084825063631,0.846141309737511,279.2230500205352,155.98961978997326,154.72281750633962,831,1
0.15817055822207005,1.143,-0.0034164654329773567,0.5747224926367065,275.9553472549343,157.0581904293739,104.52328267185293,832,1
0.16106530347167225,1.35,-0.005886644205641447,0.6034813008498743,310.6270784810094,137.78467880101226,120.1897302556408,833,1
0.1601455892793336,1.37,-0.02120716188243798,0.659848819977376,288.65127319387153,157.99398935778322,142.9774985205444,834,1
0.15848259620785257,1.0750000000000002,0.009672157493322318,0.41752525550809505,218.56920691740928,167.99211612765234,166.8444630070593,835,1
0.15837319022742613,1.46,-0.02602286590205598,0.7017802093770835,270.15755566257775,181.509789237497,103.36340611658132,836,1
0.1594837022066244,1.32,-0.00391085851153562,0.6447129386315522,263.1051597738108,160.83124274086222,160.0907538258417,837,1
0.15939618639817346,1.3090000000000002,-0.00615438053186881,0.5637427884729229,266.08238280351446,170.4493794725631,119.25905843345359,838,1
0.15954122964010942,1.235,0.03931705090461684,0.5275843792286206,220.59579496160944,170.38217995382686,153.51704582310705,839,1
0.1572594268835735,1.0939999999999999,-0.029936563788928984,0.4930528295941876,230.0732987737574,203.46665892674065,180.82652782137188,840,1
0.15738814728641418,1.0150000000000001,-0.008675046957511095,0.5244318933558927,304.5159980169052,138.81700874337557,132.6308571657743,841,1
0.15823440601238958,1.163,-0.023852413919204864,0.5745437102603703,280.83873569880336,142.02728572893938,119.34353489176702,842,1
0.16007037377524574,1.211,-0.012602288918588474,0.6091614975160362,311.73147508601625,143.1879906317932,131.38827026135434,843,1
0.15907105008331773,1.6309999999999998,0.004749138795003336,0.8234400474468919,236.6322003947387,181.8972440698446,165.47257438886513,844,1
0.16032098737888506,1.228,0.00807600270854526,0.5803803135986159,197.93339615544986,192.1250355976816,168.26381340679674,845,1
0.15910893001754528,1.14,-0.008699926541926771,0.5178366280512341,304.0241329298723,136.75120015258688,118.03976719084969,846,1
0.1585730730055449,1.098,0.008587067216069515,0.5337059060930196,310.4090008877509,145.6269409426888,141.1491580144568,847,1
0.15888766945205737,1.402,0.00399651871487619,0.6628561392344325,288.1288502618599,144.07983338340915,134.53777719305674,848,1
0.15872127000731306,1.348,-0.0004976336428235837,0.5735996567263268,246.5355976590688,175.09943783042095,152.93149163640157,849,1
0.16048413935456363,1.228,-0.011406114227806397,0.5652708676322709,301.33860671332985,172.09582316401148,131.41297038835694,850,1
0.15775042993453695,1.245,0.048681477495870575,0.54404060531974,193.8968781750549,174.4918914477618,174.0696998404614,851,1
0.16226619387839616,1.543,-0.06270891245327195,0.9845387569979165,302.91252505284587,173.92211590594513,120.01044486817493,852,1
0.15914372895230194,1.419,-0.027549946683689135,0.7301837871207195,285.5918223551692,149.54384792525443,114.22142357358396,853,1
0.16002656929666204,1.172,-0.007210076182194179,0.6437375014469273,281.269303767363,151.91574024725244,117.38796116889125,854,1
0.15952158592790233,1.3719999999999999,-0.01627316842528048,0.6803499623120044,267.9592277170513,157.8266957586888,155.5427353386282,855,1
0.15967067609516625,1.272,-0.016588596078416746,0.6811754042833895,300.77387610865605,131.5975227204644,115.22002499845038,856,1
0.1609601397910753,1.292,-0.04980844764691236,0.5952500043877711,230.30649119777536,153.06466122981107,152.08730937954147,857,1
0.15883809947774852,1.067,-0.04435597046584664,0.4501639228752059,215.1052417450384,187.59821009751323,174.73406011540948,858,1
0.1579193375983448,1.135,-0.007241567244611869,0.43374214455834403,221.94704734835676,176.36692392017696,166.1110881956079,859,1
0.15834839348949242,1.043,-0.0070263248198586935,0.3821231682139752,294.5988288922114,124.24317078622994,118.90463240295063,860,1
0.1591601551283133,1.2650000000000001,0.031215456258525523,0.5480399371610924,342.72519914114343,129.21721801838618,105.97568189800879,861,1
0.1588806253921478,1.65,-0.020232975495362602,0.9893986700762936,287.0577665799516,152.20483396468575,134.404808520015,862,1
0.15810552112607226,1.091,-0.009248946753334172,0.4556472867629875,237.696815475657,183.82317806606375,129.24273300090928,863,1
0.15844437330998457,1.187,0.028851529555414323,0.6100899723234825,270.11238267462704,191.46703113622263,91.21681294132495,864,1
0.15932859511306538,1.457,0.0011468710077403269,0.5344839539985751,284.8948489563296,153.39096755219552,137.81563191773427,865,1
0.158624499943804,1.443,-0.044598959046876635,0.7532869574062415,295.27173690836827,129.61147356084467,107.68736595289656,866,1
0.15894161172424295,1.54,-0.08076845182977131,0.7591723398249499,294.06825488538624,151.7575497503596,122.62147917434504,867,1
0.15899372853320543,1.089,-0.015999422199722915,0.5122982032044909,248.8178499085011,183.40426490473007,170.8497610805498,868,1
0.15873336573160785,1.128,-0.007845750969775295,0.5345177887427579,283.9072490840495,160.56008426479406,139.9999205410148,869,1
0.15926447009784347,1.307,-0.00668910651513048,0.718009672168396,285.3094196130934,135.08746230899774,117.19569406776135,870,1
0.15795818754870505,1.1280000000000001,0.026472614025614738,0.45975470429183085,250.400069677807,203.21489127881404,183.61036643806995,871,1
0.15927991158452784,1.119,0.04059445072796133,0.5394583715826888,310.1238668418293,162.65968685222174,102.12109770247434,872,1
0.1582142648855698,1.204,-0.021013387846896388,0.664492451270239,312.22439528250317,135.3823043396107,111.61689574412767,873,1
0.15854157808733288,1.365,-0.003894302814555033,0.633360721208065,307.5867853136967,161.983588938115,132.12391689951295,874,1
0.15784708717517565,1.196,0.019280977834079838,0.5224750583120619,205.4006591140872,195.55844824133655,194.46512059627182,875,1
0.16015970484078543,1.729,0.02034303820169158,1.144986034825708,267.8049113105081,136.1823906519284,130.0729335866699,876,1
0.1584352812036452,1.077,0.035687039456841256,0.4794497915581233,221.93854480989341,203.56443921226779,176.5346503665846,877,1
0.15829309926031992,1.35,0.06892332765750452,0.522887808685689,327.5228511086321,142.03935689001338,104.95096123764431,878,1
0.15837899761258004,1.245,0.016547277164626974,0.454685855771912,267.0370494696016,148.4636798532478,116.67471397979405,879,1
0.15998492940498724,1.177,-0.00227284533836058,0.5092434938120349,284.3034166479224,158.6777719060783,133.8940108498568,880,1
0.15908243781600903,1.4209999999999998,-0.017645665550333405,0.6330122082088856,267.98216221730246,171.72372970883896,144.0912656291378,881,1
0.15982872241187596,1.194,-0.012302174825878615,0.49428901331709874,219.28177772204918,189.30567413668948,124.63577147560106,882,1
0.15815570662819126,1.143,0.022502045441956636,0.43521255161490746,239.3728032895251,186.955934071159,177.7343749073093,883,1
0.15765231845940295,1.395,0.026133045246250385,0.5867000355427154,247.34203847319068,171.73476633626242,148.81288190511137,884,1
0.15704199698921106,1.196,-0.013206213220965777,0.5339416585088594,227.53437361249965,160.33126165704005,127.11057443315228,885,1
0.15850584786875765,1.7770000000000001,0.005056928482128964,0.8676292666858543,285.71653096589625,133.40424374153926,109.26468321677807,886,1
0.15866391397433838,1.27,0.028745653010956787,0.7304406909984631,325.8961187689801,119.8542634400305,105.66298960052367,887,1
0.15821997317693293,1.05,-0.029254506014528323,0.47983370635622435,214.5734402660012,181.46529877203818,163.52655682129296,888,1
0.1576975669039376,1.248,-0.00833075047344431,0.45753151618891286,313.8701005442122,156.3250289334461,124.18855501758311,889,1
0.15768055932505598,1.446,-0.06533043433074273,0.8085587877550688,272.6388469727688,142.78958881686017,105.71305479201897,890,1
0.15503784757177036,1.111,0.03960297918453908,0.44025461076402905,279.4172626382806,128.90155102356456,118.97810620827696,891,1
0.1565276795110852,1.186,-0.004335991381626415,0.5351033178287703,309.93460645701464,141.01153770548288,101.88571239844585,892,1
0.16060784608670078,1.487,0.019168333407425815,0.7211634826518942,234.71076165615688,195.25734800453873,183.43878916289114,893,1
0.16095075006135418,1.428,-0.002349023391313467,0.8221945912208648,215.63637508214086,160.54057819730588,150.5879331176072,894,1
0.1616784715842778,1.355,-0.02881576620655753,0.7335610793246414,269.8816640869819,153.79440574482663,99.57483653470082,895,1
0.1609545934490338,1.6749999999999998,-0.01979321451829551,1.0022047584104525,285.9482183552692,196.9774000986269,129.68634001362506,896,1
0.16121664792557677,1.57,-0.0101006547755733,0.7652024288213335,198.54844985390176,197.02405316585288,184.82512076143763,897,1
0.15981071383925577,1.062,-0.014663105173141953,0.5527018905072225,260.7313652646875,162.53358533985335,115.3692691485673,898,1
0.1596940310247126,1.182,0.0032062204467653453,0.5736101235195985,296.75975213190594,219.61355896869537,140.3144112495715,899,1
0.1603062856678096,1.236,0.04384484607337153,0.6094394312901139,287.1551442046553,152.47250462516834,115.67299599149109,900,1
0.1602678330804797,1.1139999999999999,0.02746379547352526,0.5412159518982853,252.66216370101628,164.05006029506248,133.4483894618841,901,1
0.16269318849904066,1.6019999999999999,-0.006916429826292432,0.8387451620336543,327.1633755270069,140.12850499372607,135.32948546734173,902,1
0.1604104616630022,1.201,-0.004165029082100764,0.5424137382778249,302.7895398378023,154.92925026219785,110.76790444134174,903,1
0.16205775428117056,2.012,-0.09737151644958976,1.7386877604825761,265.7724189959507,125.85631787559535,123.25799553081083,904,1
0.16057798512448904,1.279,0.023762282118721025,0.6291829684463996,332.3491623081028,168.51053361091755,140.0904046585653,905,1
0.1603600977098106,1.299,-0.009497069482204327,0.8476274863422311,308.5180008128569,144.9614577678231,122.80224639024895,906,1
0.16216732894798816,1.6139999999999999,-0.0038880351107786803,1.084879845915614,302.3673829584608,127.64338945180714,108.7425784962291,907,1
0.1622260166211018,1.425,0.00332009038646603,1.1089837408005732,314.22309812338534,139.03573911193027,110.00607070462988,908,1
0.16115520060376773,1.276,3.664846710387179e-05,0.7653468937498671,318.6735712505913,124.76848021597189,112.22539076180327,909,1
0.16166635050844302,1.211,-0.015224259022441804,0.6393761785839374,294.8740977440395,174.13658912981774,141.89858263698335,910,1
0.16172438426175487,1.199,-0.0027540445378852712,0.59800151175582,219.69575029220331,194.18727718103028,185.10117808411147,911,1
0.16219482973562613,1.399,-0.03890840724122429,0.7499032079921251,309.1749389266735,143.34822650561256,127.55878729759246,912,1
0.16119187194172702,1.414,0.002688904231108714,0.7748892760263857,294.0370451198254,148.7450674316846,115.15744792804576,913,1
0.16156597312514476,1.4180000000000001,-0.019456875233053283,0.9102688458955583,320.0082032701612,120.5709736860462,116.20337998675974,914,1
0.1620493203520536,1.138,0.026274794050305056,0.6147064448417612,242.69319837887204,182.25490915047496,125.51687977106772,915,1
0.16281741190407317,1.513,0.03225927352394091,1.057618043124931,292.2524984090585,131.36904346583006,128.63959893830543,916,1
0.1628486249810023,1.4729999999999999,0.031032134304793506,0.9508050970216178,305.5126197603321,147.47169253854725,122.86488713444321,917,1
0.15985763441653328,1.297,0.02015445642215838,0.7350411652349016,290.19866991617226,132.114363450146,112.3454131415018,918,1
0.16347047199676076,1.397,0.008919126312399822,0.7400886607295689,307.60179272510015,144.67930083583997,138.8640404704297,919,1
0.1641543501817535,1.486,-0.009658753601963303,0.9120302949214181,314.26476579544595,143.6728685022491,133.8134599245509,920,1
0.1617516207535685,1.353,-0.06982644867471537,0.7250553939542757,301.03815913934454,162.14933849710727,133.71760322841988,921,1
0.16194223446861386,1.509,-0.07514372964129162,0.8375410284645164,247.6900324526461,160.39892505009826,149.80489276266513,922,1
0.1597704094638127,1.7650000000000001,-0.026771826293493527,1.3002431377119166,301.4368708999423,148.65034870982217,124.79598304287384,923,1
0.16080984257423425,1.464,0.03286301612176493,0.8977745046899379,284.31664565977786,131.84632378359103,130.65083263833847,924,1
0.15852092709220406,1.1179999999999999,-0.0007178235164466282,0.5381549407400228,287.0304764018949,141.63438470679682,113.21768619497273,925,1
0.1612186841260284,1.387,0.03578235158806469,0.7061188543420451,294.80256682495195,183.74965264399907,143.83675787189514,926,1
0.15870695297884124,1.191,0.08149844484525764,0.7029685740215457,306.3899635737308,137.47903743073252,136.84493052512528,927,1
0.16077860997589588,1.355,-0.02972346702116801,0.7549578938425832,311.3873825659499,141.2823258916704,108.0783620299677,928,1
0.15967670722456087,1.55,-0.02215163353565777,0.9014092130014566,211.6876554723107,182.93471390205983,181.42448725586144,929,1
0.1605406741503244,1.545,-0.03354580803964645,0.7611587223731888,195.81585133668156,175.02772879794384,165.81622812609507,930,1
0.15956300338982485,1.223,-0.014575385371432681,0.4473383938690816,262.28348315487784,157.02340663650205,138.34969119427853,931,1
0.16209996734750598,1.423,-0.005106926965000209,0.8140885992934228,223.31854306667879,194.29627178841685,182.6236865755285,932,1
0.1599508136677296,1.184,0.03844428154452085,0.6258565428331733,289.7369515186709,175.83099970893704,155.13154836491177,933,1
0.15961478499764284,1.252,-0.014084435163400699,0.4955966656786699,248.68666222555916,176.23124396246115,131.42793821254693,934,1
0.15976739531415274,1.887,0.02201854196836455,0.9734800374195842,212.10564658981434,198.5638594247027,185.65311603903876,935,1
0.15873879681802547,1.035,0.03552253535828697,0.4618403917012408,248.91984319504596,200.34908559162974,128.62637507200716,936,1
0.15770735776544914,1.403,-0.012047132945339229,0.8164992873380124,227.84253391486834,195.81352653360779,134.58073802248794,937,1
0.16095746341594996,1.3239999999999998,-0.008411638758110837,0.8357404278150584,258.42320120833796,135.03767052397032,131.13833483887876,938,1
0.15961822953290375,1.2400000000000002,-0.00686758022094262,0.7467331696780013,315.1323633223836,150.44258227166765,126.10794627561414,939,1
0.16152582045551764,1.257,-0.0052693727956268695,0.5579307466567736,200.0672523750671,180.77041058091012,180.3413633466746,940,1
0.16116060264143342,1.313,-0.05585364216380337,0.8271992819453238,224.37049070591556,171.46325286321604,131.6269876534222,941,1
0.16025317783388687,0.996,0.008216469930418744,0.31802158679907144,269.93530101446356,192.56244297728261,145.79348613652186,942,1
0.15989634398669814,1.248,-0.01969228613596338,0.585249234804174,262.7958591834204,202.90874180404845,109.90952974679422,943,1
0.1600362541323645,1.452,-0.03153664223142972,0.9192285819031811,193.89473236249026,184.55152914570917,163.56954495313107,944,1
0.16075191453710203,1.153,-0.018325671170739483,0.642237717158666,318.6602853446501,156.10523215496121,138.2243078102467,945,1
0.1640195431857893,1.697,-0.0740426884530757,1.1048087139930756,253.02038931944878,172.5366295331954,140.52125947332635,946,1
0.16001717391350725,1.089,-0.0024014871371107784,0.4407169718188486,244.30336270202275,187.71354894781442,112.12742186258346,947,1
0.16109362118084083,1.7109999999999999,0.0444438251214785,0.9437881165358846,235.57179505576372,190.05820399984486,175.78329587968062,948,1
0.15950409309133928,1.123,-0.0033746409723638842,0.5987365211364915,234.31422981431425,183.58691429012705,169.39120006936596,949,1
0.16101407068027082,1.226,-0.006454599851249996,0.6443087832139978,257.5054898604211,206.50653980138088,116.59506279523329,950,1
0.16062057234899502,1.314,0.04918737562134132,0.8061409194391671,205.40035470675357,167.9171328043173,154.89731040450053,951,1
0.1617333385630012,1.486,-0.03630948152769408,1.0101543191491098,292.0386948347348,170.57460746498762,135.7399762769151,952,1
0.16056914961050464,1.259,0.00971009349564926,0.6642667411725292,222.1304714345041,163.1842343294955,139.93265669805407,953,1
0.1587212115567635,1.404,0.061061465262018416,0.5716756101568703,224.52714735516867,153.5605779362123,151.87455896509803,954,1
0.15863495031340824,1.47,-0.03355450196471643,0.7487905287978305,231.61808735072194,197.91009933337816,171.1106571846169,955,1
0.1610748008071968,1.7429999999999999,-0.01777023346102588,1.3411903572779895,275.7425179529247,187.56354809994556,99.76582389821459,956,1
0.16130577221053652,1.5259999999999998,-0.009562736370943325,0.8429871121349253,285.5710434345372,149.60415639592398,114.15624099679303,957,1
0.16197727147538132,1.45,0.0012932051015822508,0.9121875705807345,341.1010124102023,145.03521262191015,116.80230317243671,958,1
0.16056197678364537,1.077,0.047491076647304745,0.5079262897753924,288.6484199606507,199.46232018168544,129.53168434110611,959,1
0.15947097569728402,1.453,-0.0047218405360957404,0.7729907410363022,289.7667436941974,163.04738740639374,108.53555191019282,960,1
0.16107568824546428,1.599,-0.07438738445121688,1.029735657683772,313.75953394745466,151.71166337948785,146.24171613893495,961,1
0.15903274033984321,1.311,-0.0004933293003339676,0.7253606952929403,280.6025985010267,124.70209474102337,101.7088481783647,962,1
0.15961668714895147,1.423,0.002508815847425698,0.8597117585261556,289.4584630298298,154.3210159764105,110.20141436736971,963,1
0.16153326757421557,1.6139999999999999,0.00806426929523095,0.9213817166482685,284.73431773476113,164.57900180533534,153.8181616581473,964,1
0.16115476566361217,1.601,-0.05216679988183479,0.9402344878661704,268.3884381463805,157.66003226459443,113.34885493052042,965,1
0.16121029262198375,1.968,-0.0170097836866747,1.3551561445353117,320.22707477986506,137.5737688929669,107.25550382909567,966,1
0.16077296139956962,1.626,0.021874288289279138,1.08900178398196,251.18153618405404,160.9926250747121,144.4565216852015,967,1
0.1616640408667772,1.33,-0.011871997373001032,0.740032078006879,247.05421972560313,157.71961423583693,126.26154867409258,968,1
0.16129288552777213,1.4689999999999999,-0.0002128926871117861,0.7735368436026193,245.76328013161202,180.988914380244,167.18911528020493,969,1
0.16301179081683784,1.562,0.0004398511351982828,1.045855106402474,294.81046582908186,149.34058114849938,107.11493677570837,970,1
0.16159499371016262,1.158,-0.004824298782425072,0.5981888847400176,293.9880354965774,160.3776345715247,141.45217265942256,971,1
0.1625888214285214,1.384,-0.0021019412432846116,0.8557548392996925,341.1451687439168,129.70071994502115,109.12076229267552,972,1
0.16280043291413954,1.524,0.014405833293103113,1.2029620148481426,307.3737069986386,131.97122272561964,123.36376955286254,973,1
0.1625924971122207,1.3210000000000002,-0.01640485517235928,0.6928534903669616,280.10165112969037,146.63657830490013,115.31967560528977,974,1
0.16129701273848618,1.255,0.020192430981265035,0.7241338844740839,330.2504701969833,127.46449265002536,107.39600085969803,975,1
0.15995186073911816,1.399,-0.01102174374271405,0.7939226426473831,308.33445737539455,125.81500767483807,118.0129195771762,976,1
0.16061136265673462,1.296,-0.0595652929090332,0.6399068104671528,298.67272354837775,141.10466254694668,109.33137836562986,977,1
0.15939271255740098,1.626,-0.034161207382029886,0.9007490813130747,322.0464170503269,131.84113235149331,123.27107320689892,978,1
0.16076750867542586,1.338,0.025349979719492686,0.8026578376456697,284.30707209750227,138.76026271414335,117.99667297812415,979,1
0.16262472422031765,1.5750000000000002,-0.014035657548077798,0.9217834893928827,305.452645401018,155.74213965100324,144.99449102619576,980,1
0.1593729509672203,1.1989999999999998,0.020914710776590874,0.5942238328813301,325.2561206002969,135.2217955332393,128.75643714649658,981,1
0.1620257345975478,1.784,0.011585942815990225,1.1956731825930307,243.65400231300802,151.84062304532426,128.8970874951494,982,1
0.16156529237794817,1.377,0.03229708661403132,0.964904959047844,313.9421165697018,138.33471034550413,109.81484180203931,983,1
0.15926363005225605,1.345,0.0013351419637280537,0.8874166218244621,309.8960123154207,138.42676419698938,105.86860495323285,984,1
0.16180840238390357,1.851,0.0007590598836517562,1.2845671916837382,294.36273384642584,156.91041287977694,122.12202025442713,985,1
0.16104773727575505,1.416,-0.0035444256791498166,0.806804321509683,233.28258589721986,160.79100866079142,158.93389085590732,986,1
0.16188422542485803,1.472,-0.0027592519762863967,0.9484727701839248,244.8656773887032,159.38907596746023,142.5081556744635,987,1
0.1637086705357836,1.2890000000000001,-0.03460331996924355,0.7509318404058103,238.07796961578148,194.44771460073704,103.92549361687199,988,1
0.1614956226428831,1.35,-0.0049813408480178225,0.7941436171005809,313.8608183034349,162.78672432399088,133.66069092966453,989,1
0.1627217792472976,1.44,0.022207721061860485,0.8511971367247075,304.416347226388,163.9092411063319,145.73393939569658,990,1
0.16144299844851392,1.3330000000000002,0.0020153531542093984,0.61191408923376,245.88003635975153,173.4646738434668,127.67495288913585,991,1
0.16095087929823498,1.487,-0.050640058104679156,1.0884117869354695,296.933509945527,139.4568311272979,114.12110159177821,992,1
0.16170637075204203,1.6159999999999999,-0.0065868444330981855,0.9354774854077395,247.71926666949588,162.71928482465447,117.13590933200202,993,1
0.16141283097062983,1.572,0.010269598367283144,0.8396781751433671,213.22248378103563,193.85256947788864,149.24192006945782,994,1
0.1598395249319415,1.2160000000000002,0.044437339614374655,0.7365252714380017,315.9176601696085,134.6333406329205,114.55665006047403,995,1
0.16245473964043222,1.6749999999999998,-0.03261041032076978,1.1486140581174409,262.46172346798073,197.60819117653918,133.51133967020155,996,1
0.15938499156793082,1.441,0.007405916118824609,0.8939988348566672,241.3833483517054,153.75635485564362,125.83457554908945,997,1
0.1631885904849145,1.506,-0.002530723057139225,0.8378802386755808,325.0352149141171,132.27564270232327,108.98759470433156,998,1
0.15874935961977138,1.2229999999999999,0.010165052128332209,0.6868586721761707,229.54351275998408,178.64360853166332,178.32406225747306,999,1
0.15737224667468372,1.157,0.03838340178275061,0.6052906792282879,195.01566984214446,171.59383320025378,157.14790438503397,1000,1
0.1603558848762749,1.25,-0.05898935399743749,0.5700885174272252,255.96460555344962,166.96244900093288,143.91462674732176,1001,1
0.16136915216820213,2.294,0.04103937410024891,2.223180994081858,291.70277285833777,191.2666086470756,86.3998332105311,1002,1
0.1590848684235183,1.3079999999999998,-0.027751179960358696,0.6017194482837662,251.10882717192297,145.14862565184433,120.33057289732643,1003,1
0.15947028294506196,1.267,0.017100156414292838,0.5648397956562698,193.59572918287412,192.9306221243765,192.328771703415,1004,1
0.15878523661596344,1.1989999999999998,-0.004956185624198216,0.47873706485574985,300.19030549968625,153.2675921175558,106.73286071151298,1005,1
0.1598814447244817,1.7040000000000002,0.03186764413088224,1.038466433221016,212.4784079208889,184.14807983370054,169.45247944432498,1006,1
0.16212806518762993,1.7389999999999999,0.019969389628162613,1.0318957816408734,283.5193338783474,138.5505044807263,127.76962446719659,1007,1
0.15977290493805185,1.3090000000000002,-0.025234776093881823,0.6869473954390015,264.5224552173778,153.6032331131026,136.62229342898027,1008,1
0.16109138410605056,1.291,0.02879758435333727,0.7381611945995483,269.03363711694635,139.62630290200352,133.4322149103448,1009,1
0.1601945634050396,1.399,0.008623866950181157,0.7785797216718526,246.3960017647638,164.52721545342217,153.83245915684265,1010,1
0.16259074194195183,1.194,0.009542189569482613,0.6900271994460323,347.2235316332445,137.1920020298945,122.73183880673899,1011,1
0.16058931114949324,1.443,0.03702367300962852,0.7529748155441314,240.87126293117151,165.0495158925882,134.40878978713687,1012,1
0.16134686044357976,1.7309999999999999,0.03483390515051408,1.2981998521210603,324.9417791785886,137.04363803986527,116.18108180433724,1013,1
0.15985556209410381,1.58,0.0225675237441568,0.9669154055274802,329.0044288499015,142.16288070316077,116.82638829811088,1014,1
0.16044828481354786,1.5110000000000001,0.0010923111621414935,0.9984537538916327,256.38309447625664,194.54106927244615,128.04712425655677,1015,1
0.16198911623716228,1.462,-0.003968253617465093,0.6621693954911443,308.8837803196682,126.90803263828757,121.50974212686423,1016,1
0.16255715956842112,1.782,-0.013249402832954487,1.1561678763689764,331.13278272225415,151.34288945440542,135.96215893255786,1017,1
0.16151418326724243,1.4180000000000001,-0.006787900982274321,0.9934042873759674,300.6539870011606,137.14507119633524,119.71444197745448,1018,1
0.16236480463806266,1.2890000000000001,0.018226691780285947,0.5691521350913402,299.427481254843,156.27444120450014,144.29004462612545,1019,1
0.15877696959640825,1.158,-0.00026445573329424144,0.6550362347869774,242.65160548244643,173.2707467181265,166.56580920234404,1020,1
0.15888382539045037,1.081,-0.03084274551005828,0.4605637933700444,275.3060092642486,133.98277332170085,130.96472000329038,1021,1
0.16329716085756246,1.272,0.033508637061288975,0.6658955996769822,277.7599775341164,204.00559144529387,130.45492968447763,1022,1
0.15871478571048445,1.158,0.011603312221528902,0.6269103786614512,321.15242819351454,123.65564555721288,115.55988324778961,1023,1
0.1601407323275082,1.17,0.059019690816735096,0.554293374160618,295.77595895702177,138.5091878021657,135.93476881863887,1024,1
0.16328699466569016,1.631,0.0015363662982786114,1.076125746484994,285.007171011623,180.8816706553141,116.98250613347112,1025,1
0.15988556958440034,1.326,0.01642054793249598,0.8367535744873438,312.1120414934845,139.57562800116492,135.2367171621673,1026,1
0.16136977141026135,1.562,0.02465889631463644,0.9132787993999405,221.2100417828159,197.13443936478023,161.60767815325053,1027,1
0.16080681374760292,1.629,-0.010942220999185041,1.0705042332099852,281.34670291410225,160.116590592629,125.15509001707862,1028,1
0.16091152763727806,1.402,0.0027425643087076556,0.9692051995241524,295.3282206885673,162.01221032169192,129.6999274657093,1029,1
0.16107949424677517,1.6549999999999998,-0.04476140910826983,1.2421463307166096,222.9263421750752,175.70519145341473,165.79929307950852,1030,1
0.16100918761391772,1.321,-0.0036979764287630008,0.7669907146291082,208.5103241382664,177.52400548875957,177.41065868153385,1031,1
0.16108584713277693,1.387,-0.05378745254668408,0.7989126619094673,240.37410644073626,202.56821697288018,165.8218732700361,1032,1
0.16040638195859563,1.355,0.036989739834214885,0.7676581350370206,207.01668769004326,189.90982927295926,168.85700880510257,1033,1
0.16270191061800718,1.5470000000000002,0.009277405621062319,0.8433879135231566,256.2311486338474,201.07380508438052,140.04037429503703,1034,1
0.15870040317765421,1.267,0.09820492950070937,0.6963489244178911,267.88088325791983,186.9187120564707,101.33757768886274,1035,1
0.16017455017398205,1.307,-0.006144221265982587,0.714162938792001,247.96823111450757,175.61267829242664,159.04325743047704,1036,1
0.16103630401539118,1.485,-0.061311946247422366,0.8269808838381048,202.6554461038918,174.4222843252127,158.83663094690684,1037,1
0.16095995019384868,1.473,0.02274543759220674,0.8265896021458632,287.8751144317713,158.92804788815928,136.84277688818975,1038,1
0.1586619953226532,1.504,0.015608495590785757,0.6512435650909176,207.638736648714,195.57583542749546,183.93414200232772,1039,1
0.16235646906383186,1.436,-0.010102190881871536,1.0377986266427817,246.69322766416366,174.23733502429081,131.0469666365843,1040,1
0.1591281476760554,1.213,0.038107466436943835,0.6080117262295004,209.1886734897939,204.70578739129226,165.61354100521424,1041,1
0.15954455242653814,1.182,-0.025968705806678444,0.7692917869690383,224.06608793433404,192.19911920350708,182.47857421747247,1042,1
0.16096950288602807,1.236,0.006554486583328457,0.7023744545718986,234.56557464370198,149.22293028723175,144.55328476311394,1043,1
0.1609526283848275,1.287,-0.0003723044199309982,0.8947617646965051,263.1950941079494,199.56161128124393,119.76004827522286,1044,1
0.16044246407152862,1.192,0.019705778962842736,0.5744600337170906,317.92958712768484,195.7596437048672,107.553242257372,1045,1
0.159196323708878,1.2570000000000001,-0.0029513549322087306,0.7260005794571045,304.0599537857823,204.9365561596852,95.65650986410915,1046,1
0.1598642261445044,1.407,0.0011053668757826888,0.7956683028710505,234.65232572074703,154.4780573429776,132.37622779146727,1047,1
0.16087830631679143,1.201,0.0026804427828515808,0.7584920568007516,245.71470961263768,192.3313147341712,147.42759823629845,1048,1
0.1609121248199231,1.487,-0.00525001759160462,0.8076571741749157,251.26919853761842,183.63691036828388,162.4409276264436,1049,1
0.1619436980191727,1.7730000000000001,-0.07381768571474162,1.7978037634923165,203.29079221125724,195.45477973276255,155.32533243952398,1050,1
0.16265850862985157,1.409,-0.011139709592708437,0.8951521823576525,225.34969001337583,181.90064740543178,148.9611067011407,1051,1
0.16013031527819382,1.5110000000000001,-0.009597079973162092,0.6949240156709688,253.35732872119252,157.4092029463292,155.8621317307445,1052,1
0.16138345721811723,1.48,0.02537525879063713,0.7863924908241753,214.6456519486875,174.00684476247315,150.95510065032818,1053,1
0.16117226111805422,1.8039999999999998,-0.0031992348130616337,1.2723347745604343,241.65459838422504,172.08899981336808,125.84350410448542,1054,1
0.15793109080659,1.1280000000000001,0.023227444303374634,0.5698703336435504,215.451723089276,208.00956051516096,149.94212418676932,1055,1
0.16087231295104434,1.197,-0.004751053640880965,0.5929981114185137,253.68338965990756,160.50618374735106,136.17891146933425,1056,1
0.15866230261007574,1.142,0.007821483310836349,0.5714340899910453,263.4468242042536,157.50014357990673,118.63048738349865,1057,1
0.1604287964502282,1.4449999999999998,-0.02386010459820406,0.9332847406450671,201.05215648294617,196.9356225010596,175.26364850299333,1058,1
0.1627856154326815,1.363,0.0002076637926576641,0.6824234748135187,280.6390380634268,196.18649357825666,112.75134542566678,1059,1
0.15937683056546753,1.409,0.004896046272397304,0.8864559592157124,215.11899546656562,158.26305967343572,129.7700602814577,1060,1
0.15844853619723623,1.286,-0.005719796912561873,0.6535077306231916,219.0513901565313,190.04732450595318,165.02050459877523,1061,1
0.1618987692189455,1.594,0.016916897934233448,1.0680581476720894,300.49061143451075,144.77385558647626,115.29980731161615,1062,1
0.16015890256949697,1.201,0.015003593826469321,0.5397113039975063,237.13198153177828,178.7006946136597,113.42037242430784,1063,1
0.16117223551825893,1.399,-0.004288350239477349,0.855667717344125,227.2951157667503,158.8218595811276,143.35637012426562,1064,1
0.16095451245033485,1.946,0.04985417801425849,1.2699448281700256,311.6553552944532,125.77023829761762,113.90412658530659,1065,1
0.15905565140585426,1.196,-0.02212492668689815,0.6715656208077654,296.09396164481575,188.46782287974045,123.89200484085667,1066,1
0.15981424214439557,1.121,0.011445273686776456,0.45327091332522684,325.89273571455976,130.67637774766794,99.11789170467904,1067,1
0.157670699133461,1.306,-0.012352091312993892,0.6370815741135085,303.2947743963976,126.73976013587706,108.83166128346278,1068,1
0.16043074464741788,1.4009999999999998,-0.007529365833751733,0.8924995872847301,216.58424133640898,157.7027893888457,142.63852995013232,1069,1
0.15970682307258352,1.272,0.00022170407896752135,0.5462150178853258,308.35505709433056,157.55581268208866,153.19026145573298,1070,1
0.15972464816809545,1.8479999999999999,-0.016948671673996458,1.0567314699762997,254.25621827093542,206.27714873030044,127.9638466735776,1071,1
0.16002395679412154,1.409,-0.0454154179311324,0.9172755321113089,188.10292906012094,171.637969533008,154.3186059774948,1072,1
0.16051123920198315,1.379,0.02666895551191062,0.8188874107165298,269.54843900414335,145.37932084263153,124.02193868834284,1073,1
0.1617725109915155,1.22,0.03977453563507072,0.5983237250903906,335.43267805791845,134.8118377662572,130.78384456692137,1074,1
0.15924264142388572,1.255,0.046586629678193575,0.6914075474152077,239.04353468376797,156.44664572336103,119.05911175054366,1075,1
0.16073487061870706,1.106,0.01973961780563554,0.6859178358333069,299.5204398350157,143.88071487183646,112.73123439419409,1076,1
0.1600898891480092,1.463,0.009329339908551644,0.9078202202332482,252.5590477844513,149.9699378271849,149.36384695906176,1077,1
0.1615265201111531,1.316,0.03846568921036763,0.7187974931617447,234.486554960341,185.09915992385146,163.6272690057225,1078,1
0.15955438128092095,1.153,-0.011641373355630792,0.42476928905845535,203.571155237517,181.52913152569866,180.32762788210212,1079,1
0.16175978917682615,1.5190000000000001,-0.040951970999267284,0.8783983579844667,290.1127544002117,184.1227357471881,119.23759789088759,1080,1
0.15830314878126242,1.262,-0.007057280976222434,0.6156081658163437,219.37630680355204,183.65144016893058,155.46831854990705,1081,1
0.15830115728093833,1.259,-0.006621140913981537,0.5811029457203727,268.4877721473045,193.94040424231812,100.76868822034312,1082,1
0.1616138239018305,1.358,0.017095055786678092,0.7396030648747165,317.1557675779444,130.89484792141835,119.57049114251338,1083,1
0.1596732027907411,1.391,-0.010153402667100101,0.7512959386664075,287.4020973285036,171.6862323304221,101.74967512506576,1084,1
0.16154799817048376,1.416,-0.01510810500858487,0.7246751739423507,273.773793654231,142.0814493397303,122.08461667068407,1085,1
0.16065116715967434,1.264,0.03806751358307221,0.6146353320320013,298.3670880682515,155.03431903717873,147.59547227296528,1086,1
0.1589243715085103,1.438,0.0020628453117735954,0.8174087218546378,306.43607250028845,129.72993499307796,118.75776440180744,1087,1
0.1605991406713467,1.438,-0.04896269693933126,0.8236766491332972,298.74521569759,202.31031284915417,142.4895582964464,1088,1
0.15820173625933678,1.02,0.054621297570566635,0.3854728250360786,315.586903791088,134.85007923629354,128.54350469948872,1089,1
0.15976944096909812,1.3159999999999998,-0.005341485442493998,0.7018227408023865,292.34617911031114,148.60519001139647,127.28043359560591,1090,1
0.1615519403887164,1.494,0.01348114088163919,0.8982251765141762,241.6908905011338,169.94067863976701,145.31266361475502,1091,1
0.16105505567051054,1.133,-0.008527822589455725,0.6659786275365867,223.4790085804759,202.07617399082517,169.06440955369746,1092,1
0.1620620268203177,1.377,0.02131273835401104,0.8327322500900283,324.4858303197115,159.03365411052692,100.58941197825176,1093,1
0.16267642751289865,1.448,-0.04799485060183849,1.053664891716986,192.7222657647109,165.3872718025958,155.81547001852894,1094,1
0.16226946252082328,1.641,0.03493690741743392,1.0191865315852198,278.9782135855689,154.82471962129543,114.49420595539873,1095,1
0.1621770578586969,1.343,-0.04358571787671041,0.7719888478393675,316.27444152675264,151.68258698882087,146.89773592639642,1096,1
0.16134521126226717,1.206,-0.011653528135387042,0.6452725730893416,227.39044976881135,169.6931543736975,160.45240733547143,1097,1
0.16056491458869523,1.0859999999999999,0.03499772277814723,0.6235894054451716,213.96090396111245,183.16647396981523,178.71185714425388,1098,1
0.16121348378319855,1.3159999999999998,-0.004687686331462706,0.7689317356078726,232.64543002905484,189.99269437278235,183.67317842238688,1099,1
0.15970545917847095,1.342,0.0029161758091053097,0.6531795820807069,188.01738890048634,172.25250374521525,165.45709563758274,1100,1
0.15939905562940726,1.358,0.020218322823237534,0.8238013464328113,264.3535622221644,153.88071255112712,121.23576775067424,1101,1
0.15919564755111473,1.282,0.027389078026414725,0.7574914244076689,312.04084344581133,116.74696221195063,112.01915109813606,1102,1
0.16253103024043017,1.5619999999999998,-0.030062777879301148,1.136931645655502,301.4720233376431,156.54572975421524,150.05801896250907,1103,1
0.15844502124036391,1.189,0.05965471350564034,0.5965784703801407,330.6305105431747,133.28418517635112,124.09704420185973,1104,1
0.16194490979525647,1.536,-0.040076723243842295,0.8558400267881425,334.02797404951644,155.0139989664151,135.0749137988511,1105,1
0.16136991997958836,1.487,0.06265944658238701,1.0365905269567124,262.73143721217656,145.38346502767254,116.48543153022263,1106,1
0.15985133061814225,1.101,0.016052779978402085,0.4524092314290895,261.84249168232907,170.87531420840648,166.91026286146928,1107,1
0.15895027997429337,1.404,-0.04630672878169876,0.7812122001655504,326.3173677823453,142.6885706395598,128.7910706136805,1108,1
0.15963470262211157,1.074,-0.006767821412979652,0.3745554753210105,277.39309052402996,126.9216285209469,114.42750269378531,1109,1
0.1599507892461577,1.2349999999999999,0.011674919403985164,0.5731242642126957,322.2356365291981,147.62679112725144,146.38938730152836,1110,1
0.16145920083772325,1.292,-0.015960788653663547,0.6908190456544925,330.51881459302956,111.23615816990888,109.70168846285596,1111,1
0.16259959072610508,1.7109999999999999,0.01585708501623744,1.2330055745273567,218.93137909659748,177.49742563020675,138.56826291021002,1112,1
0.16137907155615974,1.8559999999999999,0.001099391573241384,1.152422928288308,317.6889353426256,145.87143271704988,130.61174767690397,1113,1
0.16040757445147735,1.233,-0.013178407202202466,0.6443748888850549,297.25897501455614,148.4914580620419,113.52594437843995,1114,1
0.16282946243813073,1.589,0.04698602365535136,1.0499949130632906,303.844904832616,150.3237152272299,130.16651971579043,1115,1
0.15882133086181702,1.631,0.03931308979919593,0.8975445598331286,278.8654653491653,167.20033210310027,145.92269881529128,1116,1
0.15965646943491477,1.4209999999999998,-0.01550444221237465,0.9537111890049124,268.5026830102974,149.02303930683388,122.46368843849774,1117,1
0.15954925048422547,1.46,0.03403050522453416,0.7490926918429577,296.91862318981856,136.71603389181237,127.06422176560575,1118,1
0.15908689799377335,1.3090000000000002,-0.004758296734072841,0.7272075043027346,252.48482443612076,189.88508144308267,133.24822975700417,1119,1
0.1600151064035635,1.709,-0.024013043597604256,1.0644964504738823,301.1088107007726,173.93046304313222,124.61720721167232,1120,1
0.15991108567658974,1.3599999999999999,-0.017311466508260962,0.7501899802314704,271.3229445690274,151.50046117812056,140.9421273876793,1121,1
0.16016112294416013,1.401,-0.0032139294359323995,0.6866605941811854,270.91178759963935,182.37416666155653,181.77728834310767,1122,1
0.16007693295066167,1.296,-0.03419533563205563,0.6822111851738448,267.60681436042813,167.7042603387385,164.6041666064998,1123,1
0.15970234764633237,1.311,-0.015931495467272978,0.7686784876904702,241.42060012448658,169.20983008901322,103.62690198954682,1124,1
0.16023836279167436,1.524,0.037526657554065104,0.9134834554998217,318.2291299362266,138.5208444254314,120.47581163740233,1125,1
0.1612642122188867,1.323,0.014440830471457073,0.7454734340406595,320.4159600539703,128.3934568330508,116.7868961647649,1126,1
0.16095423380843193,1.279,0.0588676162763219,0.6785193540142962,289.82314880229563,124.98493109738256,119.88689476580689,1127,1
0.16125764002007392,1.299,0.005208812337072403,0.67515858806409,326.95289545478033,131.13085736004476,123.03493688905519,1128,1
0.1590652593694841,1.3210000000000002,0.020237778424092506,0.7224603779656511,323.5177272464018,138.8147959387918,115.2158116709236,1129,1
0.16224657492292016,1.53,0.03258592471978714,1.1213173165089119,186.19485127360943,176.21444165036488,173.0616357275319,1130,1
0.1600874297259157,1.4329999999999998,0.007896528558221646,1.0646269741768695,333.54236980500593,144.4435000202115,113.47500327724907,1131,1
0.16018690453581289,1.262,-0.011074840605357582,0.6259338861183554,310.1112136657168,158.58634833372898,135.612878084077,1132,1
0.16213992678971767,1.304,-0.017089805953515023,0.6834736113939028,277.4262565493092,134.1845365295171,130.7079310978339,1133,1
0.16391538374217274,1.9580000000000002,0.02523069255878654,1.164243963625644,215.08477922315646,213.47286963531434,196.42125552846485,1134,1
0.16336066116184267,1.2570000000000001,-0.01569359711569042,0.8240955740684122,262.9195310871368,172.16126682158188,141.17086183419556,1135,1
0.15897925636723215,1.409,0.009603277454455219,0.5472466835754668,272.6295274887245,125.30006976411384,121.09579044086239,1136,1
0.16319314773236307,1.699,0.006316793470476454,1.232916021749002,310.2861431503191,151.37122239993883,108.86896338666071,1137,1
0.16036092759649834,1.541,0.014388345154045171,0.9269009531591808,279.43649421707534,177.26255259156915,149.13266590128316,1138,1
0.15969681708998423,1.02,0.038178618673411,0.3208487069506569,282.47558052631206,131.18932240898067,122.71591688334047,1139,1
0.15993676637434323,1.7670000000000001,-0.03605304819870909,1.0731690956287112,306.8896910785274,137.66818426326344,108.87236356952653,1140,1
0.16240593897290787,1.494,0.02822943114345162,1.105369650809207,292.5387956541549,141.55914079654494,133.5707326061955,1141,1
0.15893094495305776,1.177,0.07085939279047271,0.6309482220669866,268.16137963832244,134.02371149477074,111.32877917775775,1142,1
0.16218839233858567,1.411,0.015358852100359022,0.9099776548385075,324.99997232925097,139.58904202445447,126.34975916709546,1143,1
0.16089403766896357,1.316,-0.01676484473135916,0.5464818831742084,306.9459148981336,168.61033424530717,122.31819224722366,1144,1
0.16362920849009124,1.3450000000000002,-0.035526643456893554,0.9618672347804873,263.5532220023842,164.31201097602494,143.56197376205984,1145,1
0.15897701011811033,1.397,0.025808477957887967,0.564093047412932,290.25863096806575,148.4884290568997,145.40947699617757,1146,1
0.15938312035072716,1.338,0.016667603202572698,0.7002937320595368,260.0434754039524,165.9754560125099,121.65029814347241,1147,1
0.16277444972837413,1.641,0.056161187489111926,1.0850412848167759,293.648965421613,146.63091998703467,118.02586175330339,1148,1
0.15905121613954654,1.4889999999999999,0.06655094341280046,0.8628698120555804,218.82985847554218,183.27150937779504,165.86198858954697,1149,1
0.16297130885455152,1.306,0.011025848486690153,0.7398437478196023,294.80218504119057,148.29522078691102,136.08216432558328,1150,1
0.1623801333748798,1.198,-0.013843247277538665,0.7128554106004406,283.900552585903,155.48602250814344,135.627429341231,1151,1
0.16277754603196196,1.526,0.032597874620780204,1.256758477592511,324.9447115597649,144.54992559602564,108.02424502750932,1152,1
0.16083675730379546,1.396,-0.01852688287876356,0.7667146532278042,293.6575675741987,156.90929069036486,152.43399457815494,1153,1
0.1617194779572988,1.159,0.024861037408289717,0.568761211723126,224.49087155819936,182.30442841027332,164.21566890423205,1154,1
0.1608008014715917,1.65,-0.08378752423166408,1.1225714355998067,201.2691702244291,192.16521012082134,179.65808162868083,1155,1
0.1593345806589078,1.269,0.001757128316586275,0.6676560028070004,224.63832129823632,203.76518384222047,179.5999180631302,1156,1
0.16085965107431385,1.509,0.012508364595102338,0.9405666937180763,247.37777817204773,137.21003223739302,116.18110401952212,1157,1
0.16125977047676446,2.058,-0.011874715803004223,1.745290285212806,235.36244944933284,180.46975629638834,140.8057414408025,1158,1
0.16224350098935011,2.239,-0.02692469795655373,1.6987668187909755,328.9073782388996,163.4847673927709,132.64106451565948,1159,1
0.16102184637422845,1.221,-0.00269772196772018,0.6715291875603362,275.16233061903876,154.72494844676,109.21482362189143,1160,1
0.1617134200510563,1.338,0.026367149167389376,0.7355402336145405,312.22340191058277,137.37226228964013,130.00750369263068,1161,1
0.16094148917992876,1.6920000000000002,-0.04474246109911935,0.9189476506504253,279.00096195912215,159.2703570585757,134.63738369901867,1162,1
0.163582366037772,1.938,-0.08756992017604776,1.7467467888730397,296.30975364550375,143.79803822328154,133.0809610931551,1163,1
0.1628626632175481,1.811,0.03743138296653356,1.1623981001538413,290.28831531018267,151.6776689592167,151.0500426305002,1164,1
0.16191550862593043,1.697,-0.04966631512716345,1.1191350877862565,337.796652880784,145.4464257985989,120.86530008624409,1165,1
0.1603943778482042,1.196,-0.019871534249387878,0.6292339393314461,214.55237718629058,169.5897742209706,161.74221863473124,1166,1
0.16216076595055867,1.374,0.013231969630878176,0.9103669262901923,274.43681500903233,152.92106200643906,108.1840466460498,1167,1
0.1636482005550989,1.597,-0.0402378113220328,1.0739698620599318,301.70196198264625,171.93081377662395,116.68232940179406,1168,1
0.16256045540092537,1.3359999999999999,0.0024327113260335168,0.7242843508262005,193.62710520277167,184.90625458574314,180.68273243149247,1169,1
0.16072907878656595,1.362,0.04980306325899786,0.598173023470943,206.9358077568128,173.68410591653847,168.8467298713673,1170,1
0.16004618657105674,1.377,0.03303806149822595,0.7194396843975199,225.6213262614473,199.61292618756661,162.57231726377364,1171,1
0.1613870423590638,1.4180000000000001,0.0027508259530739532,0.654384725921362,275.34657970501814,160.6165852608384,124.6968324993681,1172,1
0.16328176898840963,1.438,0.03900946021440387,1.0767239842600302,291.95106275275776,149.46106730241382,134.65859449481874,1173,1
0.16022431343349353,1.367,0.05905449477360958,0.7833573277478525,331.05736278635294,134.89294327962548,132.0302775324856,1174,1
0.16303884233926627,1.702,0.02407279026056079,1.620093843056491,251.18768636770346,174.78026071262738,136.0945127909822,1175,1
0.16043673107407286,1.931,-0.05051087678664119,1.1902274366946877,265.16628273388454,174.86905578301946,118.68858270621882,1176,1
0.1603279194277992,1.323,0.011916262071493941,0.6677455195115516,279.75234087283934,178.52355273521678,161.06529300789003,1177,1
0.15973558259716666,1.262,-0.021118859921004412,0.5939782771568018,208.14861815124115,181.58333768778968,156.81738157802377,1178,1
0.16197029545977906,1.355,0.042873753711378124,0.7093451891908535,228.90095269146897,193.28839613711665,146.6415406112626,1179,1
0.1631675323203597,1.624,-0.019980673827949106,0.8706969598367542,258.91435014797423,215.35668066287948,132.26517846411258,1180,1
0.16134981936458553,1.504,-0.006894705321780778,0.7174555108162854,303.7517408369155,137.54594794944526,110.96703794244634,1181,1
0.1612477361759693,1.674,0.01116203545785046,1.0750415701990086,216.54146631831193,162.17631594730534,144.69045777271884,1182,1
0.15931439212170814,1.275,0.021849429452968003,0.5644040969871376,230.41363299816803,198.74017412627887,176.79678622042277,1183,1
0.16059254399114198,1.379,-0.002830237773598117,0.7321281097445245,234.59915578778364,184.30444651200588,171.07842017096598,1184,1
0.1611825856838585,1.374,0.0018889951397927022,0.7265977767595087,242.70090729510028,154.99327055694914,122.21023933683007,1185,1
0.15926859760053336,1.254,0.0368822901274404,0.5719161496903626,272.74605580187347,164.2424571252047,131.35340437694572,1186,1
0.1627701030451001,1.4969999999999999,0.0004291172587202455,0.8929492576517237,215.9040493276321,187.88675756591314,176.46464093361803,1187,1
0.16194704538154592,1.343,0.07980799749929295,0.8623851300667229,219.0383222501655,174.96461458239887,159.51916802899217,1188,1
0.15987775481402972,1.621,-0.0330304402451876,1.208069406165226,226.98975271468365,173.62000997265082,157.1683937293574,1189,1
0.16276235687176913,1.516,-0.05224188361269895,0.9418390160383234,321.9080736001388,206.4361691441729,108.40471095550305,1190,1
0.16143859913001754,1.7600000000000002,-0.02622342297469273,0.9273333013625051,230.86518574216407,174.33077838222826,169.8310952762419,1191,1
0.16076334433215606,1.418,-0.02219342827397471,0.8089132398054462,215.86030584702684,185.8429592623694,157.59174731961755,1192,1
0.1643171085377391,1.916,0.02781219731148227,1.7625390019459246,224.5020087287765,199.06790616203293,180.96270103818568,1193,1
0.16223663062454868,1.272,-0.009583753726820207,0.6868954581987086,260.540958263877,172.2680045858152,153.82413781860458,1194,1
0.16177655549012657,1.56,0.014055939784477611,1.0954884297357435,275.6678093524506,194.12369048779087,142.03388637774765,1195,1
0.16154599679976986,1.33,0.01879777856955671,0.8624519147982044,279.27824087449466,183.2620153510781,102.09714654075198,1196,1
0.1620023856281714,1.4769999999999999,-0.0556813419918632,0.925898659280386,294.0491914637773,194.72050594095882,158.18505060405988,1197,1
0.15961368921604516,1.228,0.03205666717743449,0.5376802599439872,222.47151157441826,208.50316769647748,154.09917991970164,1198,1
0.1627014477009482,1.391,0.010235058703798382,0.765142274705354,267.8728514861129,196.5406692548627,103.70575119394229,1199,1
0.16156748722960168,1.513,0.028094200203591307,0.9066495483190278,307.730484653146,199.01562343878402,129.02410565637786,1200,1
0.1622793572667882,1.448,0.0014955937613094147,0.8460281388881681,283.222122137025,180.49267823451595,108.39137823364072,1201,1
0.16225171943305988,1.248,0.02895254540106917,0.7545200045190912,220.3799791222158,178.25205776424474,134.70684218723446,1202,1
0.16136857589120707,1.252,0.012463353725881319,0.6840511689708499,258.1573661054849,190.2417110112453,137.07540286822984,1203,1
0.1614965921237291,1.6360000000000001,-0.016954200122683692,0.8830689846625086,223.03739408491737,192.2364152047702,173.25362359933268,1204,1
0.16195805859586188,1.6920000000000002,-0.011558041625964525,1.0088533215784876,283.23910857471054,162.9520419941467,139.10185258363214,1205,1
0.16223129586912322,1.447,-0.018810883043628473,0.9963895201731341,291.7486034032664,158.89196006266286,118.38120438142502,1206,1
0.15978821402044568,1.353,0.0031648775962517532,0.7527427172464622,274.31680128064585,151.8821839282104,112.61795525411554,1207,1
0.1603917809261805,1.2309999999999999,0.01697984548763401,0.6700108380114647,214.6320159260271,168.53093357705959,118.38135269455253,1208,1
0.16129935094486392,1.363,0.04332991032414688,0.7325130732649336,276.3620358127287,160.5500219528141,139.95208530444918,1209,1
0.1601664123300259,1.5459999999999998,0.059170915750380755,0.9941700801012505,223.1769939614499,161.8475150508459,156.6032504710971,1210,1
0.16005814083409073,1.241,-0.009671044666678104,0.6684229784461087,284.3431580443997,138.31882917958293,114.8703236654282,1211,1
0.1610108817836061,1.177,-0.00195760661546212,0.5418499622109656,305.40446334899207,155.61652392691667,155.51991404357517,1212,1
0.1599061327437522,1.5310000000000001,-0.01599684545867017,0.8559313214166306,310.35012642172626,130.94085786867836,122.50570488844787,1213,1
0.15897341255202865,1.367,0.007935589115427834,0.6758869503514218,279.88429230148733,120.03490035036891,118.96256198839257,1214,1
0.16240237016122755,1.543,0.03184913433417255,1.1406667150795267,318.694271025256,142.9151555905782,119.07762337536353,1215,1
0.16140734828401748,1.46,0.016960488999532664,1.1556135819897646,301.41104302855626,149.95893074450714,104.78621013358698,1216,1
0.16283290044335905,1.404,0.09240820257704711,0.7494524973310916,238.08948962665428,174.1488283091447,136.71718391388148,1217,1
0.1637283941793447,1.464,0.046804506597264414,1.0193643979659237,245.17308430014188,190.3113871253505,182.95998942369133,1218,1
0.15845368445444083,1.121,0.003166453192840114,0.44807420979630574,318.62310217149235,165.32374168963932,122.8039214670923,1219,1
0.16048384072786154,1.275,0.01584994328588634,0.6197120810764116,237.63076661001298,169.6244242936476,128.79256211948308,1220,1
0.15671258727289786,1.208,0.02503664873509081,0.611606697118924,280.45951860851824,166.3517326614538,122.91758890506685,1221,1
0.1596342906091334,1.5870000000000002,0.025618876032077856,0.9029550541475353,218.52038945504597,180.64721993054187,162.32750453893817,1222,1
0.15838918164233354,1.103,-0.001230702413440092,0.42514893895739814,265.7112596238375,148.22793830162186,120.74598854812659,1223,1
0.15951746573651424,1.956,0.06341851905339424,1.210709030586922,270.3972227315211,161.69865442007887,120.40635705129591,1224,1
0.1582611390543036,1.328,-0.05747466822536914,0.60601221104042,269.2402926257806,165.0021057210643,144.56499163228605,1225,1
0.15931345334282232,1.314,0.0014307338307608774,0.6308361500524367,215.96178548123038,193.6896705720448,137.4370049713293,1226,1
0.15936720569176083,1.362,0.02652364701194697,0.8142825540593552,224.08680027199333,174.77303650770176,173.11884333410876,1227,1
0.16031497698500638,1.621,-0.02573777191004729,0.9897716099858398,235.19604024695468,207.70624700449756,193.2624174732023,1228,1
0.1595152905827134,1.282,-0.03143057445303625,0.7154038123375859,247.09599468461397,173.29818700588513,142.71696999891842,1229,1
0.15884669161032872,1.26,-0.02872332675659021,0.7198162450245285,230.13473735768966,162.83391638929837,125.86242282119672,1230,1
0.15761348543514805,1.169,0.033947680426177664,0.5432520655799546,253.93277438657057,171.1506037546167,163.81572874780863,1231,1
0.15816308304988164,1.092,-0.008884116504753235,0.5496990101869752,293.7286291737605,191.792052229683,131.37280374926547,1232,1
0.15783952383101998,1.3359999999999999,0.038886930297516484,0.8775186769934864,241.04426784565723,184.76872727741468,121.05414248901255,1233,1
0.15988234596346543,1.214,-0.01789655225874647,0.6614659451841263,260.73917783390925,165.26444951696544,156.25349938714407,1234,1
0.158716186728662,1.089,0.017847501305962774,0.4680703122656924,280.4917788530412,212.21651627828956,99.61123527592888,1235,1
0.16112508030690395,1.767,0.039721077764225975,1.237526137617479,232.0957241735307,170.49048960896442,131.55275040000527,1236,1
0.1586025574832713,1.045,0.010462638261678696,0.48315052424439475,248.8223642421707,163.29443509028746,119.16068196745285,1237,1
0.16051119463612382,1.27,-0.0020733102675050095,0.5876814839725806,263.7628429462462,158.15459483372564,148.48441139951206,1238,1
0.15974282523745392,1.3900000000000001,-0.0036046327131844893,0.6923235782174926,285.9365517758531,159.42220781610163,108.51585698863678,1239,1
0.159945030077475,1.179,0.02098188311292122,0.43350165419981757,277.36813888991844,157.32258379936974,127.82690252142115,1240,1
0.16090158261219611,1.491,-0.04805447995218874,0.9733438512879795,225.58362784392045,190.7699546555194,176.26225397742112,1241,1
0.1609065202282155,1.262,0.029692998737452323,0.5650034892464175,257.4004668862077,162.7105779037445,119.47089640335683,1242,1
0.16012163101451973,1.533,0.04851580753036257,0.8103435089308455,282.07199954029363,171.59345954035314,128.84540873894775,1243,1
0.1602065652671185,1.6600000000000001,0.05492268401518622,0.9901862891828568,302.4407731823208,123.2729691354126,123.1317124245462,1244,1
0.1616089864517228,1.267,-0.012914708407733082,0.605184439598907,293.88520190473594,152.69929405562104,119.12415420409047,1245,1
0.16029490156817214,1.224,-0.00776761522270629,0.7635683716873585,299.01776425067146,141.21614973260225,117.35962171747833,1246,1
0.15978872861678556,1.401,-0.00364512066611662,0.7731995850580629,290.03626971510255,151.30748187604928,109.83094133555416,1247,1
0.1607638623372608,1.203,-0.06055539192949242,0.6688478516870924,258.4843833503951,152.63422581480245,107.09303685040639,1248,1
0.16142728837960996,1.435,0.015009089493565879,0.7133559494222679,305.41667299736605,146.73603287148893,143.85918274508109,1249,1
0.16088003479519492,1.369,0.0008105418632056183,0.7756983417377912,315.4562686598758,136.46798099324408,112.00983214981112,1250,1
0.15926876867053416,1.228,0.010544906323172867,0.5328433616253601,194.88919244514776,180.94384673037783,173.27886011620927,1251,1
0.16075760197202768,1.2229999999999999,-0.009649747995235691,0.7681476301409167,336.3200176107483,137.33332368839177,121.24869101938064,1252,1
0.16165124829155741,1.831,0.00959380798562122,1.0703253802665884,311.21366335698553,146.06629638380485,145.52416236661986,1253,1
0.16273498259608127,1.55,-0.021621395671625028,1.0136478428848665,215.52066887895876,169.01534238871935,153.33719784354102,1254,1
0.16322847981003116,1.643,0.03883209400056615,1.1383622319009454,343.71171088850156,200.62012061507835,140.913507967418,1255,1
0.1598898928388885,1.2770000000000001,0.01958448030433416,0.6851912260921984,255.8609994981756,156.26454031943848,119.3513426164511,1256,1
0.1583636249121385,1.3399999999999999,0.03072761983126915,0.8223029792794776,298.1864343126483,170.95453602030258,130.6840530284962,1257,1
0.16058035949476746,1.516,0.005391525475994718,0.7609709183794671,326.966235705603,146.06924931999637,127.27560575596722,1258,1
0.15848184490980544,1.145,0.012096948215317673,0.3990382101807297,237.4669006797645,192.46239698366242,136.12955870983933,1259,1
0.1608783799178746,1.262,-0.01826205335777723,0.5711240057657565,311.0543626794817,141.58480035496078,126.03765807552834,1260,1
0.16083727127762162,1.357,0.00935977144688639,0.7877318909346078,266.5856828071076,166.64088754639522,131.81068156218257,1261,1
0.16048636374850903,1.524,-0.01632000969020075,0.9514515086256674,300.26827182342845,140.90565451785605,112.01646329229749,1262,1
0.16022315005173254,1.287,0.017619920384990793,0.5888854485965247,308.73630519458686,129.0733624774244,126.14808737450544,1263,1
0.1605577633169076,1.213,0.055013468016616,0.7641814686738697,335.7420570430849,124.65751255533252,118.69004132725901,1264,1
0.1598322180896365,1.479,0.002442233341074774,0.9193166219588043,277.432939167453,150.81938672378075,104.16098304809891,1265,1
0.1606118212614073,1.37,-0.026201002614044015,0.6115058611308748,311.96490500220955,124.68455742967153,120.41364083443598,1266,1
0.1628454639134523,1.3010000000000002,-0.01943307631270278,0.7902184687124216,316.65224568457404,144.57384386337847,128.2592446469657,1267,1
0.1621122481673096,1.28,-0.02241747301224337,0.6844450177621879,247.36016458358668,160.21376591031955,119.28222785839637,1268,1
0.16196776043374148,1.431,0.009576579587796391,0.7786327373146444,313.5451268715721,147.91511432873338,108.81635417680013,1269,1
0.16556093292128315,1.5870000000000002,0.012635315844568604,1.0790117037352491,255.30259024312565,160.22810879927565,149.62279952213146,1270,1
0.1604704025596504,1.218,-0.03930389091269477,0.6950815498087346,245.34495943541222,151.30717643931771,118.26968913973445,1271,1
0.162100841191043,1.489,0.00962829297063737,0.8547781884561116,315.4216757887341,167.54247961554793,95.6164375115348,1272,1
0.16338718333972066,1.55,-0.041777089145248573,0.916528456341819,309.75439268471035,139.2088557251486,127.49627438071363,1273,1
0.16004250732349398,1.1989999999999998,-0.005541992809892982,0.4702577619274977,280.6363013493969,147.43597184259795,138.54325162349417,1274,1
0.16309871899764228,1.099,0.014952548323905482,0.6037134240698445,308.0735878796647,153.5879781519983,122.66774584111779,1275,1
0.1588409020930515,1.494,0.043725367326911735,0.9666039919777645,236.2380269534614,172.98257693709974,165.45515566035237,1276,1
0.1605390557706578,1.4449999999999998,0.01918734137103681,0.896644254701815,256.7691485329828,164.42885501468933,114.28262264127144,1277,1
0.15993085893182676,1.1139999999999999,0.0614275206576635,0.5907131380586508,317.4543831967386,139.3451681422984,114.81399876966962,1278,1
0.16127802611944497,1.3570000000000002,-0.009945295409647857,0.671814683033154,258.4077114239829,168.39341507893897,166.78763337810142,1279,1
0.15980079029255456,1.365,0.0034567528175792005,0.6639169164324552,259.3632535352978,151.17711113071454,121.36747075215736,1280,1
0.15975050371595076,1.262,-0.009021364428875805,0.6469039272542791,297.6577433013195,167.94088929320938,116.31650581244857,1281,1
0.15806775998933772,1.279,-0.019499356582036997,0.766168006623448,291.4400123632588,128.1176576518593,115.69997051928553,1282,1
0.16052663056668745,1.213,-0.02767436795607358,0.7372357526239814,292.7804564769224,162.98844540717275,115.66694773483721,1283,1
0.15956169258388547,1.228,0.01314646687221695,0.573388469673298,252.62157709524624,162.5752221747921,156.42597021767463,1284,1
0.15968777947627208,1.279,0.01583689626743961,0.7654639861315888,282.1513377492292,138.7427392756211,96.50235662542119,1285,1
0.1593076758844442,1.186,0.03890098605394873,0.43649402077051214,252.81721073188137,147.58639722717976,133.81909460837676,1286,1
0.16045931340924285,1.2850000000000001,0.01588153584709419,0.693869811486568,286.70366650077085,148.87475331633217,119.51583276802064,1287,1
0.15995826512572348,1.204,0.05274497346096264,0.5711293909241677,231.51930596103924,157.67648225418776,148.36087426248824,1288,1
0.15911681661007737,1.5310000000000001,-0.009814502990555238,0.7195075987356128,282.10240857979426,164.66529467098826,123.94880331003975,1289,1
0.16193493867981168,1.338,0.021185727058751536,0.6771122129602545,218.05146932748218,194.57007512145208,192.53526824440868,1290,1
0.15897744164857164,1.245,-0.036974522293751894,0.5903287998991282,280.6653238082738,153.4249423235878,122.94387722421051,1291,1
0.15930791357658602,1.184,0.0028679143825398198,0.5738948023405102,278.2911790034943,150.62409722619716,136.41824161614977,1292,1
0.16219278757638045,1.487,0.0321603778312255,0.8648619333258782,256.47806732974595,163.1552831726084,150.2739288699788,1293,1
0.1577525396611137,1.338,-0.016712429089587845,0.6751147601865832,222.07923298996144,176.12733707402907,156.96482499134916,1294,1
0.16024508481395383,1.2229999999999999,-0.02358766104852169,0.6373629268345438,281.94811725326554,150.9884376379457,140.96847663377892,1295,1
0.16203325547215996,1.116,-0.017535518225253545,0.6359485825148812,249.8016571358576,164.98926964044207,162.99896144243056,1296,1
0.15871096084327913,1.216,0.003961177891582197,0.5372426738901015,243.80687951687395,182.4200497316853,137.3286509608983,1297,1
0.1602634391303113,1.289,0.0027083427329362263,0.7690582446461449,223.35459762008185,150.07557357411488,137.21037702653584,1298,1
0.1597549027575621,1.558,0.02669473065793185,0.7271951954538634,258.4069168552078,184.9769130428985,138.6848831960959,1299,1
0.15981917959373845,1.145,-0.009875062356342008,0.6437704543689611,241.01024474670317,173.96678925012662,161.54362399961616,1300,1
0.15832646673364303,1.182,-0.003298702227127371,0.695737038189502,252.03792616030472,183.87150050827205,140.67388709431907,1301,1
0.16047038506348105,1.2650000000000001,0.036306863239586956,0.5520926882696497,304.50515843655666,208.3157458045976,163.2589158082285,1302,1
0.1615134605821408,1.442,0.03361181018282391,0.8165725962968775,280.5934140680317,174.25542927248858,164.61654349248562,1303,1
0.15948728458818434,1.326,-0.0022352007606956928,0.6599675494028765,279.098591888197,177.23332076170388,129.91565143676505,1304,1
0.16302489445154533,1.399,0.014233939191651637,0.8677314093597959,214.0407110200598,192.43882970290431,133.7689840209815,1305,1
0.16002671926558468,1.299,0.045821829743634676,0.8561037194657368,303.9215740727978,205.76492851983392,138.4194126186281,1306,1
0.15977228439666288,1.1260000000000001,0.030962172543223157,0.5323829158968039,227.82039833642276,183.90946788117128,181.24172759569083,1307,1
0.16100837547362637,1.3159999999999998,0.02159159115479961,0.7731659249372966,205.63183107226257,178.10314807233632,161.5775047030079,1308,1
0.15984553945723665,1.189,-0.015338845099977934,0.553061150372244,279.0736743811872,155.52942238083477,129.26751929526134,1309,1
0.1589686639964383,1.172,0.01966828154967011,0.5494767914723813,318.30398475058354,162.3507869136408,126.90642637805884,1310,1
0.16079591041033198,1.374,0.009565286631166642,0.7413205536113834,204.39958306292303,179.71753154665294,177.0471935118899,1311,1
0.15914432371744955,1.413,0.024069551455210204,0.8812455033335787,242.4649808828138,189.64613724235792,143.10903330342418,1312,1
0.1582473671162296,1.2570000000000001,-0.014229653123609314,0.6543190420375504,327.2942786014547,188.4543943546996,124.75195157823033,1313,1
0.1603518981802211,1.318,-0.005822675840901813,0.7726267897776795,242.01358826176494,193.3263715572046,139.1066254981547,1314,1
0.1607100981411288,1.428,0.03889892333421837,0.7255774878330028,225.3898447672346,165.26406246354304,149.82955643376425,1315,1
0.15972749346298762,1.643,0.056547666471905816,0.8927755126405277,263.69343355423155,204.60562110833249,164.48455982381682,1316,1
0.16000611407995868,1.235,0.03830118911766643,0.5305595361071189,295.52259226924224,211.38569652655517,119.72140460052347,1317,1
0.1602148057589404,1.2280000000000002,0.017761252821703207,0.6643593415275353,219.4579664980194,189.90073344087645,146.2602665448488,1318,1
0.16293352537586073,1.584,-0.04435253639513034,1.2354769246624793,292.72529137464335,214.6684141905099,104.9457492276853,1319,1
0.16138327734629523,1.279,0.010586555209613645,0.6920370864819918,315.87260432776753,135.97153791134508,118.04258179239164,1320,1
0.16138134579167213,1.4700000000000002,0.0344700296917027,0.9066336103432029,265.00322693455377,143.07400572865825,140.71331888662283,1321,1
0.15835443751552836,1.1280000000000001,-0.010932398024283098,0.5133438296259043,304.3845380422508,147.63366474548758,146.99337173194098,1322,1
0.15995402125615857,1.157,0.03699943908591561,0.5362121055160993,317.7563387865196,155.561181892406,108.14721005219333,1323,1
0.15942917155334999,1.311,-0.009038711482634925,0.7825037438169851,287.64152127679347,124.03151173809609,118.62865954868583,1324,1
0.16037303894699306,1.599,-0.052580237137029785,1.1135293695168045,337.91218659139287,118.6483621856672,115.07517681095047,1325,1
0.16183192658105972,1.204,0.01969520835861726,0.5509160052748063,301.9443176322498,199.92837461569016,154.50034820342992,1326,1
0.1584222830771941,1.687,-0.01634860302672765,0.9625327561463899,239.78877901271528,156.2558677144634,134.93411132771155,1327,1
0.1605641345649574,1.492,0.027379987871057044,0.794140156848484,304.56345308506,145.92221557350706,124.28595600701549,1328,1
0.1621402824451908,1.179,0.0010619545747187764,0.5057323109560206,320.0288903658889,139.00367704547634,138.83834000028557,1329,1
0.16070448422492759,1.111,0.00486980496380091,0.5710281257232821,299.2574118173866,130.11404255250176,126.82876826815733,1330,1
0.1586672260520328,1.154,0.006947753980986334,0.5376217222226836,270.4343381568419,158.429278539272,132.67269077267377,1331,1
0.1610032843402872,1.442,0.01501517396646216,0.6642471895784654,259.69085980991264,146.91059621102886,142.7851542422179,1332,1
0.1595409630674341,1.516,-0.009671854279254431,0.6985808638104318,281.97162299827414,156.48840319031896,150.64874979396845,1333,1
0.15988445153233904,1.3010000000000002,0.010804479711029123,0.6663585220186623,334.2482994660305,144.41452815278836,119.47864620051882,1334,1
0.16007235302551467,1.4769999999999999,-0.014394741073134914,0.5962013808328006,289.97455352757106,129.84085394478623,125.78055158500476,1335,1
0.15879595899076548,1.262,-0.007751026668230297,0.5853040691353328,307.8278859319003,136.12273483995835,133.77779525560183,1336,1
0.1618280224123456,1.3330000000000002,0.017254027460240587,0.6944107561803188,323.0702839238992,136.8869310863403,117.83404084261072,1337,1
0.16194252512948074,1.741,0.019301002575284783,1.396271396915818,299.7025639803458,129.03201802567557,118.64358904298328,1338,1
0.1599351145594382,1.675,-0.10076667651961116,1.4371012023294298,296.40126780637365,185.23984298680747,133.93496075458512,1339,1
0.1581861930753993,1.221,0.020844381527152293,0.4984343509332154,322.19392593163997,177.0666530759054,143.36841687092962,1340,1
0.16045050970456007,1.231,-0.039288704007960834,0.6209423748273819,282.6134376914905,158.4416817273269,108.3163582328684,1341,1
0.16023484016875433,1.535,0.013514780923087619,1.0225510271138587,270.9499082608668,145.14151938107165,118.61396036987215,1342,1
0.15934093569783783,1.369,-0.03666437043445142,0.6766396949385918,252.10491122412253,164.06446427841604,157.73363854623472,1343,1
0.16163064659268286,1.46,0.06567276088342065,0.8833101612764618,265.90320070693485,162.01994786542937,117.08276344794636,1344,1
0.16221865142190225,1.411,-0.004937631002461411,0.8308897611813157,334.74318098029687,178.5304634185229,140.0589039416652,1345,1
0.15883321161308842,1.407,0.016159830513762612,0.6346110561734672,312.10297202771505,133.06311165350874,120.41339274279879,1346,1
0.15985880794176624,1.421,0.0005332608738076576,0.6825655036860985,294.9095665921877,138.7441617261681,119.38882317567383,1347,1
0.15818744490195605,1.499,-0.005352237883305242,0.8288318244132076,289.21899511517404,130.52712174653078,118.09364830388724,1348,1
0.1586937172620186,1.651,0.0655026894355872,0.8555347630571886,251.24133063086907,158.99188557685528,112.52754183588135,1349,1
0.16120122566609102,1.187,-0.012777207312069218,0.7155829470541168,290.3315465322141,174.45684052454484,129.25604522291437,1350,1
0.1607848113672627,1.528,0.02185571133359997,1.0721575651415014,311.18377930803496,141.45961865462016,123.86136003146463,1351,1
0.1585759706782919,1.335,0.026028837471426505,0.6162544510324777,208.25315322069866,170.47747563865315,160.7566631318426,1352,1
0.16158794921661468,1.4089999999999998,0.046747141133418275,0.7731075275953048,313.1411838517086,146.2815414223153,134.45430610263494,1353,1
0.1580217196058425,1.274,0.015734287516726595,0.6505812928354762,313.58903715997457,160.98586399079494,141.19065237042773,1354,1
0.15975281366726965,1.399,0.02714254278808571,0.8094042944617308,264.28639978873883,151.49683179144495,136.6572263175989,1355,1
0.160114127387506,1.226,0.007519284746915901,0.6295930216704342,305.8793271136501,130.69655171249977,115.09513612658515,1356,1
0.1608225656039036,1.214,-0.023699750858199028,0.7587633883999381,321.027905758173,133.2387343649288,125.95466605106846,1357,1
0.1594476361745154,1.133,0.01927893194126235,0.5204068538505027,231.15796902142844,191.66797907986972,161.50391519503947,1358,1
0.1603169235196237,1.318,-0.040214449824447086,0.8000816994416988,293.37863656305956,169.3896099466144,151.17682051031852,1359,1
0.15972116037728257,1.36,0.02904187534401537,0.6696250335099054,340.79621619571157,133.79043596912229,127.09377572062623,1360,1
0.158744758925541,1.343,0.06193918321949438,0.6795495031183973,287.90700149296737,150.7928776617371,128.5002911784886,1361,1
0.16138375221352247,1.348,0.01605998797624847,0.7289562137594405,222.3013691699206,189.51381871796863,182.54297708100762,1362,1
0.16052995166279524,1.4969999999999999,-0.030906677325360968,0.9168980143835639,234.29937596009935,188.3565925120181,173.8848984568518,1363,1
0.16123890238580182,1.391,0.011541790892755602,0.7468839639654279,287.01825547268726,151.13464938939376,115.4847082758578,1364,1
0.16172582306392236,1.314,-0.012442206573193443,0.6678062585377282,226.51803861690314,172.1020948537294,169.82286177639136,1365,1
0.15781831966373353,1.2890000000000001,0.0010749471671328943,0.601957469128922,314.2911450153549,137.49759764505166,121.33522721196563,1366,1
0.15864512622270735,1.231,0.01680641699477202,0.6079991201580217,253.3087871817344,168.7803224161346,106.7174797544001,1367,1
0.16029573377237774,1.365,-0.003978349511406517,0.6158777007356147,275.435980395421,127.79446573568701,105.54388559177322,1368,1
0.16132882536167592,1.599,0.008662214875792778,1.005847817903784,231.43144444023432,175.03165254460743,155.52734907140174,1369,1
0.15836866693878796,1.0710000000000002,0.03911686128351736,0.4411917918320949,280.3902421909678,144.7906834339254,114.47534286795513,1370,1
0.1614277709817633,1.4380000000000002,0.012564858334340524,0.7916977018240954,186.20332234809072,169.08481264369624,166.28659972964417,1371,1
0.15930945665124727,1.206,-0.033241419584848254,0.5798968428381412,214.95746436264713,204.4916261868874,171.38305016133518,1372,1
0.16144420339717022,1.524,-0.05743258420152726,0.8391811595931951,232.4280214645533,199.61794896280708,159.89503697223873,1373,1
0.162463349683042,1.621,0.01997940154328361,1.0577253388388295,213.53117198146393,188.9896060761171,177.79220820342812,1374,1
0.1581985456127343,1.296,-0.04131498437896137,0.6912344316190686,340.4893600903725,121.36259575530259,114.25656467184737,1375,1
0.15957337791578244,1.59,0.0069092080810469,0.8769787876874098,223.83589809930098,193.6560536177595,162.04893993059144,1376,1
0.1600122500498497,1.431,0.012824545723617523,0.6771012656953634,182.1234830967274,174.97691653051402,165.30873098913102,1377,1
0.16049175239834174,1.565,-0.007666655876859389,1.0793135102624367,316.26436014538723,142.6480665400551,138.55340080318098,1378,1
0.16183710584450342,1.5899999999999999,-0.003005896355943403,0.8361110032041874,329.38750678899015,139.35971754594917,123.5287428304792,1379,1
0.1608426190277413,1.338,0.0023673588537948516,0.9153739359508832,279.95726480637194,139.47866664767486,124.29967953070117,1380,1
0.15967593188284904,1.306,0.0014247583050578955,0.6374787774577544,298.8097739591324,150.92239945012392,141.3196105566295,1381,1
0.1594621673391529,1.2429999999999999,-0.012819558616201236,0.6631041611872206,224.19278521340945,173.2109394355436,172.88466089196345,1382,1
0.16260432303337025,1.33,0.008321743709143754,0.885958212600614,276.20608485367575,140.28316424535095,124.55406315484296,1383,1
0.16144911050607597,1.545,0.002105019306288824,0.9268147743714095,275.1459181262255,189.1397982672462,171.54167406509538,1384,1
0.16116251230076353,1.59,0.01717066129286603,0.9706148961163468,218.26069591931056,198.01026643836684,170.76639858689006,1385,1
0.16000252775102883,1.379,-0.04155974907965794,0.6584444612816984,261.53998237567964,163.48563622980848,147.74292115018812,1386,1
0.15838360954795005,1.155,-0.0025667965280527344,0.4767828848531446,298.33556805673027,137.19140060687332,118.79966246642307,1387,1
0.16087617703046497,1.445,-0.009304066007040656,0.8580682485049396,238.9943420400195,180.824600045368,172.15570916564258,1388,1
0.15922643105859105,1.323,-0.04139405699231035,0.6482987835276575,230.32860869212277,172.98212820821647,142.5423010710222,1389,1
0.15970991831383705,1.238,0.022273287550616173,0.6431726173746881,302.14596514138265,153.40737908358116,122.78592136366414,1390,1
0.16107455450621305,1.443,-0.004801420952222557,0.7403683428992958,210.5355594540306,207.81846626578096,189.3065992370822,1391,1
0.15973952736114658,1.054,0.050773503224875026,0.5219807303621042,183.2021185163623,176.5476922870462,163.38962514649185,1392,1
0.1587135045094521,1.228,0.018843709381849847,0.6018679130552358,264.6803782127795,160.86010546360686,126.20352276080396,1393,1
0.16157833291012635,1.206,0.0035629811198798936,0.5477990705498299,329.94877176466474,128.08079339609483,127.52750962671725,1394,1
0.1619439900342187,1.237,-0.011824730496876223,0.7393719448156335,242.18220411576263,152.15374768634524,124.85709720289722,1395,1
0.16115306406827562,1.25,0.044092283020053843,0.6517818946574598,253.65095894076538,165.7486469890144,162.705687993521,1396,1
0.15897895675656654,1.157,0.02844183870809904,0.5179698886023436,258.59889603461914,166.2444443895002,156.51320802901358,1397,1
0.16035614659251451,1.521,-0.01358013311960174,0.7298819674492631,227.29108999052522,176.0510759630683,166.8865853156789,1398,1
0.1602397107229607,1.37,0.040543001836652076,0.7619939102378996,257.17870973827013,225.1172654752794,154.7592274279303,1399,1
0.1613018743776227,1.4300000000000002,-0.030487955761447295,0.8174250266113408,247.53555048541728,196.7539953777199,178.7965095965423,1400,1
0.1605032687130643,1.238,-0.04596155458198817,0.48277805948751684,301.2972880947705,128.0691260306827,117.51958896874059,1401,1
0.1616542360750736,1.145,0.007272446709795028,0.4588758618355988,257.2423867074142,154.56916152737972,144.3905744884092,1402,1
0.16235786031075766,1.4140000000000001,-0.013413504247494932,0.8057337122616066,216.2482419253616,188.62662357463734,169.73349040501938,1403,1
0.16378840347619625,1.54,-0.004736169404989264,0.9046327036104986,309.3087448653597,155.48237426600238,139.54043522119915,1404,1
0.15992748188754372,1.138,0.053270187334181276,0.5478414067144288,294.2984493007534,131.68045529260098,119.10987428836881,1405,1
0.1641939962611396,2.068,0.04227934270214576,1.9231937856307493,210.51849540915677,191.69645659537164,176.19717008879414,1406,1
0.1615621290191582,1.431,0.05816745143245986,0.690788939537101,269.07514007233135,194.05316855168073,136.56232666360992,1407,1
0.1630331380473384,1.235,-0.03147673722263028,0.7754076770039875,195.30784771717916,173.92968885427533,163.92633236763783,1408,1
0.1595624345133042,1.587,0.01756199634020328,0.856555228663459,289.91782592697587,190.48222430367093,98.66803710591145,1409,1
0.1624775559921181,1.191,-0.012471325332530548,0.5407852576866876,218.58224570162218,205.40065972482438,183.79711964364364,1410,1
0.15981498167925504,1.255,0.029254017043471824,0.6775775842560696,253.12909298944905,149.50511257222783,116.514278701276,1411,1
0.16218655768030685,1.455,-0.05644042148114706,0.8934661445916037,267.94207299815275,183.81790755915776,154.48980822997925,1412,1
0.1634036609029442,1.377,0.03064657476509601,0.7463990999752648,255.32608603521464,175.07759039588205,166.31654209264101,1413,1
0.15993687994457767,1.292,0.01549965080347133,0.6717277319404036,294.6416135030845,162.5881412646637,100.72134940214843,1414,1
0.16200960710084064,1.4209999999999998,0.04242986001572772,0.7450345398518858,195.55361612273677,192.4154882867245,168.34457489885375,1415,1
0.16132468958206614,1.396,0.004465968107201003,0.7946239104867754,239.0572001659552,187.57907046309137,176.53692327247683,1416,1
0.15964346338134433,1.1960000000000002,-0.0069825893970870655,0.5219573890110665,273.44772429080854,162.97012716854093,105.5111287480801,1417,1
0.16065420879854814,1.589,0.0813502255997333,1.0852151734652136,229.7027418449711,192.99202933395824,124.08157792184156,1418,1
0.1615249968561368,1.526,-0.010314058128725967,0.9642233249717704,304.10357045634026,173.36689866384222,149.52944948300114,1419,1
0.15918173392089463,1.182,-0.0003327820344679385,0.45871172398690163,305.909823660935,137.88962617779964,121.97756952074062,1420,1
0.16126593534995812,1.313,-0.007725764395618167,0.6242244482518857,188.14089636235767,183.13179209597072,156.64694261849877,1421,1
0.16012328608933454,1.158,-0.03944043796255891,0.5173710942765695,256.3298118819932,181.0158920556153,173.6728560818863,1422,1
0.1584575220028916,1.236,0.04278772381415028,0.6191899517808079,301.14099271939926,163.37819460465212,123.03807176044873,1423,1
0.1582868793729936,1.262,-0.0032480629983314166,0.7099812243285375,287.8854233991619,154.91066319639498,101.75281235581258,1424,1
0.1596630521892119,1.2919999999999998,0.031180649550613157,0.6467251231967905,321.50666456531906,144.9841444356221,115.03137388513959,1425,1
0.15966636479507826,1.193,0.011522704045738467,0.5317291059550318,296.4047477367214,130.90536102106807,123.73413834725575,1426,1
0.15980170054193338,1.328,0.030935434545122875,0.6850956053790433,214.63546200929704,182.57466709392733,173.92377052150243,1427,1
0.159592791753536,1.3279999999999998,0.012863200261195277,0.693210754480599,234.52119271102535,203.3348548287963,173.62191505592173,1428,1
0.1581368185121372,1.403,-0.03730703582319046,0.7033316137242958,291.97066824056566,132.2421939011845,108.98801317763979,1429,1
0.1600405545527836,1.612,-0.025586397086844206,1.0033853213232682,279.23541457673343,168.8198531833913,115.9746358789887,1430,1
0.16078055773053104,1.463,-0.019515766986887374,1.0200842754969601,247.92143057741055,184.9873077389249,166.8283087293055,1431,1
0.16035845177801084,1.101,-0.010344548612840824,0.38291372896773,283.41301624516353,166.11693862888976,128.8689485292595,1432,1
0.1584341563071727,1.279,0.0006238784956866298,0.7581645848014977,297.34641695228413,121.88729099466984,118.79284820925892,1433,1
0.15903840052577514,1.335,0.00778940845836088,0.5719736769139732,309.7183038700014,158.42130183954959,124.5262029576399,1434,1
0.15953282412298808,1.521,0.01275644878567316,0.7709899934276909,344.82572351555456,143.0423628897752,115.5741887102402,1435,1
0.16124461337296472,1.396,0.05338434394172827,0.7204216107990007,265.2079597507998,169.64489497972247,145.6262921802262,1436,1
0.16081118040169812,1.8090000000000002,-0.08624309399484621,1.713146362876353,219.6428945656619,169.54959939063625,165.67269349307364,1437,1
0.16194703286901593,1.5819999999999999,0.006134185427707694,1.0766401243195904,222.75109055429252,195.00130564403253,194.77261123390534,1438,1
0.1600942762715828,1.199,0.010744236213945307,0.5183950117690528,232.37661683871758,185.94529598143114,174.19236255801707,1439,1
0.15928264557584615,1.079,0.02872792630960021,0.5342618984703025,193.8863809077001,174.49912347888002,172.78966135433612,1440,1
0.15845360803224867,1.3599999999999999,0.02769124574742029,0.5646287079125063,261.88853927667054,168.93219966028113,144.48197656142958,1441,1
0.16001059367395218,1.413,-0.031217016377125772,0.751812662608474,255.81805102767692,164.94906342304247,147.19284886928145,1442,1
0.1600275174701409,1.3639999999999999,-0.0015221263618826187,0.6284146966563231,253.7595082038092,204.1174011980718,145.29413073827038,1443,1
0.16017893421669677,1.211,0.05893388983435399,0.6715363958272498,243.35649532515944,144.03138116917887,132.90890126962051,1444,1
0.16138940921339914,1.533,-0.03244897124652214,1.098219580459939,228.35217395985828,181.1063140850789,162.77370445181052,1445,1
0.15951290510341554,1.486,0.014581147319283914,0.6397513438109099,257.94882521914934,163.03336490134475,140.87277920109867,1446,1
0.162004219810251,1.641,-0.06198153917080485,1.285038215765832,226.0604445587594,178.8750042082096,145.86298137643615,1447,1
0.15877994427233244,1.1280000000000001,0.013722618144589799,0.5282288948777336,301.7527953236209,154.899487849728,101.22989045157914,1448,1
0.1598135429363212,1.311,0.0395445457705981,0.7229362213345789,279.50164876913817,159.2997551577864,101.59967141416328,1449,1
0.16050050638184332,1.187,-0.026498833752290257,0.6093602500105062,256.16320251656765,178.94028522542183,153.34096571228275,1450,1
0.16123026647662964,1.3639999999999999,-0.014291723069185835,0.815701134775666,271.8051667221785,168.41317708512224,156.0839151162688,1451,1
0.15954612565317122,1.379,-0.011741739401635776,0.8233392321983408,256.20849661468463,171.11341495628656,163.94451719365637,1452,1
0.16047524086190834,1.613,0.026670895514524708,0.9884431094287098,252.19769762008517,157.33757479566106,129.69192675737335,1453,1
0.1607817986202982,1.763,0.02908071605347736,1.0979079950712496,248.42911965748243,148.35285233987346,98.1975388215592,1454,1
0.15906223124363347,1.2109999999999999,0.030915188596171962,0.6928299182603759,312.29200708094186,172.7004857862353,149.15913433188877,1455,1
0.1590606730310108,1.104,-0.009443989986111056,0.47246649975767596,264.22223121146817,145.20008928930372,142.61667591400573,1456,1
0.16047023018426385,1.245,0.03739298208813339,0.694857611594228,227.10201891551733,178.75368299212826,130.2338994677864,1457,1
0.1592341289187089,1.2890000000000001,0.0889285796840436,0.6252704332768979,276.25538671245255,156.62242902911834,137.11898711044523,1458,1
0.15807695369982186,1.408,0.03651324063556818,0.5446883095022472,223.29077790508833,195.97744405334768,176.23647197494182,1459,1
0.1592588999610285,1.541,-0.014666694862191135,0.8495890927643215,226.370699457802,177.06311881278012,147.410103689871,1460,1
0.16112873513780643,1.934,-0.00330485415467247,1.2266091487608843,287.18198744561096,147.23614819781847,123.26026904242772,1461,1
0.16158537600981834,1.675,0.03759759324005416,1.00232268839728,233.67353608938836,171.5148495133185,166.38753021671434,1462,1
0.1598158252428303,1.475,-0.031301131659529635,0.5651334039517466,219.30914696330856,172.26813087025243,171.7493436065015,1463,1
0.1601689031587046,1.3010000000000002,0.03420385287418332,0.5604834389493258,287.60608236637415,149.27747930650762,115.21466118217045,1464,1
0.16190880559168178,1.189,0.024390095608340493,0.7119086654124827,296.51806733578985,165.65679043423089,141.63608151668055,1465,1
0.16436912403352058,1.4329999999999998,-0.025904080439815225,0.7925231040315328,201.6056771977155,186.46643165110365,178.63420796240084,1466,1
0.15969747476796753,1.701,0.00106597481189666,0.8804526897761917,303.8445592490821,208.64552337167035,141.2723063855416,1467,1
0.1622299547035781,1.931,0.024259608456391996,1.5142916260801345,306.2639881422241,156.10260235610536,114.02393337697052,1468,1
0.16315590598627783,1.953,0.04238240721878445,1.8040257862899223,298.27330479655325,198.65600542919776,131.1995733611795,1469,1
0.1577284845977911,1.06,0.050081387970354364,0.46502387038073056,282.01722294972984,151.24093614098322,107.0670282367951,1470,1
0.15892223524563437,1.4500000000000002,0.033695457574785814,0.6807762642802224,270.45145979567235,181.4669218483205,160.25474977992195,1471,1
0.15916817600246955,1.182,-0.031069044738758347,0.44267661871863195,229.41976187634697,172.7113568687188,158.5068306258143,1472,1
0.1599060878565721,1.282,0.02692171319028857,0.5931901381608422,303.1317396286352,132.14275398093085,129.55358719471127,1473,1
0.16238798708528096,1.2919999999999998,0.048116055704133895,0.7452061535898262,312.43900969873016,139.93604642547973,110.445767496739,1474,1
0.15958314364721646,1.438,-0.01109544450726674,0.9347308465024162,198.87073067651795,177.59919062056971,175.18728734695748,1475,1
0.1603627377728867,1.214,0.03525752882943604,0.5936690029801435,249.17024144049387,179.0519233209616,129.281443451852,1476,1
0.16115028999910883,1.66,0.04594524113780525,1.1765364978498454,285.22236587765696,199.13156851801946,162.27316659116445,1477,1
0.15919161523562766,1.2770000000000001,0.04920076851295254,0.5485791527954422,293.06164105556877,145.66987414283997,98.5144957746017,1478,1
0.16217308793144056,1.3820000000000001,-0.004075721669005679,0.9299729912133015,257.2950677153834,169.2065388996884,134.1902972576536,1479,1
0.16079910751778326,1.4820000000000002,0.014209649985571296,0.9109605255725706,319.51471069925077,241.5381842422527,181.39065822235625,1480,1
0.16027639731150764,1.684,-0.029169439849022677,1.0031953413432158,211.8969742854098,186.37033819773234,174.7506357892364,1481,1
0.15947830720430287,1.314,-0.026771697862389848,0.4810098301699579,237.5691199421534,147.62316388251188,137.48563214068145,1482,1
0.15927326838938635,1.099,0.034095581700374376,0.31639779527384704,256.229754814426,162.88144593586205,142.8847020622419,1483,1
0.1608381072026018,1.3479999999999999,-0.003595432423598628,0.6902825695653587,279.12220693201806,135.1707122469169,129.56105253758497,1484,1
0.16137975550942332,1.584,-0.024746183653310168,0.7465631546492197,251.55565452492468,142.1118465377503,118.20586543306702,1485,1
0.1618508320822081,1.214,0.025040016532714274,0.556578845729502,264.4480264700202,196.3999290414751,117.6703000770539,1486,1
0.1612889466653132,1.6909999999999998,0.06894563563032689,1.4306854524010486,315.174007037787,157.52500924756026,134.25788313371547,1487,1
0.15936889387812636,1.639,0.019954882961686665,0.788066619173089,254.63881851994913,160.65641842964857,120.91438206990063,1488,1
0.15956980802398835,1.595,-0.005573211776463884,0.9702286567955243,211.69395849477544,187.96796545633046,186.93224985662064,1489,1
0.1611524273288627,1.115,-0.006360049323377467,0.7206488938730278,282.7452556910733,161.08843127895275,149.00751850568292,1490,1
0.15983255902296042,1.482,-0.03202477211970183,0.7805312829204221,205.3290879677312,183.0509043916986,178.44518535337815,1491,1
0.1615134164439792,1.694,0.07581569027799234,1.487828806086287,223.88752543011876,181.55995538510044,136.9541507027556,1492,1
0.1605266958121277,1.303,0.05552589848996636,0.5288723397692272,232.96437251907787,182.59640053589382,159.34440284784458,1493,1
0.15985934369196253,1.397,-0.006468827525144595,0.7735354800317982,252.93270380861742,179.70666660469192,116.62888335348774,1494,1
0.16107288737968325,1.323,-0.04178626808203772,0.9847008581085896,212.90489156980286,177.78135596607316,139.25080756803203,1495,1
0.16016636736336065,1.451,-0.025549105838419916,0.8030055848933997,284.7334434319445,166.4199387052204,129.91412079058495,1496,1
0.15872443876397074,1.272,0.025879306792703692,0.4596623828912718,289.77713960147133,154.65049642896633,134.44198959106163,1497,1
0.1606850062707606,1.196,0.05823948645393714,0.6632021418639464,286.9259503643282,200.95377710489143,121.97354504474902,1498,1
0.16016169838293504,1.455,-0.004940553107613898,0.7761846034331183,218.9020871727944,180.32787070964093,148.08041021139644,1499,1
0.1597666170507097,1.145,0.047970452901220186,0.5576069075934811,250.03946902363194,194.0064086407803,180.02684929738032,1500,1
0.16025393926149872,1.5070000000000001,0.07227073597045901,0.9362032603309074,305.9364714853129,193.5358636148708,190.77497408598526,1501,1
0.1582413816398266,1.13,0.016991983780250096,0.5933430488736962,304.3003399921142,199.22120660624373,113.58205610103336,1502,1
0.16121128229457918,1.221,-0.0007783361910664361,0.5484975563117223,296.0990131300488,191.55072047705224,158.5279475389083,1503,1
0.158461601655476,1.358,0.004558351028681087,0.6936048408208708,289.03155464077975,196.7452941109409,99.17003628144728,1504,1
0.1620912272974601,1.2570000000000001,-0.05729249719599991,0.7906334916645035,233.2742021162278,176.6271016369452,123.21754767173147,1505,1
0.15889942724413963,1.155,-0.02008146518837148,0.43191160220816593,294.6906040623008,157.19594352701503,122.17747289862416,1506,1
0.1612601112684973,1.514,-0.026886964285558288,1.0603065196766979,289.00686310473867,170.63153372636648,145.51813631882655,1507,1
0.15950873846433736,1.106,-0.0037250196550447966,0.5371234238959137,217.61650055676552,201.05302670727525,170.31948255063284,1508,1
0.16172548536698692,1.479,-0.02425966952266222,0.8281269553895658,252.7272518548234,178.87185821055823,144.82742221255415,1509,1
0.16195102672905087,1.895,0.03554669789958278,1.344912511864515,292.14456606105347,147.9923528172306,117.27570926080307,1510,1
0.16123615720015122,1.2890000000000001,0.02700159229604065,0.5796875139697226,292.725241003521,149.17791725058984,142.167017835639,1511,1
0.16224903186103684,1.374,0.036451229700777715,0.6165023281132624,264.88146325840614,169.43713103404696,144.97452001588667,1512,1
0.16402879951494034,1.3719999999999999,-0.01626923872252958,0.8290930594351309,256.7088834143041,166.50436874195827,118.73977391718468,1513,1
0.16076707693848188,1.626,-0.004496544829399229,0.9307010907799942,315.77477694321936,142.05456336451283,111.12157072518613,1514,1
0.16105713514541975,1.333,-0.028172446758791703,0.598933941588152,248.65371696190257,184.77102969199282,178.32065270773657,1515,1
0.16290681963860698,1.5550000000000002,-0.017391592798046526,1.160288962126529,314.19127504780295,140.11580788463561,125.60078056239952,1516,1
0.16033216162324154,1.599,-0.03547008052947188,0.8507427019555744,258.9908497002009,189.05076097598564,127.93559015989308,1517,1
0.1596610501272442,1.392,0.038215224581784155,0.7678975372697532,247.0083058699752,168.2821819188369,109.27768593300249,1518,1
0.16258413176673717,1.68,0.024175066878033852,1.1034796276284542,285.53513084440795,141.6806578755859,122.0938474716017,1519,1
0.16002167943945908,1.294,0.03937909680056984,0.5224502280021226,251.74313419131428,148.69424435207577,119.34425518058896,1520,1
0.16166142205504497,1.6139999999999999,0.057977925833373335,0.9387519609272532,211.01067369749603,168.4289513973845,167.4177831999862,1521,1
0.16236716099847015,1.321,0.04846422087266238,0.8972248809569203,320.9704853288797,184.6274383436957,141.91973077727906,1522,1
0.1613373968279964,1.467,-0.00029052378651902027,0.7194304495097965,262.37361782597407,179.15593225890368,112.65324444306454,1523,1
0.16084406222647954,1.546,0.020688942638411874,1.0503429716372716,294.82044123993745,138.66878528920222,110.51641301176772,1524,1
0.1616882804931394,1.37,-0.007318395199321969,0.7891104596790277,247.2842714260584,119.4675983413758,117.74331243837663,1525,1
0.16105334241040298,1.494,0.048304765067365155,0.8023311168592491,248.70461783798973,177.8308633367086,111.23504545376403,1526,1
0.16311594054105732,1.4500000000000002,-0.06722896893919263,0.7244640183172759,308.8764483907792,199.1353539331977,141.22301377170888,1527,1
0.16167679045030706,1.487,0.02667550424838312,0.8206510659685176,282.49185275951925,155.1287442459576,130.1521696575668,1528,1
0.1592357245306369,1.199,-0.015329902022598938,0.5452874955638829,303.0208975456613,115.06135030140216,114.42188257444037,1529,1
0.16325505576374005,1.323,-0.009908392095010139,0.5322086654255758,307.00538412323016,132.86868364080883,123.6720203944622,1530,1
0.16301752056671315,1.74,0.06318708891924067,1.2579788250080437,296.4873446999066,146.27526764302473,137.77430007424954,1531,1
0.16058577524468817,1.2469999999999999,-0.02179649365082486,0.6318689898118759,260.01911102272294,155.3816943784485,117.59747479311302,1532,1
0.15984678607820443,1.374,-0.00914898064443637,0.7351031041753862,317.45910882375836,149.15427793839402,137.31092905281733,1533,1
0.16297475120781746,2.021,-0.05711913670387831,1.730181930745295,313.34507201294366,153.41235084917622,142.89600210379018,1534,1
0.16172632032401799,1.313,0.031449646857812416,0.8916833389898473,324.1969835998775,136.84301835201265,128.64480427347502,1535,1
0.16368988072199592,1.653,-0.05490647723093958,1.2289008446069394,188.65366226826248,186.8977040179532,183.46569272378255,1536,1
0.16227482174828448,1.5670000000000002,0.0281314110553055,0.8613088431331537,283.2602289176945,169.69229042752417,126.10099452533247,1537,1
0.16131291362911906,1.509,0.007535894631306779,0.9244944394113181,275.8139384736718,168.2633143152211,141.31156180890247,1538,1
0.16102051621027985,1.391,0.0024410649965658188,0.7124254147365829,287.56090846743143,154.18731760303365,114.82388600362252,1539,1
0.16082964923862375,1.521,0.034223381103975915,0.9603003812636195,227.19905534568417,166.75829153498017,156.40029570803134,1540,1
0.161982963513914,1.643,-0.08022679795137633,0.9474401030154196,315.0383257586207,133.9111762850727,133.85873889642903,1541,1
0.16321096438807162,1.4569999999999999,-0.016122137484241045,0.8381042261217977,270.9612651136288,155.0336443127109,107.7710393285155,1542,1
0.16059940731181496,1.3969999999999998,0.013732913679186765,0.8411106312516994,296.9202476123506,126.29898468173283,126.19850214946693,1543,1
0.16268306050055772,2.104,-0.053281814265467055,1.7327390835547893,267.395215020722,152.70330879065023,137.467041314274,1544,1
0.1613817693801913,1.443,-0.04053350166925375,0.8446866440578313,282.3076619135079,147.03758537478663,120.8239400883499,1545,1
0.1617976626610475,1.431,0.02570106931704488,0.895362861029902,309.6840728810391,142.43310144513248,138.6354402857524,1546,1
0.16155591152547816,1.799,0.011157195183444598,1.0086646554613354,319.7190597901086,135.7623657644918,125.0686113399087,1547,1
0.16194316343579854,1.435,0.05327406716544005,0.5919246502367668,312.46473165753156,152.560280013573,125.85174547037123,1548,1
0.15950464656363658,1.994,-0.07807166299163308,1.4499212014718612,292.1227893882813,141.33184687603304,123.81500300190409,1549,1
0.1620016012230377,1.516,-0.024403517119901345,0.8073622150401585,278.2496393029768,141.90186430828956,113.47460774271552,1550,1
0.16135392363334397,1.1800000000000002,0.03252793124593287,0.6071005434404646,295.96870341162196,132.91376426930378,130.52731234342127,1551,1
0.16092176773833688,1.203,0.04817222963754506,0.531563498477226,239.37559785113342,185.99585429048523,179.56752382642009,1552,1
0.1626886852266661,1.438,-0.0273515568585071,0.8367684788382257,331.03902690444784,129.1934556537453,117.06181958689764,1553,1
0.16022087202368873,1.25,0.021976795756525225,0.5313748206854552,312.7519306782559,127.78695528660637,118.31943917935216,1554,1
0.1645921386917997,1.6480000000000001,-0.01892480150155627,1.1467594150833058,292.44873079992686,154.76709620344454,112.48484710151577,1555,1
0.1606539598771806,1.4209999999999998,-0.032746251231886736,0.8425681557290576,285.844004853497,147.28795712214335,107.30563412445636,1556,1
0.16259516414193798,1.865,-0.061476405759322145,1.5626520700599533,263.5127486265899,155.73015174341054,140.16544713159112,1557,1
0.16069799791286488,1.096,0.0031463438665242155,0.516194990275122,261.6865337317086,181.2358184970393,161.70264592537154,1558,1
0.16247966098676783,2.412,-0.20494436499056584,3.5145196912018974,260.659007928953,148.04524655818378,147.49275606629502,1559,1
0.16136831823768683,1.38,0.05030276532674725,0.6680578410094338,299.12770147258385,136.7852195189827,122.41262764728391,1560,1
0.16164975460563652,1.46,-0.012948460247699462,1.0153883981552498,222.17969505927647,159.99152566128436,136.95774976451744,1561,1
0.1605383904388215,1.277,-0.04454218620102188,0.5836979085864309,298.5142552645409,136.32561527519204,135.5704117984344,1562,1
0.16158352921650926,1.335,0.019355935434955177,0.6546992649465895,310.76452135515115,126.75963062184208,109.8141521427393,1563,1
0.16079355228079928,1.2690000000000001,-0.015304289417468076,0.5523949219401572,262.8411507259897,182.67357612507658,180.2608543926069,1564,1
0.16477449004126632,2.222,0.062039050789796026,2.126492164175131,299.6957152988478,197.53818619541562,180.30919985344076,1565,1
0.1615951511373214,1.189,-0.008582967298975066,0.5523255470266264,315.79095590920934,180.71079289117512,124.53974214953766,1566,1
0.16196837075491005,1.342,0.006008545900526502,0.7591258306932946,266.24577484891654,168.22846330859383,121.12348024944296,1567,1
0.1606733799039705,1.206,-0.02316244143049491,0.5738046372031875,188.12516518826732,186.44100253848413,182.10155355292773,1568,1
0.16099627264221833,1.545,0.05007161857387787,0.958640487274721,324.12115349417655,149.1908497915969,129.95153655261942,1569,1
0.16052851552566916,1.4500000000000002,0.02037173388409441,0.8019794727724672,274.4148893280777,216.31015803385816,163.7176668872875,1570,1
0.16006569375840463,1.355,-0.018678554049210195,0.6138177598482581,277.21709934078524,151.26855522371002,118.24809398324915,1571,1
0.16326336355381832,1.5259999999999998,0.021687453021357557,0.7797264930888002,289.5657486412918,146.51137788172417,100.0000273148181,1572,1
0.15844423910100636,1.101,0.026087331170223185,0.48036465315716637,278.3048382750859,139.4344737127735,101.1552166973325,1573,1
0.16258965300311048,1.577,0.03998073192159639,1.0184328666085998,292.2563038402371,141.28309547697413,133.05882135155844,1574,1
0.1618184006081837,1.665,0.01913186604780222,1.0139963931030245,196.72756350431217,173.88998989575293,170.82321356282918,1575,1
0.15994836416549796,1.401,0.024180265058566176,0.6843587664382342,300.4533021732461,153.6164480979407,127.18741029448333,1576,1
0.16192238869574985,1.491,-0.01900941992914775,0.8324389358057367,327.2632341738446,161.54322787988153,131.2369116478684,1577,1
0.16411432113130964,1.722,-0.020237520626166752,0.9351172788001567,309.103056054973,139.1952282526634,129.18972083684946,1578,1
0.16049900578936618,1.526,-0.03055439662640117,0.7390128073771436,258.5542528853855,142.82409203903637,100.41315593082655,1579,1
0.16095474634534312,1.411,-0.026104903500919426,0.867712694668362,273.50568711106234,155.65629145466127,127.76832103132175,1580,1
0.16238101638560423,1.617,-0.0653702592018234,1.0359585375693845,310.458482862531,133.6801023095663,132.21981770722826,1581,1
0.16151829121940803,1.822,0.036494616633975206,1.488150301719422,224.2909495281527,202.64936020512752,177.68484078908784,1582,1
0.16014498146333098,1.3840000000000001,-0.036035067549424676,0.567755055002499,291.2270928411253,160.9833016833716,124.5050572189379,1583,1
0.16330150397706653,1.36,-0.013484237242185951,0.8931281827388355,253.1151117764826,176.03160131570363,168.73150780351457,1584,1
0.16018847099661815,1.1480000000000001,0.008209717821434715,0.3858459851056506,265.68966110888556,162.85933004005614,113.14226431799096,1585,1
0.1637388432506548,1.345,0.013439697634773562,0.8657138836749607,199.05667507683438,194.76322553239294,185.4440889870551,1586,1
0.15943104452704426,1.24,0.053966312975754674,0.5832317956086825,258.01445793928133,152.84636411836644,128.78999283853256,1587,1
0.16113277988636032,1.367,-0.012761141816082563,0.5994342556125898,228.64308473198545,179.52549290745566,178.65637298695384,1588,1
0.1616173330850241,1.411,0.02905458369636172,0.8529141872732202,298.2657654732526,173.0874900522297,140.26545498845974,1589,1
0.16270652080990025,1.4809999999999999,0.045671510663110884,0.8221659102656065,239.05253250187923,193.18433216412922,148.31366075179162,1590,1
0.16001295601841123,1.233,-0.051765616364401426,0.5274749230613982,265.21546460167167,150.4958178637568,117.991281476256,1591,1
0.15985897089676224,1.492,-0.02755893686520684,0.6400104075561206,203.1709098614115,173.60212129028042,169.0359705978837,1592,1
0.1602902514105759,1.238,0.039099830523238115,0.6967882771201404,247.42137915403546,172.8379523945726,131.32151329449013,1593,1
0.16291451038907645,1.573,-0.026235420453727256,1.0160205987934523,256.64641584789337,164.2558891447611,137.31208654602278,1594,1
0.16107416588038723,1.619,0.0012905548522997438,1.0468437227588918,297.75981819016107,148.43991347424046,125.84345765151413,1595,1
0.1610422125974468,1.495,-0.0021522199784031935,0.6251986382171029,324.4905862110981,208.1928322466486,127.35843818433068,1596,1
0.1625041656617512,1.314,0.02272165158437749,0.7328415262848522,236.43155705715037,205.47310145579928,152.2651717057798,1597,1
0.1626349625839644,1.523,-0.016916752223128537,0.7902550258684831,248.73854357746833,188.08436585929468,132.61164787438656,1598,1
0.16132211066271068,1.756,-0.01899978681153829,0.9072952820185174,198.81338607368787,187.16440057635597,175.79539391573104,1599,1
0.16059540355370738,1.204,-0.021388220285614254,0.659740000801242,250.85744802152493,181.010886137886,152.03850657374633,1600,1
0.16181622047552702,1.443,0.01673649711480409,0.8135281368410179,229.7186672411033,195.82949087361575,181.43899085029923,1601,1
0.1626249755296388,1.274,-0.00521458206620783,0.6740630813207864,271.56057240149653,148.90234608710546,134.09506522078937,1602,1
0.16299078919767598,1.284,0.003134348675944318,0.6336946226186111,285.6170155547815,204.16160246485583,150.52134437794524,1603,1
0.16057563839054556,1.428,0.04592154300516365,0.6418590977366545,212.4106945510242,199.21536609770743,168.1880554838286,1604,1
0.16215513646274052,1.4060000000000001,-0.04233372636673232,0.6707155739641557,284.0389876284237,141.50560269259245,101.52041201565719,1605,1
0.16111575413493479,1.756,0.009232269458471342,1.0165990750326008,246.05246433695433,158.44186713531454,136.5192221339714,1606,1
0.15994692555388687,1.299,0.023623433406498195,0.4543149586805728,200.9407463521276,180.72382943576028,180.63768615878655,1607,1
0.16346504592797317,1.377,0.02201768584806405,0.7978634734244356,190.70052038133133,189.6966694582161,163.82300375665255,1608,1
0.1606848441534702,1.6520000000000001,0.087572083191945,0.9202357000566117,236.75425785691274,187.3391044383498,163.36471215484025,1609,1
0.1619481312544139,1.694,0.022580356762032593,1.3476982047162194,323.5455791778743,151.2646126340601,135.40365979309297,1610,1
0.1599514631275395,1.3210000000000002,0.017872695904843965,0.637922381115434,261.12424086460413,202.90027760750718,131.89413172247993,1611,1
0.1602529282895967,1.109,-0.04461691282295696,0.49463182564864283,260.3294124400093,167.2497615866782,128.15224062315173,1612,1
0.16198260540294135,1.4700000000000002,-0.02992798932024229,1.0456287892670462,200.14596579856712,170.78096647783536,164.0547052273129,1613,1
0.1601880701621242,1.4649999999999999,0.0033146994150038763,0.6573233430399763,305.2772841886475,220.2684154941322,146.80222258408236,1614,1
0.162526258094846,1.397,0.014017977609809617,0.7559860922520047,276.9621602606593,141.35835928670835,135.02281274904317,1615,1
0.16148460177777982,1.079,-0.014997050108109472,0.46150469499436975,235.4374584488537,181.0913988338746,177.9762082719472,1616,1
0.16156515698371315,1.7650000000000001,-0.03260970566432314,1.0930535739230889,298.3187453731083,149.01737456182127,144.73714577547688,1617,1
0.16090154862402467,1.225,0.019411189516394457,0.41782479306808007,272.84613111902,156.46103302526038,153.99007320317148,1618,1
0.1625761199419848,1.704,-0.04495673637084391,1.2919547824020023,326.8853431877413,226.57490393110132,148.31716034718627,1619,1
0.1607904264266649,1.384,0.0022038315824024096,0.7492547052077585,298.9418120819258,135.9759175903485,129.02151988376812,1620,1
0.1601552091429592,1.484,-0.01707354860826499,0.8115876606870831,257.7150824039723,154.16957202562023,115.31470660609254,1621,1
0.15959555985242627,1.363,0.04875770159165649,0.5294976559877735,338.56541991724674,199.5424627839734,135.85382102470743,1622,1
0.15943944270058108,1.543,0.06086646145552319,0.9642213202924279,287.62013635268414,160.16042746118677,101.39559357604352,1623,1
0.1616435202435246,1.184,-0.01893436173927749,0.650837683959347,244.72879281563613,169.77725557484206,129.78095042604048,1624,1
0.16194080995145843,1.2469999999999999,-0.005067284322086231,0.6195599930124285,262.78892550483755,169.7442291444679,134.45377043711173,1625,1
0.16184774158164247,1.601,-0.021584863677173723,0.9645456153541909,202.61518872087598,181.1148308751645,166.56431539518115,1626,1
0.16220429299502412,1.365,0.005632634303438152,0.6842435973250578,309.0855370038409,130.7116742360384,123.49676248003988,1627,1
0.16270496358679798,1.319,0.01702309097167647,0.8494293016896175,310.8961370617198,134.35298507227688,109.8853144433692,1628,1
0.16039866394856403,1.306,-0.031441864352140525,0.659059064177185,231.8455745661,177.3808734519674,147.99444600390459,1629,1
0.1601155792871785,1.558,0.004350992709776004,0.7615736376849176,246.3584290476646,181.8767051808041,176.78285890388528,1630,1
0.16220051654775758,1.81,-0.044290681970357425,1.5769364553562522,271.72655237707755,178.13878106868103,101.27367005954277,1631,1
0.162452798132546,1.455,0.07220871126413253,1.0147366044497241,283.1396587574253,139.0349253843541,136.91179071769557,1632,1
0.16193683347870358,1.181,0.04155754948406015,0.505448452562999,304.1826503305433,159.22756851102395,151.0508129073882,1633,1
0.16295277845993453,1.548,0.006172416425528433,0.996378951704346,283.9302759381938,139.63845924634376,123.23862992852378,1634,1
0.16363904205288046,2.011,-0.12794366196069812,2.0445330287928263,204.85028649107437,203.42210826696729,178.8836074877043,1635,1
0.16049012044286598,1.13,0.028437051649747417,0.37057176007464365,313.4907200781044,181.3912214478346,149.1076170516349,1636,1
0.16149688993595007,1.633,0.010367875497043537,0.8703982556991754,231.16472182947206,170.4043315446154,160.69661151365298,1637,1
0.1602963789408934,1.331,0.013177981117819237,0.5353809274017678,328.04483118805433,159.47629737060595,112.47014309911309,1638,1
0.15966986968478508,1.35,0.028379310108734797,0.6396584030254355,294.1930019586299,146.34977873474904,134.41374935903244,1639,1
0.16402971190220006,1.4700000000000002,-0.02131408956776503,0.8148097842963247,240.53898858278188,171.84327390630344,161.7891522033536,1640,1
0.16238690776198678,1.607,-0.02411290774932408,0.9239115934502125,219.6885150792359,179.87627836965308,171.37879427537482,1641,1
0.16136558493666836,1.389,0.005606803067971593,0.9448468491912072,208.34993199373102,180.03023709786873,161.11166808288024,1642,1
0.16358071521614337,1.335,0.003981439992390289,0.7029053100935019,249.31822967737207,163.23925341747392,146.66103359060227,1643,1
0.16131851060939775,1.552,-0.03540371157252182,0.8729228458642164,302.3643941398717,176.3793612898763,146.9612036017853,1644,1
0.16449959156484248,1.5350000000000001,-0.08426976447959424,0.912119667704232,239.54091955674488,177.78505436291536,128.13983592192716,1645,1
0.16142221590323116,1.255,-0.017013918703860036,0.6369152029881833,198.00956693580554,196.96465353433658,184.69050623910928,1646,1
0.16111154060347446,1.409,0.03863022530995702,0.6804405575982542,341.3805052703884,182.0525601407781,115.9521163671404,1647,1
0.16225160778406983,1.599,0.046339794610698586,0.9010674273761659,242.46894629058826,199.00830215501986,121.18689366507562,1648,1
0.16119566596099716,1.433,-0.0040396647203472975,0.7573390771104878,325.4497016838247,122.25852321955968,121.05109434542341,1649,1
0.16191434307122857,1.5670000000000002,0.021427564305391993,0.948574605621582,282.8314878872839,138.91060067914492,131.80857933674952,1650,1
0.1601599368478077,1.135,0.02778701008528782,0.33732263920425565,280.59135765643975,143.7760977847413,127.24304021711154,1651,1
0.1616917260029483,1.423,-0.007270881833860307,0.6828231078204698,322.2637316184609,198.0250076102563,151.08538919828194,1652,1
0.15934063523505038,1.3599999999999999,0.04857114954931033,0.5561557693865034,325.0658251013243,143.43558768011155,102.59997039707352,1653,1
0.16185433250664585,1.541,0.04422939276731587,1.00571395090937,238.5034400174986,169.7546256617408,116.70221724629978,1654,1
0.16012675627818068,1.177,-0.009633037530830574,0.4396367058443489,340.48843455735414,156.03340049316446,123.24500942294664,1655,1
0.16096680118578605,2.452,-0.06104219756054558,2.2660850391845955,314.78471888458586,130.98536000848082,129.1487410914922,1656,1
0.16228824679818352,1.687,-0.07032558570145271,1.5294047980035312,285.62382457095157,156.05742716294927,124.58288234600948,1657,1
0.16471118040138852,1.609,-0.05353774396823682,1.1073448052108086,317.49075230616427,162.40257176284302,159.39821907540454,1658,1
0.1627547684353288,1.345,-0.003957840651605017,0.5062914349125145,300.6847804221239,234.43283141469223,147.88630612429648,1659,1
0.16204506872125113,1.231,-0.04088444336718162,0.5983548229448568,285.55542523411407,164.77949916765976,139.02676858926827,1660,1
0.16415377282539836,1.501,-0.03628536192304295,0.9331087298477221,282.4005047280426,160.20062531098236,138.69957139627095,1661,1
0.16094023784078984,1.091,0.09005319054121243,0.5775119877082457,296.7574590142746,118.04438210739163,114.88268530551869,1662,1
0.1616629314900876,1.22,0.03505905743903218,0.5419505541101719,249.88079886931803,146.53632499731458,129.08011219454312,1663,1
0.16284904355361784,1.189,-0.004859308190025185,0.5628687104330217,324.3361099085551,197.98329435514165,192.1949764312779,1664,1
0.16024154771244958,1.396,0.015418145732822273,0.5784595357842193,292.7078892926614,139.82162400055765,104.24453851797513,1665,1
0.1619922994408222,1.306,-0.02016554870502314,0.5128078805909522,309.15634896451,194.18343163593684,174.27906611200942,1666,1
0.16072728671062475,1.275,-0.021303427216190458,0.7825577983284764,261.71287779577324,176.57862843466364,173.2758432921937,1667,1
0.16454815514410404,1.621,0.014028237177417347,0.7889189488722868,216.0180807307197,211.18797393074067,172.86799403676247,1668,1
0.16349640922686384,1.4060000000000001,-0.0014072702816385488,0.6546752111038301,257.08035741192487,213.05547533713943,190.9642119054102,1669,1
0.16190333985152414,1.37,0.03560163855508911,0.5395464160834882,278.6366353726628,168.92998554251866,152.99939939755646,1670,1
0.1610519874940426,1.306,0.016653521075894493,0.5380552448504345,290.0565887212031,140.88585586851693,124.04042462059347,1671,1
0.16337607324389258,1.44,0.0017996384810130496,0.7246895996907332,267.1276969924344,214.8143437606115,164.64324204790407,1672,1
0.16322942179835412,1.496,0.026408328407690675,0.824725456565016,292.2703671637548,146.42668860404595,124.33265832691066,1673,1
0.16006034659084445,1.8439999999999999,0.009297997668821199,1.1765955567096595,260.3674319993532,160.1034386238101,132.58294637332088,1674,1
0.16418110519403376,1.535,-0.0427654818655906,0.9584364599760113,219.85775251801226,180.01124575777283,160.05379889732043,1675,1
0.16133321889657828,1.282,-0.020737687958591017,0.5106911548075401,202.53223974550278,200.54913850319844,170.82546374658526,1676,1
0.16210793116826902,1.153,0.006050513186809019,0.45079223362440235,257.7990826015096,207.28270550021824,164.79842583708128,1677,1
0.16044804652835643,1.099,0.05557923694648944,0.4703812649004573,320.883214724505,130.9148468331054,117.82214257414535,1678,1
0.16480287911575983,1.487,-0.029627477875079068,0.9137033774261627,261.7086641402882,166.99483557772933,128.30546766992288,1679,1
0.16055789667155507,1.194,0.0006782833563325199,0.4592227051418072,281.2234653933945,127.89527513494724,123.62056899619742,1680,1
0.1612030924384478,1.96,-0.019747784577669195,1.157204469396266,246.63830913293145,158.42149033923977,134.0799497141617,1681,1
0.16425783802764368,1.831,0.0404613601148078,1.1250500914238142,231.68757338001004,182.77133771929573,182.12283081481291,1682,1
0.16145389422661038,1.853,-0.04799731163288437,1.333845619086543,300.4808131019095,126.91957894941973,105.80821628804698,1683,1
0.16192711440910498,1.351,-0.00211713180846553,0.756644460340198,206.15554745065972,186.34502037746415,171.8839844425846,1684,1
0.15711234442121744,1.084,0.03541509103375838,0.27699331400928173,317.1015372594259,138.49937880474903,138.3953275805358,1685,1
0.15842943412037777,1.071,-0.0007816216523725264,0.3069952183612048,248.60023684682756,172.4193166362224,144.6842936239879,1686,1
0.15780098147939187,1.045,0.0077776744922560155,0.2813159377673502,290.69615222956907,144.70891521679192,117.7661164203984,1687,1
0.1597835808980678,1.206,0.021756193566842722,0.5637876927028307,220.75014833936592,217.27892920890744,173.29850481582818,1688,1
0.15947045961630127,1.3079999999999998,0.018841354780964027,0.593036157133223,303.59801310966594,131.53742616472647,129.57227546664106,1689,1
0.16130443303637845,1.565,0.03879709093441287,0.8531754253889701,269.1864078637501,158.2739892456387,123.92343328421143,1690,1
0.16483129662675183,1.389,-0.01882665231464611,0.847979942679915,318.4368347783137,129.91920775329604,125.80205953466884,1691,1
0.1621419190224936,1.319,-0.02846149876934482,0.654055929570263,220.3243816863085,190.90083123994404,153.26698277865248,1692,1
0.16175064525446065,1.138,0.04502174246519689,0.5031203347384179,214.42510547210114,166.04914293151074,137.6298335580038,1693,1
0.16237534987813537,1.7429999999999999,0.01630473182427755,1.0008122958029189,214.10936357908238,171.33402499361944,163.73474248365775,1694,1
0.1614470843191547,1.292,0.0032688177353079034,0.618969284958149,282.34464846456154,175.8292858924832,146.99008952228087,1695,1
0.15799267221189803,1.213,0.014423120902816484,0.29042091608801357,206.0158942530872,173.30708993934417,162.56610205320888,1696,1
0.16332305311172202,1.357,0.016261927502047285,0.6113683327267885,216.76231990621747,155.4585283823761,151.49709459630287,1697,1
0.1601163210896905,1.3900000000000001,0.04930607603096455,0.6955307271748374,270.99428955395393,155.61073658207462,142.1889845987483,1698,1
0.16009357157661344,1.123,0.026593474005837295,0.39858565933198964,248.54412575374795,179.5214630958392,169.61578636326274,1699,1
0.16238773360506828,1.389,-0.008654509171816694,0.6555607462199475,242.85198764755688,165.40106849953546,142.08137865898658,1700,1
0.16014218718747258,1.463,-0.014212845585626757,0.669588084391481,211.93294773679753,188.09850216168627,185.4249674903852,1701,1
0.1608047217743368,1.67,-0.0036205298215673666,1.0349417132353693,291.9939801038909,153.8377631114607,125.00429483552296,1702,1
0.16345008436255087,1.5259999999999998,-0.009243191008657926,0.9538773992683609,249.93519188798862,184.05483085847482,111.84784020555878,1703,1
0.16015229735976122,1.362,0.021060824607372415,0.6836362725304719,205.55786148053087,189.1042049834971,174.77410691080166,1704,1
0.15910620332201658,1.2109999999999999,0.009427608322585495,0.4381916697332011,206.00474775514093,177.41579878992874,171.377150788071,1705,1
0.1606294792055423,1.2570000000000001,0.00983667034007849,0.5789960745182734,220.04237307627628,165.3519874135623,164.83439966594437,1706,1
0.16036021691779379,1.172,0.026442923121728294,0.5746410229116576,218.9991090547459,165.39125054800255,155.9876513320691,1707,1
0.16066106690162602,1.284,0.02963866058057881,0.5646461047649702,317.2561305843747,125.96292943128013,102.27021699907641,1708,1
0.16174280271009164,1.577,0.04665315680061882,0.9819456305450283,270.474332655937,148.8599971551882,144.78123263697225,1709,1
0.16011848121732777,1.3820000000000001,-0.0007707011858691652,0.7573702407987715,282.0182681045178,152.43251548942698,117.21152265240973,1710,1
0.16158959546728635,1.482,-0.01344957818370353,0.7714585552096938,210.31480391117054,193.11537602165703,166.8075231249052,1711,1
0.16340533398218104,1.387,0.006033336295259647,0.5357004531257203,245.81673739255706,152.7367625053078,129.48429405260364,1712,1
0.16255885652875854,1.5190000000000001,0.04014900930590649,0.9236938737470428,200.49986752945244,194.17741895030392,170.26817979693007,1713,1
0.16151290099400728,1.326,0.012054302057770215,0.6073951333542955,220.23421273373592,192.09914990769315,168.20672438233626,1714,1
0.1623699688584973,1.281,0.019899883057677745,0.474770349213848,294.4649135466776,183.60665936886437,118.32439181350286,1715,1
0.16042618136691014,1.577,-0.043284705455889846,0.6199916131111025,195.77429334008033,182.29860091342877,180.45482090382487,1716,1
0.16124388342323642,1.341,0.044472884968207095,0.5680914951159348,299.65656836602955,151.86231439089403,137.74238321299677,1717,1
0.16195366377141449,1.335,0.06980866813473167,0.6432855247269269,226.46337246061313,184.96799634758767,178.5404325975057,1718,1
0.1609334520121982,1.1300000000000001,-0.009100841290472122,0.47587826512460296,233.61200086617936,200.38138885179583,158.01095478024442,1719,1
0.16181882848405843,1.169,0.026015001660268287,0.40795992483423626,274.82637425148073,149.88764563760705,106.94222924046319,1720,1
0.16400560829063515,1.326,0.02375015672324628,0.569622104464155,305.7988822233944,192.8186969638693,119.56748116426022,1721,1
0.16287786385864794,1.274,-0.036568182312469014,0.6288021925736804,251.24743411446354,175.4355219711337,133.60353143297513,1722,1
0.16207756721079186,1.228,-0.0014753678662848275,0.549560828104811,236.6022215248759,190.90637577446608,148.7555647766776,1723,1
0.16279116522883696,1.294,0.033960478733949716,0.4413848497613735,274.68764470976316,168.28484714796429,139.57381913038975,1724,1
0.1629969895535363,1.323,0.020509974040832015,0.5883087170805905,226.56465756925041,172.37971326563698,166.80856062064626,1725,1
0.16332012396096507,1.78,-0.0771216013474827,1.2484596274377324,239.5117496402752,193.82724363531216,127.027049415191,1726,1
0.1620222663553435,1.804,-0.00422166369872677,1.2144719971443116,206.89391791081437,206.54970853971471,168.6944247221697,1727,1
0.16214103802226473,1.516,0.006544931164286058,0.7556582819841373,257.07175015174255,193.31033651411764,169.37755388029228,1728,1
0.16323206271694335,1.438,0.023502313479182954,0.6302531422735322,286.32835324332575,145.76576179495152,124.11808340516114,1729,1
0.1620942440227675,1.25,-0.034332400893704075,0.5582843883207929,293.73266671200685,166.53904528988932,131.95598978523304,1730,1
0.1612840307476805,1.4180000000000001,0.0071490837928125574,0.5112225708210931,216.4561495004222,214.29824486223885,180.59522128676454,1731,1
0.16188864204098755,1.8319999999999999,0.04022322009852673,0.8437179785418549,230.04177278958088,176.59717412802965,141.1541421139225,1732,1
0.15994417803687205,1.245,0.011872946334435289,0.47451107951142113,201.5258570574527,188.54594952236857,187.31146287197106,1733,1
0.16061685108220278,1.233,-0.0013146844053451602,0.47674723767196303,335.4167664303951,137.0841014338857,106.20031627212472,1734,1
0.16042840595574087,1.101,0.017992899329886576,0.43152154818446986,261.88356034626827,151.24472026567116,139.86958620871968,1735,1
0.16192290434995602,1.5510000000000002,-0.008869072011295678,0.6862344610653781,277.3599469956591,149.64604408423784,127.557036220652,1736,1
0.16223590679354863,1.103,0.0016463934461906108,0.5016874198919448,231.99178503564184,211.46586767740445,177.86599970414804,1737,1
0.1629136299702334,1.651,0.024832490509993744,0.8559386679364778,251.3346497984147,143.49706926642165,125.46075864864268,1738,1
0.16438223561189824,1.204,0.04711131819633577,0.44224240641806745,292.0528842627101,159.82297161460852,120.27319132890231,1739,1
0.16351625895720392,1.404,-0.015902683673954875,0.734152967221597,321.5576175487509,157.24821586368316,147.46752531370123,1740,1
0.1635786428972602,1.18,0.014603592227744582,0.4758140315666157,217.7944835888633,177.84978739279137,166.66254828860275,1741,1
0.16108121647411672,1.206,-0.0394969521313229,0.5269246251621951,256.598433344695,136.62144938415278,113.43714557952116,1742,1
0.1613205341737181,1.4769999999999999,0.02793461683686493,0.7380428779667492,317.97714646100405,136.74863451816637,132.92009016249887,1743,1
0.16378249498668196,1.487,0.03541122609921732,0.6830827227105205,291.8662931623988,150.6814410563812,135.55493315951009,1744,1
0.16313840073069477,1.319,0.01165153220965651,0.5291298448691375,270.5003487855309,136.62547219922357,130.79527554949945,1745,1
0.16320143847860036,1.3719999999999999,0.016359053699323466,0.5419059774435611,286.58515167205564,177.1703616210493,160.21060466367368,1746,1
0.16057958319494575,1.24,-0.0014281958293939588,0.5477294231968779,247.12159271112924,175.6786667295063,165.10850109754617,1747,1
0.16404422963744794,1.524,0.023033157108922026,0.5651012246726781,255.31300888097536,154.92323202553087,129.68895463260273,1748,1
0.16374239605436644,1.455,-0.01566268659771717,0.8165482312871601,262.7923316947543,166.47398730093158,144.41620139279922,1749,1
0.1616713460112637,1.4329999999999998,0.006597026223264681,0.7298452662803157,228.90766972452403,214.91236228929185,185.49410214455781,1750,1
0.16081121501624196,1.35,0.05738109334271123,0.5015943706747623,225.01559186392265,183.22718668294124,139.53830861760716,1751,1
0.1636633301767114,1.33,-0.009853258072447305,0.6704747458614833,321.84918223723065,184.88952198637892,141.50467579200438,1752,1
0.1589138065128094,1.262,0.03169441227872971,0.3391110455726105,225.96601527129116,177.3048504124017,152.6434506981162,1753,1
0.16435145030923823,2.298,-0.025975596825751204,2.1952634759046417,217.30225397239073,165.3256386952008,165.27760390709423,1754,1
0.16167776986812768,1.346,-0.028365021548201363,0.5284766929139213,289.7955575764755,164.32961230045078,140.81737256132047,1755,1
0.1640993207193341,2.412,-0.010642901001980025,2.075066711530784,276.1303310952181,167.37987513660786,148.6050705645587,1756,1
0.16370511878975794,1.304,0.01861943843383563,0.5391169539109324,228.10929134478627,189.65377348785975,133.24652039695647,1757,1
0.1611713701216038,1.455,0.04306207127719409,0.596474740778028,281.23395141777166,166.0966569831484,132.50873215845345,1758,1
0.16309205231799886,1.638,-0.03383819356289814,1.0745824804001565,299.5252170099401,147.2827142507999,133.7513441868559,1759,1
0.15988800951271329,1.252,-0.002908156122873315,0.3731093876571676,205.3119958051867,158.98429627528932,152.16774077466,1760,1
0.16346027670521934,2.075,0.06519700575443305,1.3862281051316794,246.88922660945573,181.57747432149395,140.039095429359,1761,1
0.16023689646358372,1.316,0.0329077441097117,0.5414654483907899,280.017693475858,148.88028929257771,121.6470553994394,1762,1
0.16546768132917414,1.3519999999999999,-0.007760911909073255,0.5739972473803938,244.48308628042076,150.29709636492015,149.8106353047908,1763,1
0.1608628930528359,1.46,0.016714265579821492,0.7315353948265657,253.58754343149033,145.21457303142373,110.57800648364223,1764,1
0.16199507265485924,1.348,-0.0031313704950559117,0.5863804277090114,208.38133033448398,191.30835333261152,176.15294705389238,1765,1
0.1642510505816858,1.5030000000000001,0.019421664973200747,0.7164953934606699,289.4804662511489,169.78942416637722,112.95764674220717,1766,1
0.16050981400096695,1.37,0.0257675915341716,0.6061875971993773,269.7889196057691,144.77323092788833,131.54591375275277,1767,1
0.1630766365985541,1.5819999999999999,0.050722073625969206,0.7549649727932692,294.30145637290457,153.84603343224384,142.5744641122146,1768,1
0.16426237467653693,1.826,-0.07086377763508113,1.7381732084741932,276.28727425918873,159.5191288118411,125.55352736900296,1769,1
0.16116931423680658,1.304,-0.07294357690684197,0.5789538213576777,292.1727019417409,147.05442912602726,129.9564731023379,1770,1
0.16266454364662764,1.2650000000000001,0.0004985943828623869,0.5015427103474432,217.54839148507273,217.28373385790064,163.85688304929312,1771,1
0.16241455641279703,1.062,-0.004691083242247027,0.35332648109730513,307.2487293937686,145.21412910457448,136.2521102663141,1772,1
0.16217724196847103,1.301,-0.026554995447436804,0.5961104087175189,209.5385076612868,171.43407676052533,145.02767809059966,1773,1
0.161193753059449,1.403,-0.0020518432945843728,0.6676790734373261,206.88149367162637,195.17387565226002,176.45615274809683,1774,1
0.1638639658875808,1.2770000000000001,-0.02435961357771285,0.5179420392197169,236.85391288501236,175.71465603766993,169.6621641651524,1775,1
0.16258128525880908,1.379,0.018832183756965628,0.5715438322518307,295.4690556115164,141.28995872375654,131.32027211688725,1776,1
0.1611038915333441,1.1600000000000001,0.024260193406863938,0.5863765639231606,304.73910136343125,132.30297177769347,120.66649875733808,1777,1
0.16448084564466578,1.2469999999999999,0.010854540655841712,0.6355936713384378,295.0994754682849,156.043733287246,115.98027326108244,1778,1
0.16236157114648853,1.233,0.033826861534587194,0.6199817465920145,280.1068223370156,165.6054505366165,119.5856594965891,1779,1
0.15979517025100248,1.143,0.011559145470155243,0.3085776260066311,271.7850242790523,160.12288169555163,127.36230370963699,1780,1
0.1641861035877523,1.4449999999999998,-0.002875346566300997,0.7188251899349969,279.18398469063305,162.68259771557643,157.50983714429492,1781,1
0.16402482945497726,1.4529999999999998,-0.03186291462816034,0.7143810316350292,294.5626885414277,148.13725348875292,143.10540524762132,1782,1
0.16137538744749189,1.1920000000000002,0.03240761740146483,0.4467367564455542,269.0304684955361,166.36344557909794,101.68047876976667,1783,1
0.16240909266080594,1.306,0.01927166257945721,0.39488006369691586,272.45174835085317,166.52763104260524,145.38209178155938,1784,1
0.16156185474967863,1.25,0.009374644110367111,0.3559294801216,250.9935140649875,166.91473745452777,117.66453588698644,1785,1
0.16145011262674144,1.645,0.09046974068405647,0.822462236585574,307.26443819598546,142.17372568856598,132.21510508435375,1786,1
0.16351041051169532,1.1909999999999998,0.043750862628716074,0.416835948736769,258.3875979005933,219.23154102948985,164.164162737974,1787,1
0.1638658868020488,1.287,-0.05929151972965309,0.6952004285367082,288.9280476389389,146.40281249679074,129.4456567698595,1788,1
0.16313814183173875,1.594,-0.013189778476937416,0.8666002158833499,206.76304882697153,179.65866362958653,159.59415904298046,1789,1
0.16229917683936163,1.448,0.06525762298267673,0.5391249364144559,225.701899652269,216.514924762247,200.291738767319,1790,1
0.16282226008413667,1.597,0.02036164309209329,0.7502476033349459,217.74129750663485,180.87418230817866,177.4710574847387,1791,1
0.16290317607520924,1.411,-0.001356122905947376,0.8102715945994761,210.30859971861256,172.99963801197725,172.5948495561123,1792,1
0.16398719893947705,1.194,0.03441478925688421,0.539323517118945,240.86181541687182,211.17743887191233,188.02404056288142,1793,1
0.16532618888267142,1.272,-0.007099195253073993,0.667757758656562,272.43291750570387,158.28268318922983,144.07998973613675,1794,1
0.16525781541773032,2.273,-0.1664940639593807,3.1248322588608186,232.22482935719214,164.59110515699587,138.30904246301006,1795,1
0.16367222300082337,1.553,-0.031851619821294225,0.5390858727602645,276.7606152611958,178.19518764489825,137.8000666507803,1796,1
0.1627027929327736,1.2570000000000001,-0.011926226636099557,0.6019894712919394,271.7586173137964,133.81908009800102,113.76187096935956,1797,1
0.16278246963931653,1.592,0.0009181219921677542,0.8614830078223132,187.38127551378474,173.92913797670695,170.69085005610208,1798,1
0.1649543732784065,1.3769999999999998,0.025800194873166312,0.5519560969215016,268.8036143567571,160.57069631233904,149.811394695802,1799,1
0.16506941070823056,1.917,-0.025652020106633342,1.3562384942753019,329.83499649531194,150.04629133055613,135.5175466470199,1800,1
0.16201422719765424,1.638,0.0060220396384943415,0.569113710391242,184.01826130116555,182.25722866448274,164.97294806697496,1801,1
0.16521664517762732,1.474,-0.07238244293864443,0.7120418959938206,311.01837824979754,135.45770388186494,126.13000919380386,1802,1
0.16432406262806962,1.506,0.0216877495696646,1.063044394069979,276.57349595833,158.80129356347697,156.78787162508385,1803,1
0.16593759298490804,2.056,-0.1572323453796155,2.3334244183697432,241.6432923552421,176.56343465475987,146.75439833757184,1804,1
0.16437640015444546,1.184,-0.0008646529468624337,0.47498607366943935,293.6549305359681,147.59113924584312,135.7895820780199,1805,1
0.1631551576529225,1.663,0.04649952096331995,1.0414791100686793,294.9381845056764,179.19034367765062,132.87597857717606,1806,1
0.16368717171955435,1.8170000000000002,-0.09139570073235313,1.3484306217397233,261.3630355243812,172.1803420885349,141.8588997249248,1807,1
0.16409734391893732,1.306,0.01847153255109552,0.4813464320789005,241.78089800717427,188.9083183395948,152.3117553794051,1808,1
0.1655374019528895,2.229,0.10101226225384068,1.7456492023276704,292.910155024215,163.77677402048602,124.14431603352823,1809,1
0.16308117661464067,1.089,0.0014436112889245375,0.4042341733695003,226.17544266643634,183.246672129913,182.21458870265042,1810,1
0.16630100545114723,1.6869999999999998,0.015009003052533712,0.9635409288769767,231.05834794794615,178.0753306812012,161.50555108974396,1811,1
0.16432837697280292,2.048,-0.1058538967792856,1.7931231788790347,244.4030161184483,176.71226212279717,175.96815622890122,1812,1
0.16401766634435108,1.685,-0.03572272987329929,0.9048680980011357,299.7230623320451,136.89660114706348,114.68993149157207,1813,1
0.16638644204292344,1.927,0.0153961749393201,1.4387738819682756,220.52933119732185,198.55643171062357,146.11057858734725,1814,1
0.16422909012403603,1.7429999999999999,-0.019444494079443743,0.8813203133308818,305.24932441786467,148.08839466814743,141.6517229289396,1815,1
0.16433605958071293,1.724,-0.042230547265323604,1.1373995284850382,292.9700780545162,156.9408910190085,133.93975259633172,1816,1
0.1636627494472723,2.551,-0.0397505865667101,2.668703801801807,192.59444622357302,177.58419971207348,173.57309020383846,1817,1
0.16353895990329032,1.4260000000000002,0.0003964690896491845,0.6421244626743632,290.0619430971449,162.96763978636483,104.36127611797689,1818,1
0.16627490047898652,2.246,0.06496491432320964,1.9643138692773618,299.4210663654307,149.46501724705166,125.88913470359516,1819,1
0.16435887634799343,2.702,0.259587626204272,4.7712452474600076,194.42890010581817,184.73198782983465,182.486197534449,1820,1
0.1649290060928679,2.085,0.04875974292478781,1.5623677981046766,307.7176732298476,127.00382412544431,126.45848536753344,1821,1
0.1646642783379166,2.034,0.09607846395431784,1.5297041739992663,226.0363247916209,213.57815975004573,175.82577159512306,1822,1
0.16745503944156176,2.109,-0.1995310272037143,2.356762932769535,294.05133629540217,191.8267991280917,142.11800662870695,1823,1
0.16417786360663092,2.463,-0.20925884320301932,3.305875208394708,249.30226304681528,169.0262345457016,136.56865041065345,1824,1
0.1673998970642138,2.722,-0.16668702944003616,3.7901157109817785,224.132325051899,188.06827854297154,176.2150871454621,1825,1
0.16525250210851575,2.2,0.16271125097470587,2.597588465779457,305.9249706200542,144.10396544993807,118.33502376264626,1826,1
0.16655333904216316,3.331,0.07394878932202366,5.580343442334399,313.2168615210017,119.15729299295624,107.77020897517535,1827,1
0.16575695141791,2.683,-0.40290531972964,7.327538110941408,332.795202786785,181.82138000799122,168.5980120916482,1828,1
0.1666971465618863,3.318,-0.6649606521197559,13.752434142031841,288.31265766990157,129.1546978922437,128.5480461170326,1829,1
0.16662532498327273,4.304,-0.8768007581470132,24.041102333578515,219.60922402747187,203.89570683476396,193.15438980152896,1830,1
0.16256587727172328,2.304,-0.16068670159430445,2.5850094245457944,324.8294577498602,132.01688436976332,131.28795834297475,1831,1
0.16708491230485736,3.181,0.31284364323420666,7.4282571612867,287.15409189792996,161.98774149300883,111.62284901621923,1832,1
0.16460059065313032,2.842,-0.1613635736223545,3.520278586398864,301.448561012283,163.30230944557005,149.42794963081457,1833,1
0.16457112957457978,3.518,-0.40990377564104574,12.340946182170306,336.3457311420058,131.46116393532571,115.31984158352918,1834,1
0.16703050718964857,2.607,-0.1889526933340997,4.072070561232699,272.60945594984344,158.67186645559656,112.96786268480926,1835,1
0.16269755074240708,1.324,-0.04620569875514549,0.6196544821545764,199.23722188088976,181.16619388889788,170.67900110420368,1836,1
0.1676859070635764,3.914,0.2845936124162121,12.779844102730621,209.1161073077177,196.46865012778812,173.11427134475866,1837,1
0.16430133805754596,1.436,0.014140076943122385,0.6162612236048539,215.32207913838133,174.59200301211072,166.13000121631936,1838,1
0.1632416088243512,2.886,0.2144432724009256,4.932027983464952,290.47461456881723,146.41112130391616,103.59672919690114,1839,1
0.16217508532688135,1.5599999999999998,-0.05456803984946981,0.9646476275693563,222.1412042922818,186.910427022333,172.87444027132463,1840,1
0.16547477916305706,1.597,-0.051482513184478634,1.082172195264298,257.4514242414925,196.78788304057878,150.15307621654395,1841,1
0.1654480391606663,2.019,-0.03336379433025842,2.199176687750205,208.97436812622968,169.38620509335345,155.2298126802906,1842,1
0.16856249985516314,3.401,-0.46725132652671125,9.121170622803042,232.44077319951083,200.36673963776835,186.17745277039432,1843,1
0.16777219546251548,3.1689999999999996,-0.04911457423326709,5.886910415834517,254.7675438594656,181.85281274404997,142.87247647530853,1844,1
0.16860391651460085,4.194,-1.2510292193432222,29.63781540224631,211.58057561161954,176.87948186586328,135.2443879794789,1845,1
0.16716323889390275,4.481999999999999,-1.4902845046054285,37.581384670572945,243.80392343448773,180.63095156104646,147.93491777818502,1846,1
0.1710977276934881,4.753,-0.7650837531965337,23.707891654053892,248.7091259102825,192.3207359365996,146.59914340436274,1847,1
0.1666333686301025,2.549,-0.41782233430644095,5.966695736229033,198.30286508651176,165.6210469520142,149.83935005652384,1848,1
0.1668482328719726,3.645,-0.42681488541002766,10.41187950947592,272.26283483619414,164.96594815668092,138.41033494194744,1849,1
0.16527042957703633,1.9609999999999999,0.012779502384721456,1.133153622069707,340.77901400080566,217.14806638289403,156.95435676451532,1850,1
0.16573678700988315,3.0860000000000003,0.3399486411235243,7.072793008101927,261.0777318360698,198.89470721490818,136.57717675521337,1851,1
0.16790820027831613,3.904,-0.25450950116251164,14.424416685667602,218.941018540702,211.74948226422893,151.2225086562643,1852,1
0.16687694579858087,2.947,-0.19848619007888715,5.1965567692825445,241.19119210496447,184.34831876705056,160.23213398166783,1853,1
0.16358602939637565,1.951,-0.11789321422693552,2.0112825051704046,220.44270090853232,176.12428702631576,157.29560992331503,1854,1
0.16255640517457703,1.8599999999999999,0.02987688580812523,1.1324717406324876,185.35454556070565,170.37421485569607,167.97301821890795,1855,1
0.16513386511616301,3.843,-0.7629637070229419,19.44969535398283,228.69609834841597,191.52838926915794,111.91283416529103,1856,1
0.16543381078834257,3.558,-0.06199026487630669,7.353030354353081,296.1322252517952,163.7943546052649,153.12821372273987,1857,1
0.16655896073866377,2.966,0.08129179637662734,5.64552587231773,231.4327235583659,154.42772677107826,122.70496481534688,1858,1
0.16914916087006424,5.036,-0.742767999376166,27.22253316127356,282.8054297481115,237.54485125560666,186.504936504464,1859,1
0.16522982026819305,3.217,-0.4356169691143913,9.390303047238772,278.43569436603775,212.1284220184273,122.96412873547256,1860,1
0.1685914013100998,3.4450000000000003,-0.3071999295565949,7.670986498240616,280.5773265496437,182.15735927513094,105.98534566190018,1861,1
0.1707554329182347,3.283,-0.26512205694628665,8.674029577300052,228.22038539582968,184.58466277407297,164.11930281062217,1862,1
0.17442373744862502,6.039999999999999,-1.717810832425775,56.526491586366035,214.98422680063865,211.2646155373111,170.05470870808034,1863,1
0.17140814649702876,3.786,0.24960465047697486,13.5177057336982,207.90307726993066,191.8234331446718,188.77523450270206,1864,1
0.1655072663800879,2.351,-0.13387179670296612,2.7265422553804273,211.8371269572031,169.62890215201176,160.86274100900468,1865,1
0.17027526614210775,4.116,-0.6326714026697006,18.04565909955394,243.0822925553891,215.27375340835334,207.14915101507515,1866,1
0.1641139962336108,2.1820000000000004,0.1332914043278367,2.024203037257477,313.33785220296124,134.8145036030495,97.51227519777075,1867,1
0.1687901530643431,4.3549999999999995,0.3181201244686281,19.333973900968,302.71918152031293,117.62137557181363,112.70886280377358,1868,1
0.16341918530868133,1.397,-0.05281577815055273,0.7811506655553724,296.32325138074503,135.51670941577675,123.28132908167719,1869,1
0.1670440973777583,3.376,0.37621004272832453,8.846885734961456,302.21574817657404,135.07644732137132,125.58573751396112,1870,1
0.1650887614888484,1.799,-0.009601378421988225,0.9706717268964669,261.8972152297241,212.99903443723443,158.95938287056293,1871,1
0.16990914664971504,3.691,0.07920845375710381,10.228766509715138,298.5148242381022,192.6349402711643,125.44665982913094,1872,1
0.17011787216423646,3.843,-0.9987901865148787,20.386697851255796,300.45716814543454,116.99469981704175,92.18241264302854,1873,1
0.16468733796837381,1.428,-0.07488418366053196,0.8238026944207788,300.43763967514485,132.21938462170732,130.2260129743038,1874,1
0.17137431419674962,4.063,0.20549510313904873,12.644793354735826,222.5221521628357,171.5834087119915,167.99617445798884,1875,1
0.16762163829006946,3.376,0.6232214250805123,12.43066290269407,266.80627752731414,159.62396871383402,138.84130012105703,1876,1
0.1643709873559656,1.3010000000000002,-0.02377415667078677,0.5566974482956111,223.0573116362893,165.94718189973707,153.24181288350616,1877,1
0.1677781600397624,2.481,-0.0752932267790134,2.8992629579748233,333.3751187344879,119.46906473580691,104.68245296791865,1878,1
0.170178915501451,4.414,-0.4401864596222545,16.393024516057658,284.75654957046856,123.06096600362498,120.20438573953552,1879,1
0.16832103362719741,3.604,0.4628080998765702,10.389687305012638,306.14385195400024,131.77638779897708,109.69198131414484,1880,1
0.16789564121170814,4.16,-0.7719268010084365,19.714452976081095,306.60216935691255,152.4989606063669,98.49124346915545,1881,1
0.16605880203235804,2.5149999999999997,-0.06842209445038318,2.5753673837079623,291.2648979047315,130.51305070065905,121.18154649497657,1882,1
0.16740207069055144,3.125,0.5317779746127721,9.51250399333078,271.866768394765,225.68238973140546,129.45076593349395,1883,1
0.17109108844961796,4.175,-0.023401401527056047,12.155185202276368,299.58225521873425,169.38356072813653,150.08853036783074,1884,1
0.17218720933505413,3.6639999999999997,0.13040665071753366,10.839772909046578,271.5948907157208,143.86656452267917,116.82351428334277,1885,1
0.1690653191192867,4.624,-1.2556492152959466,31.88296585495423,259.77650599313,142.38189186175043,109.0133780877909,1886,1
0.16964411148208733,2.154,-0.05598324781034624,2.2476465449647325,330.9854082990133,167.22079128317873,155.75147805250484,1887,1
0.1683432216728762,3.659,-0.5985717530793228,13.570132552873531,303.6688189939538,137.03517350331745,121.01090356661537,1888,1
0.16800174734024345,4.765000000000001,-0.4057630010871389,23.912289739631465,241.9938618447808,155.12915628233134,124.52225642564834,1889,1
0.16624203208702026,2.144,-0.013685881936296548,1.4987278305339133,299.13845362127347,141.01925882005995,116.08373784644205,1890,1
0.17079411676713466,4.367,-0.4044275115964094,17.31830474365193,278.8879234054009,145.58086043467281,116.32801979006913,1891,1
0.16765798432234372,3.298,0.13236264073703977,6.387389760050297,228.4670164967012,187.14204532786852,173.56454098797605,1892,1
0.16898360306689153,4.029,-0.552716421414349,15.82289616170102,208.11562623948794,194.81207251517827,159.75255433893162,1893,1
0.1731594454677177,4.077,0.27549228706303336,13.114785367104705,256.4774570130841,174.21217804122858,121.7293477298128,1894,1
0.16912035170071935,3.088,0.019717547431450044,4.372692355876106,326.3991276205302,144.84158495138925,121.51172229556248,1895,1
0.16648396336762813,2.0119999999999996,-0.012251158320867605,1.6262136656688853,308.0091732061222,135.35676763016508,118.19452493237958,1896,1
0.16805346410257363,3.198,0.399687915689036,8.548850109578089,188.5854296700401,181.64930800582056,162.7836098533306,1897,1
0.16701436464581984,1.8530000000000002,0.011361934077290114,1.5651250146425975,309.52691016923757,146.39156162900622,142.5106918907808,1898,1
0.1722246048099781,3.101,-0.03745669229633877,5.90267241601339,269.89956813731993,173.91632050414336,146.04126036743168,1899,1
0.16969086639156142,2.717,-0.056527409820052325,4.0789313341651905,262.71758418356757,142.9430779465669,118.22137485170656,1900,1
0.17080541729164175,4.954000000000001,-0.7325888354808116,31.857255428939418,322.39682572203463,151.89160637794197,109.18359911238028,1901,1
0.16553205735360976,1.99,0.08762212815245239,1.345513673869572,306.76853530419015,169.26365020612405,125.65378969344488,1902,1
0.16941331179940894,4.426,0.30754836383923684,12.782777701916599,302.9956291986547,147.80665726777946,127.52252504373787,1903,1
0.17330856201012004,3.662,-0.5001493704880565,13.720151422144628,215.2834330876876,188.2806192135609,178.51921681968057,1904,1
0.17538976920726626,5.437,-1.3648487841965549,42.28293721183135,312.9054336927834,166.3165324938469,147.03249895666949,1905,1
0.17263712365781514,5.633,-2.5424268139530364,71.56179057116354,178.79509793596395,170.73875421933684,170.0005335037856,1906,1
0.16579329892595177,1.871,0.02966035404779998,1.375069679840772,324.1674734777619,148.98429004055683,113.49282563077654,1907,1
0.17285925509012381,3.745,0.1042471919099333,10.594039614602917,315.98902347879607,120.98936548677847,115.47903448309393,1908,1
0.17662512412637182,5.24,0.06273764967564169,26.573057799764527,291.5750048286155,148.9658154257287,125.89710843491706,1909,1
0.16648230773587475,3.51,-0.0009915225918915593,6.746738168582709,229.24304247288157,209.04930920353607,176.86390079483093,1910,1
0.16887009398522324,2.637,0.23933278586595114,4.360728520803713,304.9907362783647,140.5328748240409,123.13254667026838,1911,1
0.17251998242504404,3.4690000000000003,0.2301035287692817,11.27417775620374,303.15603033460525,154.67111558831434,134.44254682125944,1912,1
0.16623032748973263,2.1950000000000003,0.13049043745621688,2.1076786640762073,342.33862902928774,127.23514456099225,120.87964206553853,1913,1
0.17272926863777494,4.548,-0.5321351624677637,18.47084492068643,265.1742179857431,134.7581367259568,121.36027376735606,1914,1
0.1693488801642651,3.3520000000000003,-0.08651954126049316,7.520495532119941,302.6160297858837,120.70445886875511,105.40133413790704,1915,1
0.17073936643316914,4.297,-1.3475948484267488,29.85400040403743,306.62114869518155,142.22531084433683,124.3632068806824,1916,1
0.17207683603553384,3.62,-0.31814742431444376,9.639729349762476,281.8528914741367,150.59904973598927,110.36552933872343,1917,1
0.16678720332029748,2.193,0.13124703153299264,2.3591672592209134,279.2661605184739,150.19798814102876,142.02924714191334,1918,1
0.16610760466674906,2.776,-0.17923894293650455,3.8642002763169216,287.1639456370889,141.98906321636258,98.16364250657793,1919,1
0.17134296760832682,4.27,0.3541783017179489,13.978341444500604,229.42663076316288,183.20467010452364,130.09810800432936,1920,1
0.1702311434124203,3.074,-0.22502426627344685,5.397550257778695,219.2171338871848,161.12828349953818,153.61969557197122,1921,1
0.1686686477806134,4.431,1.0654364448308007,31.470289854309527,284.320624293372,139.48159725720404,132.15329977149196,1922,1
0.1671229082294768,1.853,-0.004632193021406078,1.1096487351739839,186.43110935037015,174.83583786982217,170.62282704499304,1923,1
0.16836691006919977,3.151,-0.18172594321291496,4.548989654538716,310.0288940976575,160.55889199017216,136.08462730949427,1924,1
0.17055556079004355,3.7350000000000003,-0.1422314111414133,8.479351144224628,243.34596288519202,168.26690984128945,144.59181921368574,1925,1
0.17223355001843607,3.5839999999999996,-0.07817302138240718,8.331445234561963,195.151941854068,183.71323130729382,155.7324433866157,1926,1
0.17143452108467316,3.8789999999999996,0.16417152023988135,10.436974987852174,266.3562063165908,181.620025157939,113.30195109760109,1927,1
0.167884322968041,3.01,0.017099614368845734,4.815752515695774,267.5225966324572,174.11570729464043,137.173287631815,1928,1
0.16891245392168022,4.199,-0.27589051244628343,10.902946392907662,293.7733623555237,140.7627527583849,129.7876779947175,1929,1
0.16477826883682015,1.3159999999999998,0.006156552451899259,0.4388370036601543,209.9196074242669,161.49689707882982,144.75778430476907,1930,1
0.1662114716868619,1.873,0.03060718759401798,0.8698665189526218,269.9823957109644,154.5946220131364,151.95489746121808,1931,1
0.16587872075706395,1.4140000000000001,0.015130089051702952,0.671830672962392,229.68628166414234,181.79921179833826,177.70127932536778,1932,1
0.16537833976573799,1.2429999999999999,-0.011233180030701617,0.5317300062239965,249.5093691948894,155.84622033593567,119.69185063305774,1933,1
0.1670877240240325,2.038,0.022797389203398313,1.2936195370268537,314.9567037728522,163.79855826409369,125.93785106536022,1934,1
0.16796755333876057,1.9489999999999998,0.018035250578392156,1.2473467442912654,252.51238822621121,150.86175306912452,136.2725156529076,1935,1
0.1687033682676305,2.109,-0.09986317090068729,1.5510069783303724,282.2434373462711,163.02670411985648,146.023559400544,1936,1
0.16693862419478264,1.629,-0.03381436626580052,1.0178018919108798,282.1498713860767,151.6804689531549,101.10923534818168,1937,1
0.1663976504526788,1.7610000000000001,0.011876997914431746,1.024831339655722,291.9510328788771,152.600248447869,105.61480336090675,1938,1
0.16759625790590463,2.1559999999999997,0.06819519282514053,1.729149049370796,279.5197366414022,127.10476099759056,125.64518635151352,1939,1
0.16899574597664618,1.907,-0.058696483036832704,1.3643107551946052,249.6651834421153,193.40075563988924,114.00091623308406,1940,1
0.16767469551373873,1.865,-0.03620695625161702,1.2798498196255776,261.55924045633117,177.25025332540463,156.76809899745052,1941,1
0.16703719660251762,1.807,-0.003263355118497103,1.3268278428242084,224.72226098660738,195.00501568884653,178.07101072687018,1942,1
0.16656469378832023,1.713,-0.11674502711973513,1.1450130581519042,269.18774988216643,191.616672326233,161.9090685799315,1943,1
0.169976427737284,2.559,-0.19244197291302653,3.466241046535494,291.8255081899768,199.67917926787104,171.64279462907223,1944,1
0.16872614168726752,2.58,-0.1287385184056021,3.007082721338298,289.47856082019075,176.6334062844531,114.5153287822586,1945,1
0.16607270386415102,2.427,-0.045925838716619795,1.7449135105621139,200.0387408024572,197.49347759973548,176.78681761336148,1946,1
0.1693530304593964,1.907,0.015775626527056944,1.6664520937388048,314.4005252098506,139.10409616172967,130.65574787259382,1947,1
0.16851458492377225,4.673,-0.8970442284921964,28.476613970220363,228.30034468180807,186.73246334228642,167.9973582630175,1948,1
0.17141196292895153,5.225,-0.23484302896091933,21.751813378050475,201.30855910165204,184.63048732414995,177.83173094103083,1949,1
0.1645913974817639,1.352,-0.006803740228246608,0.46189845243152217,229.52329574577126,179.16201131136773,162.99686850984816,1950,1
0.16563554477045755,1.475,-0.07854806493716886,0.7195595383412812,315.6503744299266,182.04110633794596,175.17995135803255,1951,1
0.17019400436294385,2.473,-0.13042605681805422,3.148679235559632,209.26600895727614,175.438398223257,172.8205057132572,1952,1
0.17052490109814242,2.297,-0.20660725594923318,3.088221310266836,216.1884184878773,185.99755288315947,148.15179272221266,1953,1
0.16765938691147375,1.867,-0.06271437254948005,1.2569340560131206,328.8954442154969,139.0397811021317,125.21695616584921,1954,1
0.16597916820295175,1.709,0.04674258834370993,0.8139337329851601,308.49174103378056,144.48900112615314,119.79372601369427,1955,1
0.16674309086018937,1.453,0.017560767402959573,0.7994997214409412,287.45943249523754,156.87079122335157,136.06591749426815,1956,1
0.16375569094953424,1.943,-0.0315175577664169,1.0160285089971843,291.8772644064718,186.9595379879835,114.03017174980916,1957,1
0.16462225818711454,2.126,0.06264035934672976,1.6762294083009301,257.2234269735037,174.43441362583715,138.42383530982175,1958,1
0.16613555991291606,1.607,-0.017847402039009797,0.5535864544643809,194.92175735158517,177.06973072963385,170.08769018583155,1959,1
0.1652528494400229,1.855,-0.02181837216639254,1.1648852152208145,317.48001546485415,140.13237192645394,129.9179695603235,1960,1
0.1662194350427696,2.1559999999999997,0.1530513207907609,2.1326060952646007,302.7157818965084,117.66388178286051,116.66889241376396,1961,1
0.1668810468239653,1.6720000000000002,-0.018337798641481894,0.755692437757205,288.24581720892326,144.8464286071654,130.84977625000323,1962,1
0.16385073356755225,1.65,0.044542428955691674,0.9244397178777128,324.2086371547565,163.4979298953213,139.02052417365653,1963,1
0.16635626273856885,1.763,-0.04468788986062643,1.328044367470448,317.9069669235513,137.24854428726442,135.71470824724946,1964,1
0.1673209629385149,1.8,0.09538964878299155,1.2194221890142432,292.0319906844859,161.45526525483885,145.21303146732515,1965,1
0.16835592122327475,3.122,-0.5335325204043043,9.001646694107736,229.73672733614694,200.93494555947726,168.55203645452306,1966,1
0.16646135912586818,2.949,-0.16744485060781086,3.8797720403367046,292.5041699860514,150.43745015946698,120.70000844188576,1967,1
0.16652833945547188,1.7730000000000001,-0.04923944501125022,1.459314745661601,288.917267861231,143.22296449456562,132.69504579459024,1968,1
0.16499246490843908,1.492,-0.017266898003020278,0.7618754562962233,293.8684130766245,148.13676818651734,139.44389331508216,1969,1
0.1646704426650393,1.416,-0.052736796053332,0.5067955422316861,286.1772121888069,140.03243100920886,113.95117339666287,1970,1
0.16627019570120086,1.397,-0.0166554090495152,0.5415048316567419,195.4627587210951,170.43381283288366,169.1815312309517,1971,1
0.16516375367296468,1.702,-0.035383758511302016,0.8488213360788803,206.6190876908269,187.21242176817586,178.77942397462246,1972,1
0.1686387835186219,2.923,-0.4689027550968309,8.482774542673548,212.6784042147627,194.71773988569794,167.79986251982905,1973,1
0.1651190475187997,1.607,0.013181159424444156,0.8112993153241068,222.99823545044586,154.97338987485693,123.20717986432723,1974,1
0.16677943409986698,1.768,-0.048274658193589025,0.9320024823910615,231.6561563156224,189.55669348683736,151.00446592282415,1975,1
0.168223916213861,3.447,0.10756721727743516,6.0275405957823605,292.7941320343745,155.28873075717303,118.20439167503181,1976,1
0.17162099185050178,4.287,-0.8694659624837764,21.811784112635056,278.26038508632024,200.64465243048156,165.15627452081443,1977,1
0.16682032270787447,3.4530000000000003,-0.18760858896916743,7.102011807857847,272.81893921863696,178.2299689637724,144.0061036587531,1978,1
0.1658520329274618,2.081,-0.2320029804231148,2.873700942192772,219.18168676755946,200.326553453464,189.74960409381652,1979,1
0.17127952057943727,2.7270000000000003,-0.1668643990814147,4.735419443718019,227.94597154138268,185.57341037082026,149.60239590445005,1980,1
0.16650166161426888,1.721,-0.05881557283468887,1.1618779298155317,203.29576649157264,166.32279054470172,161.0323910704677,1981,1
0.16730314195673,1.687,-0.04192893788085125,0.8163558353292628,290.92197658658296,158.49102979995712,125.4050916638622,1982,1
0.16948734829027431,2.6660000000000004,-0.06889268314779243,3.689307726604567,246.7763159092887,177.152627554255,143.27955618205408,1983,1
0.17083207472224368,2.1559999999999997,-0.11070389640307325,2.5496031626025575,233.50051272700094,200.03244421977757,134.92747011858512,1984,1
0.17243567768722667,2.8,-0.25589980575455146,4.068168274909701,305.87620866756777,188.98582911546512,149.276797203072,1985,1
0.17019110194613768,3.0020000000000002,-0.31120415525282347,5.626213809172455,265.7949205119377,181.12140613184778,153.2761422650655,1986,1
0.17568687077439793,5.422000000000001,-1.6245040542665317,46.90054112697619,210.00743771208982,189.40894153015515,156.77799523499374,1987,1
0.17349672989195827,4.258,1.2334429963020281,26.28902546019092,242.40899066976047,188.54990562431172,139.23504960897768,1988,1
0.17359920488166666,3.5620000000000003,0.002465389280078047,6.00439448364275,277.35530529635594,173.8996735076672,147.24425308227015,1989,1
0.17005796245898963,3.088,0.7523089159084148,11.272001143742685,237.75589085294598,187.92255585635783,127.15728357924795,1990,1
0.16690639086190462,1.851,0.013698852560122071,1.08552435682991,208.44433237529066,182.1576531763405,174.0696172932847,1991,1
0.1696381088914907,2.52,0.00018291198372775711,2.2686751784787864,302.63026983638645,194.7229166175596,182.801720599221,1992,1
0.17084437762826,3.9530000000000003,-0.46828139834543864,12.438408730806696,205.48614308982198,197.05980644032317,187.3187847684173,1993,1
0.16724160208153016,1.9580000000000002,-0.029348808534451078,1.5212098908834104,292.3047149105338,177.57704603931688,101.73420777475971,1994,1
0.17490703390033377,4.824,-0.09762963443870855,13.958757096649435,229.1506859902544,193.07077994045366,164.67481625177308,1995,1
0.16687143752049435,2.193,0.13240764903735713,2.070215987459295,219.5378770630817,189.707478495106,188.61803796197665,1996,1
0.17092409825206406,2.405,0.022129534135437633,2.741919552135916,247.67204015301277,196.99659263421867,127.44344492979293,1997,1
0.1677020893474031,2.6900000000000004,-0.043104349584616584,2.5342881713326433,270.5278748053464,196.81873485319096,125.44063232177854,1998,1
0.17810003731334711,4.340999999999999,-1.0577260418072874,23.409251277554755,317.4371273280762,196.3919404902654,123.69663482570449,1999,1
0.17085593760831264,3.472,0.48071006333375,11.371869439478646,269.5683665589422,202.15976279340762,104.78543389143735,2000,1
0.1676093802437773,1.722,-0.08678685965358242,0.7919394863650657,213.16809271133096,165.70130399870925,159.81179936141547,2001,1
0.17389312478547347,3.096,0.2460103555011004,6.346961024723413,214.86442032115067,203.44373862939992,165.33740996735725,2002,1
0.17609107556753478,5.19,-1.115370492344996,36.882186242473686,213.43803298575477,175.32636629832535,162.70857782303204,2003,1
0.17087408087147646,3.614,0.11291164386992382,7.409155514899846,221.17692960301167,175.5925610710758,157.43939145174306,2004,1
0.17107660644704611,2.461,-0.16748604007654277,2.6785043547981298,239.2007396756938,159.13572185752113,155.6116103565193,2005,1
0.18353293886503724,4.235,0.3793719258608782,12.410073505784453,318.3836704851566,149.91680872659822,146.646089630107,2006,1
0.1763961194777166,3.3840000000000003,0.3320156772958102,7.53929270521799,210.43293018789797,185.62541424151567,167.84664843269175,2007,1
0.1760656396707099,4.602,-0.4810886039573014,15.960827483712912,287.3962004540742,166.92833141880092,133.90949981603285,2008,1
0.17829303518781764,3.987,-0.1399235667186881,8.092451093989865,225.02261778226597,216.187592015802,175.70554158839226,2009,1
0.18454672656839344,5.656000000000001,1.1244704328883708,37.96297866357559,206.7531354185366,175.30579202740083,154.2375893271797,2010,1
0.17758737753611953,3.125,-0.33208734064807455,6.871560793419986,245.7000195171885,212.04800879731562,131.10365089249274,2011,1
0.1777116565150641,3.406,0.0033320485064868635,6.85974067077427,320.22081278177825,133.53297766836536,115.23269193752127,2012,1
0.17659008371371146,3.423,0.22863995279437901,7.258999318399656,257.4959564339843,188.47600866515674,117.97705563748426,2013,1
0.18428610131714188,5.568,-1.43796670146368,42.38854312026173,211.49416772672168,180.93721213127222,163.36397196812277,2014,1
0.18486477426926148,7.419,-1.488641983419702,66.401711748089,290.5293329992963,151.92736241768716,150.03900723016267,2015,1
0.17774986319878702,3.056,-0.11448599287733205,4.75722355753614,288.2276577718568,205.4772617107283,164.7667787577327,2016,1
0.17535964481401323,3.8209999999999997,0.01690629019066624,7.598859309342085,208.97353476422623,153.1583722998698,153.15165011622184,2017,1
0.1771564540978274,4.086,-0.5465089191309067,12.682196346883782,297.39794735441524,150.89256921256933,110.03800095290353,2018,1
0.18172425561307165,5.044,0.4236525356518015,19.9340924095825,235.91617711425675,169.27201126858557,163.40703399729233,2019,1
0.1754181203392608,3.548,0.3320278165255987,8.494864079407286,207.89782980637892,194.52133325607318,137.3798168116992,2020,1
0.1879454710751399,6.0329999999999995,-1.6493573014853413,52.856947220417034,280.7984711975338,166.03368960861536,143.00991719276527,2021,1
0.17988957740401126,4.255,0.6505018640490823,15.490482644320682,292.3121681138989,143.05038379149548,136.3113788566607,2022,1
0.17721441773601726,3.886,-0.06991813222422474,12.506740452609685,183.75137198396095,176.90457539572188,146.99460227551933,2023,1
0.17860945250304505,4.834,0.9103744596403942,28.877623421859166,251.6428299869605,161.91467288283843,147.31470536271246,2024,1
0.17748204106991713,3.0540000000000003,-0.09435583579996112,4.354677259296788,311.32428877880693,134.01452260419106,106.30090793398163,2025,1
0.18502290715442507,5.381,-0.7156411969932653,31.957878427730343,203.5479076991991,184.61652191099256,133.85112773885632,2026,1
0.17428179114471304,3.081,0.27125229828143704,5.442876091512712,309.6639850750339,173.97219703081066,125.80142026871562,2027,1
0.1819612291561464,4.756,-0.650843425447643,19.97230540330697,254.74667751917093,189.21496163937638,146.2938399033224,2028,1
0.18459216752220792,5.01,-0.5938722958985071,22.60674151881021,274.895272960261,161.3869159431042,107.29438060877192,2029,1
0.17963107959331362,3.923,-0.3898674406414476,8.794165417607658,274.03217195158396,178.9764375006556,165.15688152389885,2030,1
0.18172645888635755,4.155,-0.3036078354896192,11.10917569484037,306.8921025509946,210.9258941685424,107.77679623712805,2031,1
0.1853390707394912,4.936,-0.20780217893582575,17.862096559804254,263.92309188531004,155.64732998067512,152.16706963265307,2032,1
0.17490934761416413,2.801,-0.17769473436066452,3.899901704787556,290.2826549529749,158.51806801676554,115.47744777247819,2033,1
0.17571391001804076,3.125,0.0034669864359588676,4.792942728838134,283.2974657196017,142.3774976646393,136.83055064500013,2034,1
0.18148765023411373,3.416,0.17328685250507886,9.41585640498742,196.5593140879823,194.85301698599315,184.07635146477122,2035,1
0.178243638670676,3.999,0.17628383400480419,8.3685405790741,293.4225822318187,144.20355247750174,132.67355868280436,2036,1
0.1820436058038362,5.288,-1.4175289727589027,36.57585616680415,326.91951726297293,135.47865212430065,121.93877540329187,2037,1
0.18118943829271097,4.214,0.4095444506417652,15.731905315840084,209.14736243867034,184.54618262970305,157.37317184482725,2038,1
0.18085412991854444,5.026999999999999,-0.06682382275368842,14.02281257976906,243.57808483822097,165.1796014352622,124.37152099739403,2039,1
0.1776297015948399,3.311,0.2089869911893677,6.627420366611236,273.3433748256089,153.92690933682576,134.84801739250992,2040,1
0.17350531838480485,3.067,0.3205797086880409,4.841144808926559,267.7713481844199,173.42767584540772,159.89010940846669,2041,1
0.17553891003292368,3.301,-0.5256837507443025,8.275376809028215,237.13261259948968,175.1457608207963,122.71769598380874,2042,1
0.17624456551905365,4.128,0.49413290443861413,13.18655128621911,291.2850256112119,164.9883839432184,116.54007238966076,2043,1
0.1823513064790307,4.587,1.0419891563989496,22.9009531692892,226.4569970346736,168.3706543871938,150.37659245582995,2044,1
0.18096498590348045,4.727,-0.17698465162551186,15.114691235417048,234.36329665375087,166.5537306557909,116.091672328493,2045,1
0.17736369587724082,4.8580000000000005,-0.5985523356849357,22.33833788216056,242.87083873049684,126.69944767913904,119.76420046827265,2046,1
0.17594003120403873,4.443,-0.317822523028261,14.934609722087309,242.22459744078134,184.5898719157326,161.35261254198662,2047,1
0.1751490181658268,4.311999999999999,-0.07207622157003489,11.518839593111002,213.37449381278623,173.59356737108027,135.95292572073407,2048,1
0.18431534667922903,4.617,-0.6578069155100653,16.8087496957097,194.25551963354192,186.82861012103118,163.90615817489197,2049,1
0.17758114259974578,3.349,-0.9210516975914104,15.514101356863701,335.8348064381957,196.64300132266882,139.75855317753928,2050,1
0.18464381555591533,4.214,-0.25284995210682537,11.832500435199172,249.05288298640843,154.4178302871161,145.18745906350355,2051,1
0.179871898318463,2.859,-0.061045477230668166,4.143367364666829,247.05803624591402,189.40938045631552,128.02466938927535,2052,1
0.18348726060598186,5.3,-0.7268264372465302,30.68119959763655,283.9224649774016,162.64655891192024,127.71533007503767,2053,1
0.17785740947587408,4.5120000000000005,0.06900111760895795,11.76474024047745,318.5503969748775,172.71167857628603,145.36997785091745,2054,1
0.19124515440144163,6.731,-0.23343035398445217,43.28135249811151,267.14365675388547,174.5257786350733,151.24477396071552,2055,1
0.18205316324647283,3.665,0.39810283228937154,10.412963586295854,262.16069447441583,194.10980262070888,121.40044825718074,2056,1
0.17930634683586913,3.118,-0.044975158091095986,6.107002989572582,219.4197426462715,185.53181359832945,159.14932568814854,2057,1
0.18368867293454194,6.721,0.9366201442254626,61.86599864877802,313.63021946959384,187.85809995026707,130.8327513199315,2058,1
0.18818252416827594,5.32,0.7780159275817244,29.043907543033143,248.57175203492986,177.24380673902724,142.57466416740192,2059,1
0.18049020502877192,4.118,0.2750921610273395,12.520010509966676,235.80608190872118,179.33635827880877,162.1888391956316,2060,1
0.18112346687800082,4.5440000000000005,0.41507709280182664,13.584076286131847,221.36540550048625,214.25532989413745,183.0137924254093,2061,1
0.18769471335102084,6.567,0.6478156706018691,39.90103306510256,260.46984775426245,234.0493058287923,146.6843369872896,2062,1
0.1862964737268177,6.485,-1.555975738851203,52.0136079512722,269.41231445463774,189.6538538563044,153.72811393026274,2063,1
0.18547115547092152,5.261,-1.5168959045171417,44.28701372570634,316.0199516584664,184.86532667083105,135.14120400295087,2064,1
0.17857585608629495,3.715,-0.7592865044303128,13.255716224419935,233.76275535447098,178.43020087974043,133.24643676143685,2065,1
0.17706947554539681,3.606,0.04716651276396493,5.253402350264549,234.7595510538819,136.14505897330292,109.99722736811134,2066,1
0.1814609366591144,5.159000000000001,-0.7334282687943459,23.952155732161298,241.64922718019994,179.34993826071317,178.7796934268657,2067,1
0.17669177886024262,3.298,0.12397039492512278,6.515381918634494,230.70622689817264,150.45975733810732,148.2764085437493,2068,1
0.1773854236553574,3.859,-0.5341238316329747,10.684681856918601,237.09686827407293,159.41358869394327,137.28009595232737,2069,1
0.17885116646556642,3.5229999999999997,0.018289914035003196,4.371500899228924,261.9030678335989,149.6891369755596,131.90148194176064,2070,1
0.18190121643095877,3.9989999999999997,0.7430466470314292,15.615264898468123,272.5658564822091,178.55041814611712,149.37333422614793,2071,1
0.17633188409816694,1.907,0.02831213963478529,1.2163918798035604,286.3600592294086,125.65975135999808,118.56133438614857,2072,1
0.17656330503135056,2.4299999999999997,0.04707902694069225,2.5502381766632247,310.9258732427279,132.63564010561723,125.42225655986184,2073,1
0.1781971193091463,2.221,0.005737019057163461,1.6481473013550962,310.89448580174985,179.70813539086845,138.55662912765587,2074,1
0.17826846401893934,2.065,-0.018951450707245743,1.7089345895504078,261.7120783323868,156.05352980763084,126.87757981530032,2075,1
0.18387364064121928,3.106,0.26456077887181334,5.346577318366638,221.2666031760258,177.88036742258808,162.11712478851172,2076,1
0.1825385976949464,3.694,0.08863966403997307,5.748182975512753,251.60224246242922,221.6929269859424,187.47314228032747,2077,1
0.183977065406814,3.984,-0.241027001856462,8.321211328371232,253.91576428092745,160.34220561692825,140.08220017733692,2078,1
0.18466428087440023,3.75,-0.06571281052900042,8.99913659439165,199.06472251149327,183.01884083212343,167.59180609491392,2079,1
0.18055381923577524,2.036,-0.11126953395321978,1.573676540614371,338.3499567754376,138.0679861734345,128.1176463607427,2080,1
0.18806417673313677,5.3420000000000005,-0.3490695029100674,23.065983247845427,265.4725716090372,146.99312628708708,136.299788083898,2081,1
0.18308347158703153,3.0759999999999996,0.0521341053057268,4.406554087399743,224.86471093709872,170.64665381988377,169.27411060013142,2082,1
0.17992935326946727,3.2809999999999997,-0.0762249541887385,4.236721663525099,223.56130710106183,175.2966717243122,170.15779100594773,2083,1
0.18215681734021272,2.7270000000000003,-0.14739661468594548,2.4819668251409084,202.37948622611066,201.02959148918887,181.51233084099505,2084,1
0.18590365303804715,3.555,0.20640197953396755,8.203098839797688,196.96231283340265,175.70751063921568,148.46170803563763,2085,1
0.179053430316772,3.0060000000000002,-0.09761551917427508,4.294110302022932,242.61005507490327,169.20551539154022,134.59441805101085,2086,1
0.18215486803065578,3.982,0.034508832503825256,7.118337097071063,232.0059654403392,171.8565048203508,160.48982624228339,2087,1
0.18046466932615926,3.216,0.09825665046507401,3.6722406073150724,261.5380459185628,176.82832889861632,154.0023055722097,2088,1
0.17764350973996876,2.908,-0.13512774012374437,3.5972901168468674,277.98439777308033,136.98514589056367,123.94705220519047,2089,1
0.17914954758634088,3.35,0.18073079626491304,3.8916942903966216,281.94427216668896,176.69306961359197,162.59147297638438,2090,1
0.17533044819555194,1.819,-0.045783994969574,0.8803161146818779,283.25381377491635,197.70695532450833,134.08674711469175,2091,1
0.17887575408755269,2.168,-0.023722540430448122,1.1746836466452466,271.8763189129981,149.6811940663443,139.01529339994474,2092,1
0.17818832659949452,1.701,-0.0030915399441972025,0.9041753869770508,327.66007134081985,203.01993783811798,147.63391341316796,2093,1
0.18149964192673013,3.005,-0.18914504304728755,3.9436238969874164,315.2119554665076,215.48815739720584,133.93736382009936,2094,1
0.17896984036358088,2.159,-0.06391987648595653,1.622679857914596,204.254625136743,171.34339750168766,151.8841464090677,2095,1
0.1792486969585222,3.205,-0.1370818357058094,4.185035027313344,260.78757852148783,157.4638411706509,147.648157498838,2096,1
0.18260777425605407,4.085,0.22923983561057829,7.7689640575667145,337.6479647084638,196.05185294181823,164.17453637364946,2097,1
0.17560021497152806,1.887,0.040080548373674085,1.1181952683577174,240.0544422471524,194.1183542849252,126.62465086273615,2098,1
0.17828889020110208,2.325,-0.05880031410747813,1.2972701332241092,204.79079627098977,198.8472629640422,195.2151414278148,2099,1
0.1790036293386429,2.022,-0.04596510428723424,1.0202958712965922,322.5000251686338,190.2233754313753,183.23824766289886,2100,1
0.1767214456027833,1.804,0.004469672552207659,0.913989461707025,242.7579933880934,210.4022606401059,197.04861608094058,2101,1
0.18135280772334522,3.455,0.04831120822534038,3.469357939082826,232.93526707009966,198.4019046044936,146.44941804949633,2102,1
0.17443676633444782,1.6139999999999999,-0.05833984454972669,0.6097530303871279,317.931665787783,188.17416165880786,156.1739932043839,2103,1
0.1771064828006022,1.721,-0.02919174408709722,0.7795766115965788,269.78094620163125,192.12030141827205,161.8170256314934,2104,1
0.17535295865032297,1.8900000000000001,-0.12252522320497532,0.9680975373394558,284.37841336857065,212.31994371875646,155.0000145896199,2105,1
0.1753208973311956,1.7770000000000001,-0.023800755334272096,0.9458333527096539,206.4836395242481,187.02694257474855,164.93072167025497,2106,1
0.17428191736020693,1.9849999999999999,-0.022286821121826554,0.994246179885681,222.0727943693852,199.52049400025913,152.315326290518,2107,1
0.1755087519797357,1.724,-0.018280580059862453,0.8607542744341794,298.376784122834,154.67608125212828,121.72114935631873,2108,1
0.17531184742525605,2.6390000000000002,0.02728287879389499,1.7841690112503938,265.3457418374095,188.82207023413662,166.1781513291162,2109,1
0.17638335436007702,1.734,0.05551493332948788,1.0142071785901194,225.69521040777772,185.07429990221178,158.11784187400917,2110,1
0.18066341273531802,1.956,-0.0534432110811324,1.2337656246711788,319.23452834997516,176.345971873199,141.06285214986218,2111,1
0.17895542159968744,2.326,0.0689398104095059,1.5988500092608708,280.60722540678086,177.8996987840417,125.30696623392161,2112,1
0.17973548571225093,2.137,-0.026135746366727722,1.3888059679172624,242.0130216144661,184.9542287021383,183.59857233934497,2113,1
0.17876917742952259,1.914,0.03234388776700709,1.014543412212296,282.89039748787246,169.3366512165869,161.73192449895478,2114,1
0.1814178831864261,2.327,-0.021517364521655064,1.5026035877590411,316.72345930812156,203.3261882646696,156.975363494625,2115,1
0.17985211372819615,2.319,0.07589457640694357,1.8377513901894114,282.2368684355096,175.26595684647629,173.23936560048045,2116,1
0.17919531328339583,2.181,0.14318653624302025,1.666890751029272,213.79191564212314,172.22477966504283,157.29454602156102,2117,1
0.17818306126091926,2.058,0.09666552567871094,1.0723883327431611,312.64513762229484,206.9305187526474,131.16540236698467,2118,1
0.2125151266445153,3.033,0.03593961997215662,2.0342183085573167,202.75302303679237,191.31202373606942,190.3503705443851,2119,1
0.21580272148332463,4.912,0.059656456945844635,7.603424355840543,326.2841740765725,213.8838795737972,190.73478061772823,2120,1
0.21463900584942908,3.427,0.0126936720736335,2.9702510206114647,224.44447272972002,204.04941827229,188.00871597406547,2121,1
0.21688205578850195,3.486,-0.08399554143144236,1.9995457201253473,238.58046867278662,205.93073574136199,202.80452988443952,2122,1
0.22670298360065202,3.847,-0.04444916848592722,2.729730887733605,253.9814647631621,252.76404399730913,237.4824395013249,2123,1
0.22822497317100565,3.452,-0.05721071863884641,1.9248037291644016,306.83054975068643,260.50639780245416,215.4234136351377,2124,1
0.22989399794898682,3.632,-0.13387275744393776,2.8917835235264144,302.40854767705343,267.45961869684385,231.95519361982863,2125,1
0.2327378791906385,4.720000000000001,-0.09879220626079971,4.492185272712788,285.32841545214535,226.55702619829142,219.26468800317605,2126,1
0.23567059364913878,3.315,-0.07684740433221388,2.1696134798036617,352.095959177358,309.96898139503816,259.38790100974546,2127,1
0.23672341610500192,4.404,0.1077800217375018,4.173782322929214,288.05925947271,278.31731897944474,257.54629483688717,2128,1
0.24235743564274673,3.194,-0.1322797802854099,1.760076304191215,310.71732027900293,310.2745513196282,274.51754477347873,2129,1
0.23997568836417446,3.823,0.003247374940016935,3.0161674950853268,292.18075585584756,279.4350045268622,269.4748117082797,2130,1
0.23815558264077866,3.098,-0.12933981622594554,1.8980866844688853,359.4473438874298,292.42663034565817,279.7138740421479,2131,1
0.2444203890073412,4.046,-0.04635626039018531,3.1575003185084345,352.24960604100727,328.918723672978,298.5733057411718,2132,1
0.248750909919033,4.390000000000001,-0.16039607573131917,3.162222694444125,301.61073657098717,301.15029461418624,262.1402379738342,2133,1
0.25983418371596867,5.825,-0.030718054365781136,7.7114809765047365,324.9599803457333,294.7708165452955,283.47099785196735,2134,1
0.2576260934065225,4.431,0.06271574201544673,4.981192783158173,401.887791256039,326.3860757734254,313.19252164052585,2135,1
0.26569133436423925,6.126,0.29144137260353703,10.672934649015097,361.66411954161265,322.94670311414853,309.525568847523,2136,1
0.26512197627636885,5.3759999999999994,-0.0912282957943795,5.431357642079519,351.76867991827714,311.20569762016333,270.44408334962236,2137,1
0.26458752050287515,4.839,-0.15820715437031532,5.204025332420651,385.76401402422016,381.55487529345623,370.3005869296065,2138,1
0.26778370323593254,5.573,-0.03463331811964488,5.413271752948701,354.70753723830774,319.4534342630655,309.9140233798837,2139,1
0.25770640515859444,4.151,-0.06272518224683736,2.617628029262751,442.3357242521972,369.43862311943724,303.58909287291686,2140,1
0.26498073549891676,5.652,-0.21783110553304794,5.19517107660039,371.7931094212688,298.22348007933846,284.54862140050756,2141,1
0.26869317622377153,3.9890000000000003,-0.06809210774199015,3.660926538467569,354.3335303343961,341.9848141882063,338.09110278259465,2142,1
0.27233468439085323,7.241,-0.31474360852542493,8.759576417624611,382.10702805049056,321.0235259288386,288.65373731789674,2143,1
0.259834688751359,3.868,-0.1159294001276065,2.9388785494009904,384.6062248501523,317.7563712539461,274.73622406502597,2144,1
0.28040430675034334,4.404,-0.1542135859043559,3.1923106578319436,401.28582706687536,329.0081354446796,312.4501706990734,2145,1
0.2766132981243287,4.2989999999999995,-0.17524406249479135,3.145563757553779,350.55383073359866,292.3262726066346,245.36826657250253,2146,1
0.27715855286773017,4.420999999999999,-0.1331014307868804,2.6600471564506014,470.1902272127064,400.21526721827337,335.2919255942731,2147,1
0.27978249460448623,4.420999999999999,-0.20011447480594136,3.227326561801423,384.23712119194334,350.30930206334534,325.4840119572601,2148,1
0.2742740844277342,3.99,-0.15472396078724968,2.296114399160915,381.93921858133467,362.59888393210906,343.14930812428133,2149,1
0.278471863234477,3.348,-0.18517301104166103,2.4855156362356157,441.33309807824804,416.8076680765771,384.9633062157009,2150,1
0.27564510741919696,5.824999999999999,-0.08955649747011585,4.150597545159298,402.81310726749626,381.0778853377173,292.20836365444734,2151,1
0.49617328614387585,9.651,-0.1290490177267699,11.72141422566068,587.6392774137655,519.3572707778745,496.0683210056491,2152,1
0.5315690219507305,9.902000000000001,-0.08369698116846086,11.270747278022293,601.0968819202527,586.4544795000188,526.7332062268229,2153,1
0.4744469256449095,9.190999999999999,-0.3039250263695235,9.388586873218776,586.3746678823798,508.1438203895657,503.474877249898,2154,1
0.5936098712110663,9.998000000000001,0.0671942218961487,5.902675469579055,3110.380649195568,1807.8197905196387,1111.3435576563834,2155,1
0.07417899856512623,0.8400000000000001,0.08399343541253228,0.6287626426442556,433.1677422680418,121.1848779638824,90.22714434602018,0,2
0.07538245681139528,0.757,0.052141907331332595,0.648291081310854,363.12190044648383,126.02295669600738,124.33551026191216,1,2
0.07622977446919937,0.903,0.03280799811503518,0.513475308823208,345.9139168827372,194.6143001484307,119.09128722023975,2,2
0.07872367646602974,1.184,0.04148596171613031,1.1579527230048088,358.08882584310356,170.00114732359447,117.94516899150723,3,2
0.07847429073677968,0.782,0.028223944368193307,0.6031769286310373,326.55874034147377,254.05749713858782,120.9091339347908,4,2
0.07831464139380723,0.8049999999999999,0.026852972301411062,0.45609362146286525,300.82582011085196,252.39052087486974,110.62487704400219,5,2
0.07863244325857172,0.796,0.05859457915072469,0.4786149756059892,437.99635417708186,115.33799425189152,111.55259482967632,6,2
0.07777288022464836,0.749,0.0825818179550488,0.4719824550317826,387.8670497728406,147.7120874338125,142.3226902603782,7,2
0.07902942984262255,0.747,-0.008060293710742161,0.404514320897305,374.06724207807434,219.5223634084332,111.21711599466438,8,2
0.07571755989830314,0.722,0.04632106694487995,0.3252033150483178,309.7967415455102,256.44975769002167,127.98491079629834,9,2
0.07924111648011797,0.815,0.03351974676189383,0.4552119318712826,404.7037485140218,177.47107925425746,120.26534903981192,10,2
0.077638908086269,0.913,0.019565298132388165,0.6415150749455001,284.6827743101966,277.1546871290434,144.6056640872502,11,2
0.07740458087623109,0.778,0.025770055100995153,0.3647260382142652,426.5601934374368,139.42214483336699,107.87042975553106,12,2
0.07986468720103242,0.852,0.036749791511127325,0.5982531546782224,295.5449710672813,278.89840931875267,123.66836629486048,13,2
0.07921698007145074,0.8049999999999999,0.024887726210298073,0.5511103583412886,331.31497431973634,259.37546912390474,139.4586907656638,14,2
0.07866177721938719,0.725,-0.013483613994623068,0.5530516614826189,437.05685491365995,102.773040395389,90.14326122279587,15,2
0.07845338360094803,0.8200000000000001,0.01645553133519378,0.4799660990734953,427.93207003085087,126.11460310614103,113.91775446890715,16,2
0.07762277416041877,0.849,0.020390510898382754,0.4477488811593342,386.27086859701245,171.92025269335085,120.1812261096691,17,2
0.07782555832949016,0.761,0.003513831143354888,0.34144531637324205,336.17796751447025,274.59098993328996,110.37546018796188,18,2
0.07893316063389487,0.874,-0.032123571823408366,0.5964296522845256,382.02305441828736,185.9735934517112,149.0995733684073,19,2
0.07902854786058722,0.8029999999999999,0.06155298503420971,0.506380111063577,411.2649243137513,157.00770205399502,115.61578736922574,20,2
0.07936328499916932,0.742,0.03774414644161838,0.38440684339994036,330.81367493036356,240.36173219629418,136.14545744848297,21,2
0.07948672040475141,0.6859999999999999,0.01970775386945568,0.41497244255405574,331.62200884403575,256.4687771135286,109.87361827115333,22,2
0.07975294340914242,0.759,-0.03851889509533165,0.5200740317916859,307.38446385468546,251.81535848652675,134.38855452790764,23,2
0.07938138784581765,0.85,-0.036549177114067806,0.4846810415588352,343.3973844728051,252.10060588800917,114.54336287301824,24,2
0.07759187944533484,0.7130000000000001,0.026619772366221244,0.3099755507638151,425.9416017641598,118.45945402013427,117.26423854508941,25,2
0.07774099563514575,0.732,0.001337028961636272,0.36804211992333746,429.2607160252108,127.72539413199036,104.90747709337727,26,2
0.07751394405806931,0.769,-0.0326706483190684,0.4042083382464927,360.3654594355909,199.1216018033915,142.67176753961428,27,2
0.07827954401833694,0.735,0.03369687604185461,0.34199171275367135,442.80107253937837,115.44640534405053,115.40376978567446,28,2
0.07886118143611597,0.871,-0.006817488878259782,0.5350200636292435,407.31824063321477,144.11755535655877,120.24817896700385,29,2
0.07858236746600665,0.803,-0.002622713624016512,0.48904471033501595,417.9425413548507,149.37394581561824,109.74098620130329,30,2
0.08023091764702917,0.774,0.023062207577248677,0.4867117699711172,440.7450407659808,115.52974044298594,106.16737375167301,31,2
0.07742107025313345,0.732,-0.018266270678337724,0.5086729705515918,294.27174752082755,277.2909879671827,112.81627853068287,32,2
0.07901612461528817,0.74,0.02973078517796004,0.40449241574751493,289.2835132855312,254.63440959328184,130.7823607050198,33,2
0.07823475415576188,0.6619999999999999,-0.014541133659960107,0.40668092875128137,313.0097362399669,269.53224100903026,111.1572949669262,34,2
0.07812870584960674,0.71,-0.011723759566206875,0.42187887878439767,322.8287761343269,223.6572128295043,153.95972292025562,35,2
0.07686189103169887,0.76,-0.012802938401103161,0.40962780617356787,467.34820579431505,113.57163658187196,97.42986559503662,36,2
0.07986518700725069,0.8089999999999999,-0.009777100151057379,0.5706517890996232,418.62025860601847,138.57390190700872,110.69373742591696,37,2
0.07742917473155306,0.734,0.04514825783681483,0.3569692841046228,459.0169583794878,108.71786837831287,104.85660597116934,38,2
0.0784612560514543,0.896,-0.0005041417219279513,0.6561008820895786,417.4429662691337,103.9211384898937,103.85262242748942,39,2
0.0785959604559929,0.725,-0.03750214704176655,0.5058926832599502,445.97877988458134,107.63150216936671,98.55159855622783,40,2
0.07866142681365101,0.747,-0.008567194109819449,0.45311400755295494,416.46315806093514,137.8222261108182,110.19430185874594,41,2
0.07762854039078106,0.779,0.04469583003677712,0.4307640222326756,343.73641967226166,247.31414035399249,127.74309025672083,42,2
0.07820874324224403,0.749,-0.006356188004271852,0.488396336752809,425.5260110381248,116.31620892088782,104.67092152731598,43,2
0.07808856431612202,0.913,0.030868202418370138,0.536781662751292,459.9802339976827,107.73040874033786,97.1201875411607,44,2
0.07648226248359404,0.705,0.018150122530682534,0.4576700058997081,376.28622198971374,137.10710802461173,135.11064650317348,45,2
0.07891327536794347,0.6890000000000001,0.06839076596299973,0.3564760255027597,466.9390237749452,112.94359572114212,107.71317187258917,46,2
0.07732266473953077,0.752,0.014921276074399704,0.49828610176171795,406.6610596422754,127.2258995109874,107.54393490233622,47,2
0.07824754763529333,0.764,0.025824338304817677,0.32975824899322603,466.5727295838992,124.31796965588089,111.3499038396559,48,2
0.0769698265505305,0.771,0.046607651596455156,0.4243128403754697,428.35090894815716,105.90989997092267,102.73781998194949,49,2
0.07847964256337436,0.792,-0.041870852127814225,0.5533985473990737,447.30032399934476,116.44355299427907,106.26585517913072,50,2
0.07853956351488958,0.8300000000000001,-0.023830270412440426,0.5791138307510235,442.3256007556917,110.10758438598755,107.22833284658394,51,2
0.07938090836770041,0.9930000000000001,0.013215485169117734,0.627682513208395,367.6656177218101,188.82765685185248,149.69051835990223,52,2
0.07691333012919477,0.738,-0.047841962943301286,0.3985078570542333,433.4144157660757,114.58474470707148,97.45625358841234,53,2
0.07662792325938943,0.793,0.015918091365504334,0.42524278547334715,440.3759673562299,108.88128962384356,107.65468700068762,54,2
0.07833920727505721,0.7909999999999999,0.050826720914781964,0.6133875523003884,347.1871040309231,208.4239264924337,120.521702686126,55,2
0.07738031364276786,0.813,-0.01055253808173417,0.4843217611881623,437.04293960874304,109.32675920957448,104.84531214453938,56,2
0.07742347280137335,0.835,0.007369960546107674,0.44941512079219326,406.5902064504359,170.2055580772915,111.56743067840667,57,2
0.07599751100981861,0.694,-0.00679937197147013,0.29858314003197517,438.4195318854237,124.14605390694364,112.98277895962788,58,2
0.07812885896719358,0.737,0.01652104161192016,0.3479309532451049,465.3944575146812,115.14675325429553,100.32134481948894,59,2
0.0786632849704597,0.7789999999999999,-0.001889781638149953,0.41299062915361917,411.8565249928453,115.56764564973325,112.2145676363021,60,2
0.07712632634090483,0.669,0.008946704887335465,0.39507344142139234,467.0006502610433,97.48118923109962,95.57477840833117,61,2
0.07930147000233508,0.777,-0.011074794184598856,0.47239362493033044,436.2916035448293,112.5600558424674,110.09878269667232,62,2
0.0769426198413264,0.7689999999999999,-0.0011731127230121643,0.3944622448109758,329.93128855416825,255.93222487973063,109.03913190584584,63,2
0.0771994016001541,0.774,0.03338287419999933,0.37800827777844237,426.0417866623162,119.65938780101669,108.68152847654636,64,2
0.07699636792620886,0.752,0.040340532998082525,0.4364865722352329,457.3410522342482,107.94775505175163,105.04064098142857,65,2
0.0774460721521555,0.8420000000000001,0.04239872022316879,0.49113721911236174,409.2356531429744,134.7356699071315,112.61713263125753,66,2
0.07664165646604576,0.7130000000000001,0.04990645163129154,0.34600497216470494,452.0996131835158,110.66941416927017,96.02597849511417,67,2
0.07695564843578329,0.755,-0.012696409772231567,0.44699011171583214,420.39199183606655,139.5401143358397,97.28954519627439,68,2
0.0773247059887718,0.825,0.04372833456528374,0.4880416166718633,436.0061197762707,118.95838178847193,106.7998738920665,69,2
0.07577292447823547,0.861,0.03175156805882329,0.5881648615563311,413.4380701096879,113.45590185714796,107.34673913850219,70,2
0.07668913124793174,0.74,0.032043297481202375,0.36239839655682227,404.1585136206877,156.85127400291285,109.46752932290227,71,2
0.07740031675131004,0.8029999999999999,0.0037309822695518594,0.5401611783934825,440.54548532823435,110.53782977626213,104.35610738244138,72,2
0.07795509180220767,0.781,-0.030949995995736064,0.32607400357451866,450.6850164952851,119.48887241857746,107.37577287604798,73,2
0.07882041185009597,0.769,-0.005168130137509345,0.3948251135159331,300.0095156037129,247.2687717473982,115.62746291845336,74,2
0.07756062271096396,0.7250000000000001,0.010694172240866774,0.34016117779744404,447.09431695175334,113.42886347417728,104.93184938205148,75,2
0.07689052656973988,0.694,-0.05264483562148161,0.4461346262694348,344.5664646873811,196.10064638742725,120.1934670921535,76,2
0.07824627430976747,0.854,-0.009280108908770558,0.4445772787585356,436.84151116480876,112.62575101799416,105.50555153157683,77,2
0.07672532972039367,0.808,0.024579423944552762,0.654300605984012,450.12635595313,98.09711701427432,97.58199747636758,78,2
0.07738254866499697,0.786,-0.022608192409152295,0.38635508272233476,426.09075516127433,124.2051755284911,122.5987197924044,79,2
0.07699061808712475,0.71,0.0311742894201705,0.4490551594338519,436.6175787167811,116.57101112783168,99.82879859981082,80,2
0.07482262488921716,0.706,0.013691470350722114,0.30274620550562537,399.79596065213605,110.02252662524815,108.64327327858717,81,2
0.07733855853789072,0.904,-0.026196212632781712,0.5816276126893913,440.38282091959445,108.22123334912689,92.68017169304338,82,2
0.0767939753394594,0.716,0.006857906365208837,0.31943993758112743,407.33290492812074,128.51809514614885,115.00445545610516,83,2
0.077721765308917,0.754,0.007062047350268253,0.4393592386496614,376.28507443209594,206.84420357575013,120.6714325933943,84,2
0.0773589786144157,0.781,0.05268895496802829,0.5730646490077822,382.1465940986322,142.1683776673487,104.36759845984069,85,2
0.07689176995692955,0.755,-0.013550677377818133,0.26313045713724614,445.6393342790385,100.10211396216043,97.61426803194959,86,2
0.07492218065631082,0.718,-0.004973227870961808,0.44095646881747097,269.8024481846896,264.7428644903201,121.66629540418381,87,2
0.07763068115281484,0.872,0.05105431945917983,0.6069125322892983,397.97387634280597,137.89417314665855,107.68807555787073,88,2
0.07778453061583003,0.721,-0.014118265366716651,0.42031091089811445,362.9718179382198,176.1570143285461,103.25165227947575,89,2
0.0785893111942354,0.771,-0.04865005906612907,0.3801399430969181,291.8711406913046,266.82821905831355,124.24474331521544,90,2
0.07599053317889341,0.732,-0.019641247862199826,0.34643963555082724,316.96171483058174,247.84059150365712,125.35510031591359,91,2
0.07671097179256287,0.718,-0.005701541338311308,0.358155992917113,396.46839587054467,113.87729808119515,110.95643017720961,92,2
0.07504429291050385,0.767,-0.023618485785142994,0.3535492935283626,351.10689982231406,213.42358631161662,119.59972193963821,93,2
0.07824627774193958,0.755,0.023891274306346494,0.5428820813815229,269.90147417964255,266.09804510188053,124.70541878639085,94,2
0.07745035456261644,0.764,0.021631831526954554,0.5008486498061995,407.3325908939214,133.86130941854253,116.70086860037806,95,2
0.07831602988602891,0.845,-0.003735698301746257,0.5366345309682168,350.9146688652167,172.74687808332948,128.15619457401925,96,2
0.07656014919860397,0.8029999999999999,0.010592670221423423,0.3892193620919868,353.0257945623742,201.72173633754394,107.62438752164022,97,2
0.0776802038005823,0.759,0.01200084189118508,0.45086148262336545,289.5091953931767,258.0638503208499,124.95405582679707,98,2
0.07571563009461785,0.774,-0.012775323005232134,0.39253390254036136,386.9479613952682,158.1803304349226,101.32610010972142,99,2
0.07794620572117751,0.749,0.032964975957209916,0.524863236850583,378.1605359564272,144.1243329578263,107.30643782207014,100,2
0.07659392690463046,0.75,-0.06115951499883137,0.4165630099460307,365.87300746228544,184.20422000085296,106.04002247080837,101,2
0.07639991985536536,0.867,-0.04788269964002146,0.44537412567743395,384.0551317918382,134.30162015606018,111.45516870609924,102,2
0.07663180186215528,0.7010000000000001,-0.018045275410609688,0.40077975051760584,316.8986729957086,233.74880841564465,119.65713749807045,103,2
0.07728281753869194,0.833,0.04180555990428891,0.5316575196159734,417.92461046786684,110.19444640043723,108.13961868838724,104,2
0.0776406155665118,0.7889999999999999,-0.002657138132887251,0.44220633809167786,401.46980948210484,114.1741461594203,110.99164695622747,105,2
0.0768205504579097,0.8029999999999999,-0.0015293163511521748,0.43609996973448073,427.8349317469921,107.8976727448934,92.50882998173073,106,2
0.07606189688801565,0.786,0.016751148389582887,0.4773209140232173,412.95445252600206,114.20968987681911,107.71652045797262,107,2
0.07604057915175538,0.708,0.03584341394833119,0.44794546568858795,444.90022913185646,108.44848245917694,84.2903820902542,108,2
0.07735977517064747,0.745,0.03500325002144158,0.418356203515617,383.54233397659135,134.11829976377288,113.04267192562017,109,2
0.07650372776099296,0.6950000000000001,-0.005769643314559983,0.47653814406220185,409.58848589025814,109.24425289534442,108.98419524000494,110,2
0.07627544849405181,0.718,-0.02038468357291256,0.38783638352976846,320.9367185563736,211.8740001066683,111.59372710923492,111,2
0.07797731008871667,0.766,-0.009992832870421926,0.4254419235589375,374.9936505804292,150.37465762084145,118.95437787705892,112,2
0.0760653325402126,0.782,-0.021145094206746356,0.4506324194814031,373.3844941717462,137.42803285089755,125.9227627354119,113,2
0.07680503453601284,0.726,0.031109307200748833,0.478355256237021,353.85714561997685,197.36354756302524,99.7380656094163,114,2
0.07551238321978224,0.7569999999999999,-0.027523553818598792,0.3984273331430592,399.84962843702533,107.3122384060488,106.04062502956957,115,2
0.07894839654107137,0.896,0.05883137513247764,0.5276336298870343,437.5039708149194,106.86591041020169,104.9510005419529,116,2
0.07721538210988145,0.766,0.0059385764986372306,0.48623241964420183,381.3200913235942,109.63585916548813,107.34147487573574,117,2
0.07775822278664489,0.776,-0.025183035895984023,0.5105274416299461,383.43636815249954,123.14579280083274,122.36353588504238,118,2
0.07727334295376381,0.825,-0.025768231835504068,0.6148985783371206,372.68527908406094,163.1392032937713,119.36008456834189,119,2
0.07669008183816046,0.832,0.020313258117192045,0.4040831221348409,430.31500626058585,122.4123195292999,116.49504786899116,120,2
0.07812782526141454,0.788,-0.03198501257192973,0.5378888733945146,402.89906742808273,123.31120991935452,107.11855139827091,121,2
0.07781836762515486,0.798,-0.015359631777634424,0.4002455766738815,440.33712418941366,118.34756667041074,114.87807783945742,122,2
0.07918462868462461,0.74,-0.020519835462744093,0.45079434863515155,398.80228339723834,96.92214332111631,95.2292351968481,123,2
0.07639264641168841,0.708,0.010150521142345792,0.3466352920025497,438.13195782232395,110.75633024746162,107.00034418697983,124,2
0.07713871940374692,0.784,-0.030033011897872507,0.44450532856111025,423.48676286432845,102.74968759160411,99.11233501605032,125,2
0.07619743481420897,0.752,-0.014486936382795013,0.3380137985962999,432.4902926387661,125.75772405407311,110.59362745516324,126,2
0.07634856558440947,0.73,0.02541112143439293,0.4714581263449671,326.60732961103565,223.342672203265,105.23374931682469,127,2
0.076352099612482,0.72,-0.009118172885072455,0.3800510420069867,395.72831758603917,126.3130351607723,105.02515831945107,128,2
0.0749701125345127,0.6839999999999999,-0.005885893413835136,0.33857833031049767,365.6454600472222,174.216504296348,99.02140354511585,129,2
0.07599478131496513,0.662,-0.028211285443517607,0.24450732740910075,410.91977255356613,137.56510236648464,133.0860294456048,130,2
0.07637512818370995,0.884,0.03505867031403006,0.6446447698043443,430.7784693672766,102.5222038005668,98.07324123269342,131,2
0.0761586642390206,0.711,-0.03312087227838003,0.3468116029579775,426.85565275010765,120.78460549470728,112.16614199741012,132,2
0.07675040716504376,0.757,-0.0007493083957233779,0.4102122577509033,434.7109488134582,123.02229694657909,104.21750409675299,133,2
0.07775600390052285,0.7929999999999999,-0.04048983729366075,0.5009742049448347,409.3401207997192,129.13029696948166,117.52234107506192,134,2
0.07829207447616425,0.752,-0.010466708749160943,0.5043214057082972,400.56679665681145,117.52889977995201,104.61472670032214,135,2
0.0777104419815558,0.767,0.030043316262472138,0.36575096348616176,387.0475088468407,146.63264449893074,116.7999955781004,136,2
0.0764751437227932,0.71,-0.013216609424075269,0.41434414199598857,389.8824986820512,153.29799213505027,109.71763070920154,137,2
0.07780436422076126,0.827,0.012227310541524709,0.6014461458186253,352.497380454022,171.2953609747032,143.4766985900355,138,2
0.07521345503538163,0.6559999999999999,0.005750047966008044,0.30698502024013896,431.05405847207874,112.8548865321748,101.79922927730195,139,2
0.0767870829209941,0.698,0.014519336533486677,0.41097110395467995,320.94937226647664,213.93968460024882,134.1851163105384,140,2
0.0774211301679611,0.825,0.0112191831205412,0.505432538984969,419.86070618250665,112.74604848620511,101.35703541991295,141,2
0.07658231248752874,0.915,-0.04625679727988908,0.6014717502352931,414.14433249482016,112.74114702950826,108.67725800535335,142,2
0.07677764732593889,0.679,-0.019917278409343136,0.2859746134143242,455.5470775863952,102.89636329747492,93.63100714872394,143,2
0.07591135480982077,0.751,-0.045687231352256726,0.37370992394611013,421.3692316939311,123.62510764082262,107.55684660783028,144,2
0.07588479877779788,0.7809999999999999,0.04177503327014091,0.5015377766649429,442.51796245841507,105.59987612032785,99.15814123536384,145,2
0.0760569816198684,0.725,0.01132948031324153,0.31566591755670315,442.92107544375517,110.5729278631607,109.09469713975054,146,2
0.07562556107746408,0.8180000000000001,0.0412225610074664,0.41613074153885465,388.1410443206794,163.27681900535333,105.73579882671967,147,2
0.07621096753266964,0.681,0.0020508795778689504,0.44214869250180433,413.950603604607,114.43168542484935,106.05155192913772,148,2
0.07680135350624119,0.735,-0.010241598545820723,0.38489171953619294,454.5605999751264,103.30532311437602,103.07679285403943,149,2
0.0751580064113889,0.7450000000000001,0.04631289873667938,0.48841297755887636,399.09738410060174,115.38647406639141,108.32139322417312,150,2
0.07893970887150997,0.913,0.016785012753118177,0.530290575512856,412.67306150387833,149.46863756874043,100.76446699097224,151,2
0.07692398274331452,0.757,0.03560050565763715,0.4776599891458462,385.2278259482247,153.9003407827429,109.12634332548436,152,2
0.07649164163641917,0.742,-0.0070740924336791505,0.4558731292846363,414.94724207753643,106.74924544017753,94.34724503536967,153,2
0.07650745183017714,0.662,-0.028724664366175472,0.25827230952913727,405.8936990876899,105.26940274359045,98.98755829534576,154,2
0.07739848852135696,0.725,-0.014723813036249317,0.37563304390008767,372.9194919704632,183.99015257121755,128.45103477212083,155,2
0.0784800631530072,0.877,-0.026233951906988896,0.6057349862672048,369.83256973997464,144.88497560703118,115.09182345314063,156,2
0.07904600278724172,0.813,-0.014192704878922208,0.5919121753524377,366.7610385195743,168.8101268715622,114.69141165345289,157,2
0.076684854401187,0.7030000000000001,-0.0028264815001952212,0.3698641949707917,323.6358676772127,226.03684386255094,117.93450838720749,158,2
0.07731124506358211,0.786,-0.05068587528340844,0.37357319475457196,424.6343858433161,124.51506503023109,114.42530990709062,159,2
0.07651273988842887,0.6739999999999999,-0.017636176398231576,0.34310003047300874,406.22096483605276,112.91381883491536,109.88487821168502,160,2
0.07853164575357902,0.756,0.021152394322048525,0.4245621228322678,365.0266536452839,155.62081436396173,152.31587877920987,161,2
0.07695335881944174,0.7769999999999999,0.03787975052396437,0.5118109145355998,284.9966855691201,260.43704920810416,118.61789286094628,162,2
0.07736240147584209,0.81,-0.027619672384398296,0.528245856584737,398.2930553733478,135.09868764721435,125.42902856696601,163,2
0.07617467014102358,0.666,-0.0323410589672767,0.32545433705002935,297.63391987399433,271.39528268197677,115.41662024398204,164,2
0.07762221305131911,0.756,-0.055859393045842275,0.4408628476384644,444.5966114751713,118.92628355482265,100.71169926146979,165,2
0.0772534147328817,0.786,-0.048898222181893075,0.4886392346942512,343.9771064365694,193.12916476002124,113.98940679778721,166,2
0.07768636614216809,0.8300000000000001,-0.05270004491977995,0.5379390953077103,284.2212918806572,278.9972981637105,129.69613474407126,167,2
0.07781753999741961,0.7350000000000001,0.007725014053491723,0.4370585910735878,369.378379476133,153.69536472373088,110.28122018017571,168,2
0.07728229123843638,0.703,0.01967344148568599,0.25419455152282744,425.35524623100883,128.75451252362834,108.04556670515342,169,2
0.0763878511845552,0.8280000000000001,-0.003170470578756305,0.3353471347991004,399.3297643239872,107.61909895591958,101.58973592430732,170,2
0.07818466596582414,0.874,0.0002416790573314747,0.38044274489672913,372.314016959227,163.48706989620027,150.13616402963297,171,2
0.07616144415760429,0.6779999999999999,-0.036797344466560855,0.3194051922040413,417.2842260193133,101.09334428386295,96.15880107537049,172,2
0.07534258573084265,0.7010000000000001,0.005130002664973786,0.2916771063217678,437.1934448293088,106.21056901184056,103.81481711830739,173,2
0.07689426810105468,0.715,-0.007305914761699952,0.4095598092509274,443.9645824256737,123.86124079412788,101.2299920550734,174,2
0.07548419678875672,0.671,-0.0009185564863228599,0.3288086624212516,428.51979033673797,111.04351922679548,103.79669331361644,175,2
0.0782630183983989,0.972,0.021390090648986955,0.43988049954761177,341.48746280845654,214.45053465449325,109.1172933607293,176,2
0.07547406975298288,0.757,0.010588197268036911,0.3431725485830399,434.8549729373196,115.69753634509398,107.38304309080114,177,2
0.07556067544581722,0.771,0.004951610930904506,0.4429353349113323,433.4581042275992,98.42934865960427,92.57073327532328,178,2
0.07667824796470965,0.745,0.03221554215244008,0.4250634087395868,430.45260159024264,107.21937767256837,91.57335463711013,179,2
0.07675079237935838,0.887,0.025064992177123952,0.7083040858036109,386.43848870432413,143.45713892829696,127.01254684455199,180,2
0.07611983831535804,0.722,-0.01761967963858389,0.34371284005047764,445.61769790651186,129.1619172539106,116.49985401469583,181,2
0.07516506282789814,0.669,0.01694565248095126,0.26731500595413404,409.5572737671116,143.49577586259204,104.9549796409313,182,2
0.07809152470318882,0.656,0.007882227036389213,0.3541207352122204,367.8451402138624,140.72763654307366,136.06573412830315,183,2
0.07635685583884233,0.8049999999999999,0.008385265342815654,0.49909250576170816,448.7754177964024,118.71010046490693,104.89471932390899,184,2
0.07786806061076165,0.755,-0.00726879687814854,0.349412751660938,425.48997235324117,108.16144362596884,107.99344354374358,185,2
0.07661025105301672,0.745,-0.005783317921043945,0.41609239639212436,376.66375984386804,192.5916088174858,110.41536267553505,186,2
0.07899964213229861,0.8180000000000001,0.0020776462340995104,0.6273356080180292,295.9830672105028,225.64811741091742,128.71332682982478,187,2
0.07538985427067177,0.781,0.029340556958046396,0.5084444464835762,339.397386651188,212.8994658474502,127.83843463820574,188,2
0.07723122433134638,0.7030000000000001,0.0015044020719814273,0.4005096065091731,395.3307347528621,125.6740164606783,116.71348768666918,189,2
0.07531071120800978,0.7230000000000001,-0.019873256649079945,0.2905308522713739,437.7547912752657,104.52333735888348,92.40749243557462,190,2
0.07813312239027137,0.872,0.046206706261909834,0.5664490782766274,411.8259466430276,129.3600344120871,116.984646874256,191,2
0.07744816468381047,0.6890000000000001,0.0020209516267208857,0.2876786871169621,443.00852173705425,99.17703595610672,95.22101982833378,192,2
0.07761624000742773,0.83,-0.010304847983907834,0.516216487402152,412.51835698284873,117.56556990542536,108.68201141269954,193,2
0.07773736614848181,0.752,0.026530861432519336,0.3658649197381023,452.53980828066665,103.11676891896343,91.37666473527878,194,2
0.07657840332279559,0.798,-0.019851269286148544,0.5125468703141562,319.27562798647324,211.6067555185527,114.38940270693017,195,2
0.07618282421306082,0.793,0.0019856145608443043,0.38105439907995553,374.4431988342066,172.00349584156757,131.2454981457505,196,2
0.07527411495867953,0.874,-0.009227988127467938,0.4514792731300825,383.4184006628381,113.33718585978454,104.5471079238913,197,2
0.07653573894552466,0.754,-0.11389563223107588,0.3525296268182996,407.7932454646611,111.74695122214511,110.04934525199147,198,2
0.07660493658109607,0.7030000000000001,-0.003349767024849033,0.3462653410221592,391.7465438274597,109.8650423932809,105.20415909573593,199,2
0.07864126887278634,0.791,0.004950696919003151,0.3624940923308939,421.0289939867599,107.06223217108918,106.41901735632644,200,2
0.07702684539892164,0.845,-0.019713770351827996,0.5425193663094023,373.98140935107875,161.56835434383038,130.3612060755588,201,2
0.07654619086497708,0.833,-0.01990394416303767,0.5200155088401148,434.6939977873931,118.24214950308658,115.10926172701127,202,2
0.07741179487861087,0.7030000000000001,0.050657215233047795,0.4319008103829316,321.2301690071861,241.87464376172505,112.1998910077231,203,2
0.07589032163569179,0.847,-0.010439030765608754,0.5098311593414584,361.4460123608831,142.01491035403083,108.39198327962048,204,2
0.07564360372930583,0.903,-0.04556403126980967,0.42220488142617585,354.1754424183996,207.83657342606926,106.75130928658264,205,2
0.07589364120524608,0.74,0.007241652539189095,0.3855004562475095,404.88684293626574,129.69076950269297,97.33522149374228,206,2
0.07722140418091265,0.742,-0.017889749662760905,0.35013309394085246,400.54035403747525,145.59936180502154,108.42006549111451,207,2
0.07669429791080462,0.733,-0.011486986147813063,0.3974503405974854,415.26682006983077,126.25573391460296,104.9056971075115,208,2
0.07669445070884366,0.869,0.019394003539227038,0.4542567805615856,373.5248285720261,169.63582955988616,100.82864755080105,209,2
0.0764435019107249,0.735,-0.002604927523746154,0.462142207546961,425.3441606013905,114.31202377882556,105.11694794109383,210,2
0.07806299602024157,0.7150000000000001,-0.007461671043633204,0.3311462198582422,324.6965453568929,247.42347728055498,111.62787426415699,211,2
0.07733820308392224,0.73,-0.012023860933513677,0.42701086599625615,384.37815340021274,123.97420401401651,123.05898418719778,212,2
0.07694966711774165,0.747,0.022963086515134058,0.320109256981544,334.23931581195586,243.7944240852275,103.52195222109556,213,2
0.07891612654772708,0.8029999999999999,0.020848390760588753,0.5186211330341539,301.399994038859,226.8005654794948,134.1891661040108,214,2
0.07747811939105775,0.728,0.017843254212914852,0.40645896817135174,431.28218942040684,105.74854239207107,98.11654505100306,215,2
0.07688436331443231,0.749,0.002145226287302862,0.40884306503313006,420.0077777917733,104.56184102334737,90.98665798233415,216,2
0.07743250463104949,0.642,-0.026013526984380232,0.2120974655470116,427.6034341699709,107.90038966637508,94.76168877267843,217,2
0.07765237980798625,0.8009999999999999,-0.03146121093134043,0.46635980302082913,415.8432509069635,97.71694073665178,88.71517811519655,218,2
0.07845143800466631,0.713,-0.01243371590730897,0.3903152250695121,407.3623352707827,107.70802856475473,107.32012378497508,219,2
0.07746541157338786,0.916,-0.0002756702000953365,0.39815988514681777,295.0444187514662,274.4939964755252,115.2024476714049,220,2
0.07702369416543603,0.796,-0.00033013657832888876,0.3219624132001546,382.23494322384545,134.95638466240618,111.12083962629627,221,2
0.07602763394350028,0.679,-0.013967775473019087,0.3787525414114188,418.3732059092839,112.07283331432487,94.45714511310173,222,2
0.07740210771869765,0.728,-0.004966223100446778,0.34209177024348225,324.4888984291803,212.25646409473617,120.6533527029503,223,2
0.07756348867470199,0.754,0.013195322849000978,0.47343584665412886,422.37648079119106,102.59729955064523,101.31870396945594,224,2
0.0770032787070825,0.743,-0.013107538257795603,0.447202651604071,359.89995257273756,146.5277354239342,144.34436789537773,225,2
0.07633698995347046,0.733,0.015299675732331125,0.4471539298962406,394.6702519991757,145.68626871792998,105.90847636437556,226,2
0.07642125683403637,0.845,0.014747629489465744,0.5469289750901192,386.09297241538655,114.56659085044504,107.41197075403984,227,2
0.07821621550028805,0.782,-0.007929516634509219,0.40368368534336563,422.44601995132183,105.28337646100827,104.5889448048811,228,2
0.0776202063611459,0.73,0.025309352983044223,0.3791111272392751,383.0487625486253,120.73666349200289,120.68259719623084,229,2
0.07717074242436783,0.84,0.026650007404279016,0.3713008615841109,406.1771269324463,117.74510866534756,111.53133419894701,230,2
0.07785537630209377,0.8300000000000001,0.01695731523376372,0.5050743337064105,423.03337302399694,102.27415840459456,94.4275933495173,231,2
0.0761451459513548,0.7110000000000001,0.009797629611827667,0.3286110755448455,437.6892607673546,110.67842147846603,102.55910230328482,232,2
0.07811579383257748,0.784,0.013796722577398047,0.42558587856816343,417.7564219159933,117.37776910315675,105.17224156535391,233,2
0.07646615334526692,0.737,0.0028537745472719356,0.35054667928770566,441.67764387620485,118.72529297266996,114.3661124367437,234,2
0.077847334070442,0.725,0.013826116677970837,0.30035065706366915,405.0470454238521,103.50704235397019,96.70109856230471,235,2
0.07809616123978583,0.735,-0.04306358568159307,0.2668683879683287,438.3097193241901,124.30483990191796,118.94232016510004,236,2
0.07853328688166249,0.659,-0.018485021555004026,0.3653585893301865,427.5173423657466,118.37541683063023,114.05893826754637,237,2
0.07740059716440338,0.878,-0.0021355182041216734,0.5063321280777129,428.7007790407921,110.3740728717254,103.59508855820508,238,2
0.0770826017349854,0.8300000000000001,-0.014553599588714976,0.44447058511821647,412.59727530480166,106.02047887974317,96.52268921545212,239,2
0.0778543530765541,0.749,0.00459849518835831,0.39565238708172235,414.66051452373273,131.9504933805513,110.76643156149389,240,2
0.07619507050676735,0.742,-0.010028938759595863,0.371201721911139,434.3894371089759,106.69454539422057,101.55226650330964,241,2
0.07689889872423401,0.796,-0.03422241407165612,0.30749474025222057,367.3081868464959,141.13674386532008,126.13027180113599,242,2
0.07566271754418999,0.755,0.01744665504223731,0.48816477088484156,428.9926148897108,102.58040556460595,101.9884782359747,243,2
0.07709097519834116,0.779,0.011662416730180777,0.47452227231467026,417.34451644057157,137.34593134080708,110.6438315134057,244,2
0.07812214182271728,0.823,0.04079065620665985,0.46552930585791463,282.54663069207777,253.02383883065707,108.10738010337037,245,2
0.07616692644182087,0.774,-0.01822131764890121,0.5528697268991065,400.44058198061765,122.42027276124378,115.44292626820099,246,2
0.07731350987113281,0.755,0.0018541488833849265,0.4825257504421647,372.9628619159628,171.40793727736062,108.40673125402874,247,2
0.07587677323658983,0.767,-0.01367544546435708,0.27987204517447983,405.17472526707024,108.38000187154833,102.44883486442448,248,2
0.0762042431228201,0.71,0.0039008739432067627,0.3237082059057306,432.4553243534135,101.12923039761216,84.51461101489362,249,2
0.07576237683798354,0.659,-0.015463087013837033,0.35182436286050134,400.35935196620295,135.1390369387616,111.65600748581632,250,2
0.07609244608739095,0.76,-0.009484184428140544,0.40188111728737264,434.6638544825894,99.10614311449986,98.82258267115421,251,2
0.0786182224572888,0.754,-0.011792016241481277,0.4397530049606644,417.3154600858158,130.61019696225375,112.64915889817024,252,2
0.0765472363611597,0.764,0.006006435189638743,0.30756512844638406,438.80366023173764,107.1372655677734,97.1855543919856,253,2
0.07655005415423052,0.782,0.016289366068361223,0.42756084971696895,370.5795441873547,155.40100874929553,131.6606774175764,254,2
0.07695157390568759,0.7809999999999999,-0.008608442494671551,0.4721707407507001,360.1727856678254,170.73810335471597,106.93116641998077,255,2
0.07666247331291318,0.762,0.04309660012963599,0.4292422492209682,405.8600126500111,114.56058671541683,105.36372647023217,256,2
0.07718117604407745,0.771,-0.013051133842295125,0.35732634289883913,442.6431387143554,107.01317132827891,95.80997030418816,257,2
0.0754853262075236,0.757,0.012460128095724107,0.38032259689892367,423.78596013152855,115.08958895429477,99.49204890970016,258,2
0.07848934759282226,0.708,0.015718867567383735,0.41622160589178225,431.44812920810523,103.05257754090485,93.09361218829086,259,2
0.07744872989093333,0.8109999999999999,0.015314352396913759,0.4381933427723923,420.7362546050594,114.0191710254974,105.54232121334562,260,2
0.0774396340631083,0.81,0.0024534857235017507,0.4181568338101229,409.51999129803943,124.81163803580891,112.40717064489661,261,2
0.0772467994002219,0.7829999999999999,-0.002774610928886724,0.3107750326515637,431.3326810305138,121.98607143496139,103.4465762408129,262,2
0.07564605885770338,0.732,-0.007118658398940649,0.30545519863093196,339.26152373241035,214.00102535029288,113.0688746666443,263,2
0.07614973556462622,0.737,0.02499848784159926,0.46685593190869934,300.6718359822489,222.9081733020045,116.35178634994696,264,2
0.07858716579030653,0.872,0.022073842785162782,0.36152174294308015,404.2272294469566,124.7256023849398,114.3820570631407,265,2
0.07790162973915003,0.703,-0.007769181062772956,0.3905431033629876,402.8810957991853,102.72451422297829,99.20100057400799,266,2
0.0777059461206155,0.784,-0.0024398842163091536,0.4178408690106288,367.01285004876104,181.15687452128847,129.5286508152057,267,2
0.07785898335492507,0.7789999999999999,0.037770690019256384,0.2996620795127174,398.01019364486564,122.19766780729478,114.03791166074939,268,2
0.07571334102894697,0.7030000000000001,0.03257407559368675,0.3175699833688572,433.5297685122335,105.95052273684806,99.3333299117746,269,2
0.07639177457459835,0.8180000000000001,-0.009018879388756666,0.48682290406817597,374.66135026765716,108.18542250642719,107.37279485051383,270,2
0.07736211145685269,0.838,-0.03941316211408002,0.40520456329289756,330.2216125948858,245.44566188114655,135.35776581038255,271,2
0.07842339670271,0.73,-0.023451278164833195,0.493499202297464,401.3769355267489,115.99824934885221,100.69389095161239,272,2
0.07628107301034363,0.8180000000000001,0.022874933299082814,0.4251022370903268,426.33436916579893,113.06473684164712,109.34585770345716,273,2
0.0782240275511823,0.696,-0.015014301055600658,0.4252786985695489,416.9257325283204,112.66087232379111,92.1035656417714,274,2
0.07825938535718496,0.874,0.00506188030951919,0.5410550470181552,421.7424181228913,102.17151071936624,98.89817361260639,275,2
0.07883279811470445,0.833,0.04105354390991375,0.4923650099388044,439.7841246357991,112.62882193456038,100.71059345113547,276,2
0.07697529154093864,0.817,-0.025164747638278945,0.501785914417268,422.05672416185115,106.36656107296912,99.76377412890709,277,2
0.07868750124106433,0.808,0.04582439095832844,0.4954958213123164,400.2257515052506,140.4276590554855,109.41928646560088,278,2
0.07629050409864258,0.794,0.0444224420627541,0.39152787018717783,404.08220732655445,102.08762161749299,101.38764144584574,279,2
0.07758280543534599,0.679,0.025245979534473457,0.35162553099311156,420.5274313108321,112.06892836439773,109.15224948159783,280,2
0.07689642263755268,0.717,-0.009943743331340788,0.2979657430445224,420.40250460750275,106.36093251313828,105.10212440035707,281,2
0.07679911555734627,0.6759999999999999,0.015213985845703673,0.39614492845074434,322.6926610773736,228.64939273220813,104.76784808994933,282,2
0.07762733365050933,0.8160000000000001,-0.06274782329618074,0.43956678433765495,405.33666835194845,114.84124322696302,99.3045644491141,283,2
0.07806387515051777,0.681,0.038582511296181204,0.4058667694625022,428.2310765765525,105.41428184002524,92.33125046913953,284,2
0.0761460433763633,0.7030000000000001,-0.037739928684967367,0.38834967129472453,420.1941327060271,120.61939496340005,107.556129480557,285,2
0.07774952930173035,0.781,0.05202531402185551,0.566700093050676,320.65802085696276,230.74874424855398,113.72692913565076,286,2
0.07605541128636083,0.727,0.059188076055494754,0.41783615697612975,390.2012732484909,105.38996843762737,102.93712625617712,287,2
0.07691889784508826,0.7,0.04022120060803047,0.3496762549842871,448.83024055246125,111.88538618373526,98.23588630789517,288,2
0.07625929630830264,0.749,0.029506456655548862,0.3821786978973143,334.2127710956652,200.28202668815396,128.4745331126209,289,2
0.07750343899879944,0.755,0.04665369335363619,0.5782366156865968,354.8164213333508,188.05906435650803,106.84348143606964,290,2
0.0768942052356881,0.7689999999999999,0.012776494449708225,0.5470773142021708,414.48005113121246,108.34864409159565,108.30825027902637,291,2
0.07765448690151458,0.7230000000000001,0.003910368760620754,0.33117999857251323,444.2030063088336,110.95918133195593,105.84271480716082,292,2
0.07698864186724233,0.835,-0.008255556087311537,0.4282343784664384,412.1139812332893,105.07551211106595,99.08989568163359,293,2
0.07813684441464298,0.827,0.017624769244197622,0.5572219183026554,281.0659157316418,263.1591223677175,105.64569624779877,294,2
0.07653528310881769,0.7689999999999999,-0.0024098928296286855,0.4463197937706549,371.25130792356674,126.90067126488027,111.14907930691884,295,2
0.07844825685702805,0.754,0.009961759938714265,0.4749347955380543,393.5262384758417,141.83288163555778,106.81461582695613,296,2
0.07781413088150346,0.8160000000000001,0.028374827542100186,0.5191691228606845,400.303474442334,131.88720577642994,115.41506197506773,297,2
0.07730263111527155,0.6990000000000001,0.0004034613001456704,0.3969041106344444,440.73785102938905,108.21924989901115,104.12251995413024,298,2
0.0781221315098393,0.765,0.027244951788175667,0.44814243720393065,303.0725797684602,216.59912109852021,129.12421480498716,299,2
0.07923294929450911,0.776,0.0017911149536530618,0.35898690771115405,430.05310181656495,125.82012929130593,107.2597684320222,300,2
0.07538111630449963,0.825,-0.03803265590001687,0.500196713065042,414.6559675977899,105.78466823502265,101.97127478757531,301,2
0.07695273730866807,0.708,0.010654915068832429,0.3559125944069117,433.86132909070994,113.90625931247502,103.41893740577397,302,2
0.07620697076106703,0.823,-0.016744396743816788,0.523982653973766,430.6115279656467,103.7248641370292,94.91904525421522,303,2
0.07855317354645036,0.705,-0.006613372548089036,0.36186418762455075,325.09356570404213,222.2832995657938,112.5290001130346,304,2
0.07703774503551003,0.749,-0.013292743712402088,0.3981230179180373,307.2846471140522,219.30452638170806,112.0733445506624,305,2
0.07783553311209315,0.742,-0.021218987564437592,0.4319978423653219,292.40096239258634,273.15905781250456,113.74222602284257,306,2
0.07702249886903988,0.749,0.022712327749459773,0.41200630636974145,343.0063378212663,190.18150083006867,116.27321492537695,307,2
0.07605641216906862,0.747,-0.004630215313991656,0.42089091311293725,415.6440357868281,113.67839717513316,98.73672395502294,308,2
0.07764319967053215,0.7030000000000001,0.02972657172796808,0.4177640583898037,370.4810059802767,157.34393901181164,112.89120895556069,309,2
0.07824552016429598,0.794,-0.034631711359347894,0.462614995853301,355.33945134637054,149.49380739615964,144.71341979056825,310,2
0.07848323274601796,0.7909999999999999,-0.0352759882795859,0.3663784441404645,411.4943397936445,111.27921571660069,107.4157342855128,311,2
0.07779132524390572,0.732,0.0016333440813211999,0.29535701365172073,427.31397801228667,121.73846508789741,103.1824035760019,312,2
0.07653336531121165,0.7030000000000001,-0.0059417829259855144,0.35526277295406405,396.3341931574432,116.99111601058944,112.03225623504608,313,2
0.07771954820910969,0.7929999999999999,-0.054202700195404484,0.43795264689450253,344.9390110693238,195.1068160624978,116.79302975114562,314,2
0.07693467481866109,0.696,0.025370708024740476,0.41623752967556893,423.8570880047271,98.70123242243922,95.32462303881931,315,2
0.07840756556538804,0.808,-0.05459562201458002,0.44322064491886604,302.9824426039874,251.87733861415677,132.42241965968546,316,2
0.0763741992465183,0.715,-0.010751406389425323,0.3836154471369735,420.33789869178446,104.51689174155526,96.67161050711388,317,2
0.07685433411249491,0.767,-0.04024629297438455,0.36018537092225333,317.7463182679141,248.36865500513753,135.26981802671148,318,2
0.07689268883127397,0.737,-0.011281579773307956,0.47939329223455873,364.4271956585014,159.69871628082544,115.90282693500617,319,2
0.07817967180785793,0.759,0.014268408983468239,0.4221871397231127,284.5049706355594,274.24426209073715,115.07559507749626,320,2
0.07825966082036613,0.7709999999999999,-0.01625925908180953,0.47184744365062325,361.2631784069045,168.599072000186,118.73706866657267,321,2
0.07600318789572251,0.774,-0.024944061975606887,0.30438619570477865,408.43804922618,113.30445745619718,104.05407553110415,322,2
0.0775694166814272,0.735,0.015394699434514221,0.27221367860096635,425.8503616765806,103.86340093118838,101.85820156568695,323,2
0.07732922906617362,0.761,-0.02362288311900288,0.2258166101647494,358.5152759399234,204.66243013734191,148.5628699163616,324,2
0.07651370160437361,0.777,0.004941477534774784,0.4724327312404091,376.0338491682833,159.72281721542993,102.32594419671878,325,2
0.07876241407609184,0.888,-0.00041176816038151776,0.6552318596666904,429.41406469035286,115.1090306423986,111.73537523172828,326,2
0.07563445673052643,0.742,-0.014845114149992594,0.2940289000270888,426.79692820982854,103.81098383129776,99.6522390527571,327,2
0.07764984159926294,0.701,0.05208952830971312,0.3089038176237877,276.50713499449694,266.73919697781884,137.9138225538157,328,2
0.07831222347566902,0.796,0.05771399812147966,0.4207031177532925,326.373038003273,236.00322503801317,117.7162998903175,329,2
0.077487861007487,0.783,-0.015180320245078795,0.4261150547702037,308.6017301003265,218.47159649342132,104.81952451719228,330,2
0.0766385636190668,0.755,0.04438985744230545,0.4142624303884457,403.57118253928644,128.06254470739273,113.31680685601404,331,2
0.07512177873709461,0.74,0.005397107076972954,0.4322386192221237,349.7997673296752,154.15151395208434,150.28479557322672,332,2
0.0750074140215694,0.703,0.0052841904323497665,0.264094651949371,445.43143740877633,105.43300731004521,92.50653502150865,333,2
0.07638231571703541,0.713,0.0034653848290840004,0.33280843175983454,390.0531392553518,133.0095250923073,100.4655913729338,334,2
0.07788027921511965,0.718,-0.052990636716203465,0.3784283215736437,434.6320634803873,103.36743622047847,97.80773710343931,335,2
0.07527439096762507,0.794,0.014947210797409039,0.43813676578415883,360.167907811861,133.93530544868852,110.01695335183938,336,2
0.07918299858950152,0.752,0.011272075494800119,0.41325990616012565,429.4870620611937,115.13013147483188,97.15607627360605,337,2
0.07800711324486297,0.74,0.02101306121225579,0.34814837459687187,404.410231464815,105.69669743282614,105.43865364611756,338,2
0.07825582203031686,0.73,0.0019217993073334483,0.3212339905021637,403.53644319296285,133.178811206635,106.05000760914294,339,2
0.07756201211067341,0.796,0.03888345369701389,0.5701837051718379,396.7996694687767,107.28083951792888,101.1560372448041,340,2
0.07689549618790671,0.73,0.055369502842684895,0.36326545631774865,291.0144133646957,284.75079401722945,111.52708672014967,341,2
0.07675198204637373,0.786,0.014011684004366596,0.3774049694681154,415.22423105665337,105.99049224802573,97.80666443906307,342,2
0.07706073123730481,0.73,0.03782793004877168,0.3376605342051544,413.97713868452723,127.83015384305013,112.34220486860133,343,2
0.07648439894024141,0.723,0.009556589048265103,0.40368314859793664,392.48034095394854,107.74108799163147,105.40195710248221,344,2
0.07804829515724943,0.8400000000000001,0.039552440455765454,0.4955016945782238,354.12750890054366,191.3736343645602,101.27558783015205,345,2
0.07650581224090511,0.6890000000000001,0.003097700371138625,0.32143393913664564,309.1243441851372,231.07788347092577,109.84372832950271,346,2
0.07870505320746964,0.883,-0.040945560488670346,0.5518785151478052,312.3878345706487,241.7325940925031,120.27551458682521,347,2
0.07722064160724369,0.764,-0.019125658602111028,0.42249302572013914,423.8073379613764,114.13743387850897,104.78605532106047,348,2
0.07668115900587559,0.788,0.030253716776114506,0.30615492979033476,423.81367274251926,109.32753349105633,90.78332168684861,349,2
0.07560518496862914,0.742,0.0035128804980339022,0.389790037405521,400.4496736602798,120.5375621038508,105.47188106708803,350,2
0.07643147398057787,0.718,-0.012521961375462314,0.27409504741691837,399.0740220461326,104.60432037679215,97.52466808373688,351,2
0.07738588467210526,0.708,0.020102007899549853,0.46867986441406906,430.85685243631275,118.20501866179853,95.31390773005836,352,2
0.07673222832214147,0.891,-0.017336723568894173,0.41505337196138736,425.39982650053975,125.4405346446291,111.37659371402154,353,2
0.07787403565815439,0.81,-0.023116085785980855,0.5209914178339532,400.77729113046496,148.4536785329252,104.01410974963271,354,2
0.07610197914948566,0.8300000000000001,-0.011006075117471524,0.46806435398399415,424.3400908775963,118.82896557934002,113.65100402055803,355,2
0.07844877284532563,0.76,-0.018447182450738897,0.3924706247737939,347.16592847920924,203.78628344400192,106.18871084169459,356,2
0.07838618964181446,0.732,0.011830659019398513,0.4702673332381768,408.334875502308,128.64620792028654,111.16278057463254,357,2
0.07640125207324402,0.75,0.04186611645741568,0.4155701252808761,418.22430930502173,112.77852802305542,100.88623776605547,358,2
0.07758806582835001,0.7250000000000001,-0.0136327611505856,0.4161077726251592,353.68567993997306,152.37896100674936,105.36817449718501,359,2
0.07630787730419367,0.749,0.027416412410051064,0.259737428643497,449.144978028615,102.31160503326961,98.23451228414442,360,2
0.07535862403731158,0.744,0.031647557893797515,0.46059922045061397,338.1273662127248,168.5735620244795,120.08309243809688,361,2
0.0768473247948489,0.6930000000000001,-0.011202151120523649,0.2964954180069941,433.70507166302855,103.28750624351693,98.8781750322568,362,2
0.07787287473273749,0.715,0.0220041848818913,0.4005970384193862,398.09797703370737,108.58968366028444,102.30697760310728,363,2
0.07755523957507239,0.862,0.03133042690110886,0.41182245684681895,276.17703746117047,265.2103837682699,119.71833210219614,364,2
0.07666440030051432,0.75,0.034181901208284265,0.4049766158613508,346.48154516933397,178.0077678561704,116.9519034698873,365,2
0.07756505271282776,0.857,-0.021400401532155833,0.59416197100937,427.7138971810718,108.39072224587889,91.57559082695857,366,2
0.07749496549927856,0.7230000000000001,-0.03937622034559621,0.3910969739121195,385.65229531919204,110.79515122422791,109.41211759964486,367,2
0.07696251021449095,0.7909999999999999,0.04347241862057141,0.4719871514500311,414.0611737002948,111.05528907942318,107.89068961261093,368,2
0.0782745225402637,0.717,0.02183247728819558,0.37340581945696183,344.198413782338,207.74409997599864,100.66295956481046,369,2
0.07576478107129493,0.745,-0.011643142354171243,0.393678130983552,347.7816961104884,188.62633244035715,109.85364683938414,370,2
0.0749523728985614,0.6910000000000001,0.023160760040997895,0.3035741644560339,437.18624788896733,96.00544086102542,89.88997348804648,371,2
0.07601210519857182,0.862,-0.03757943902430413,0.5926312705867849,363.1387101722646,165.5162813492404,111.13547632778652,372,2
0.07784616647443614,0.837,0.013646935481141216,0.4691571133496648,417.6365494568374,104.5915906981023,93.48797988114674,373,2
0.07777190268764324,0.718,0.002222794763459706,0.3199102815576582,346.78444969187245,163.41358373189473,119.42325708943547,374,2
0.0760942646286499,0.774,0.04360532236524247,0.42323338040355285,436.1929308224662,101.46632786372508,90.21962309500174,375,2
0.07791981712241516,0.728,0.013746491794007549,0.3696095439516789,389.653365640542,114.91200776339167,108.4960200879851,376,2
0.07685402406917285,0.788,0.03334258575138884,0.3818657000263892,443.1693661967463,105.21600756639536,103.09556059573565,377,2
0.07674329768933816,0.698,-0.0038610033668955842,0.3646884901407139,401.00239006963665,113.11731272296579,93.44924325967624,378,2
0.07582986649298382,0.716,0.044223570570014324,0.33242199799785155,394.25346002321834,139.2000276310486,111.96029092986707,379,2
0.0784444861181699,0.869,0.011571633412402693,0.5647403422082613,287.19825319333086,252.49106740686926,110.6913457984917,380,2
0.07731954482353573,0.725,-0.08451365370298387,0.25864743757069686,363.2611900032789,160.54559207570136,119.87171416375456,381,2
0.07740247581129915,0.698,0.0030506682654143974,0.3167613458612366,358.54916929257,158.25299301149704,109.3353600288158,382,2
0.07701573119540255,0.742,0.00796362533730403,0.3112997957537109,404.75403928420405,107.73478865731998,104.76637418954317,383,2
0.07521198946560981,0.662,0.00938821880008867,0.36491925767568567,347.16464992226656,206.5368224322628,113.32388370635155,384,2
0.07688848490722212,0.764,-0.019998689037883394,0.40478293715094704,348.1036254026951,172.71875634778183,145.6952280023593,385,2
0.07637173140254105,0.764,0.04533753750649015,0.44490280527972903,435.1351325134196,99.70853985962873,87.27013324205484,386,2
0.07586469664650104,0.747,-0.00465469855593431,0.36503628346363826,408.7819028866406,113.37542466421785,112.29576680333436,387,2
0.075098837218445,0.76,-0.009819002282423673,0.36803551699047077,433.53358092024234,107.43521531535534,105.1572827497141,388,2
0.07799511327841316,0.847,0.010981915915985381,0.42318121122703367,409.8094308921536,119.7259071139335,102.62251767832926,389,2
0.07796534561705926,0.698,0.01803113153939538,0.267938429937038,410.9980151223445,105.4992680298299,104.39280402155428,390,2
0.07798807594904733,0.791,0.016961254322180562,0.4842177956348408,297.3638919830975,229.8464479295277,113.54673835397043,391,2
0.07783362414069513,0.708,0.026239818933260377,0.3371091909595969,440.30401581921427,99.96298740744204,99.66348470391544,392,2
0.0789731544947989,0.7569999999999999,0.006783971997326431,0.3611321322444021,410.77442569783767,118.52021234801714,106.65421267277614,393,2
0.07863142766105437,0.8029999999999999,0.015226198014948397,0.4299032321679874,384.3509362307721,140.46778350041365,118.81299688161042,394,2
0.0772709316302062,0.789,0.025830176954956062,0.4383060832869874,402.6273682209783,134.69683500532616,99.66801707358506,395,2
0.076864965363881,0.759,0.038872604282347366,0.3077839773743678,390.7817781729241,131.71791959488584,97.81720253887649,396,2
0.07859432684927471,0.813,0.0031698031267807024,0.5275230618433251,402.905937912327,113.23054590168705,109.7160994985743,397,2
0.07406587578013323,0.615,0.017356403779158903,0.1608655511931616,418.98711890626794,102.30251574629463,100.56941098672966,398,2
0.07718297304538742,0.698,0.020256186508447148,0.336034830856613,411.4049399575149,115.6447620776851,113.8909681009078,399,2
0.0776099066319621,0.84,0.06050705045923583,0.5830624514456066,426.1210641906435,108.76531272546136,101.0886505754655,400,2
0.07535483865674701,0.766,0.015523939946711392,0.38734332480552647,424.2559711236032,111.49004272195387,104.23742214491922,401,2
0.07658680736589037,0.738,0.023729563784133503,0.32951908124459095,445.58876703073014,109.091019386088,96.5179167933325,402,2
0.0740066815633266,0.659,-0.006562763250616899,0.346576183254911,404.2729100329737,107.14432827841375,106.72014437026462,403,2
0.07723644861165371,0.72,0.01668706464130168,0.4121063968462031,427.4053095473103,102.46998724453732,87.95525550246957,404,2
0.07638222845805659,0.6910000000000001,-0.021014847073160498,0.22272780378887358,342.7401888881713,203.7037450977104,107.03792314121357,405,2
0.07657197230945129,0.7030000000000001,-0.009497014737697911,0.3681107468870848,403.7607349016655,136.04324742707985,121.59568140007016,406,2
0.07622631580171722,0.664,-0.0012239519829088594,0.31402076871710394,410.17848677803835,115.76157635890698,101.08230750440853,407,2
0.07611128423493212,0.6859999999999999,-0.01863225716373474,0.23864300736866229,428.91933354535746,102.5354157431418,101.62881079464461,408,2
0.07623503727422926,0.81,0.01224566994344893,0.48025107600364336,419.77399167572327,105.00872470587942,92.27249336737215,409,2
0.07708552506033882,0.75,-0.030025278292353293,0.4056871758192355,430.1960591785591,119.49765354059629,109.7768341815611,410,2
0.07748513088207633,0.96,-0.01587874967779885,0.6670576458997237,360.9391536533028,169.93748841025763,137.3659579997332,411,2
0.07610651811513502,0.73,-0.00837972271030579,0.3022605356791517,418.6496406979728,116.70509029137575,99.29794363071258,412,2
0.07635003555786664,0.723,0.014639375893246145,0.44313428353956796,408.5898432470388,121.29201504725395,115.43209717242902,413,2
0.07706156097359759,0.694,0.04957776057469177,0.36952452332865393,432.7375261980024,122.25322630366068,97.48727506242172,414,2
0.07699595762268546,0.6990000000000001,-0.01662964637322679,0.3919277969191701,386.4418532708645,149.629016008334,121.05352297672782,415,2
0.07728027098298197,0.732,0.015745416049819952,0.4806387098295506,424.04055019997816,112.93532117663588,99.80687556708591,416,2
0.07780435763121658,0.786,-0.00016758399499252052,0.3735755677580297,371.252978981843,168.0715477056148,106.62384442106601,417,2
0.0768502967803923,0.748,0.02013133970327843,0.4013357758732137,421.9628555367042,120.59214415918383,106.69694719560695,418,2
0.07659630599315398,0.781,-0.015492367710161685,0.3425783286734365,444.04526296500035,106.36105843509425,94.67758040787739,419,2
0.07640399408735123,0.8009999999999999,-0.007668606406138166,0.4208639557564071,404.3880028304233,139.60941687981654,100.12904156477624,420,2
0.07807795239624708,0.825,-0.01509009077602983,0.35235280839096816,424.6650963385884,111.76823645346872,97.99555035804312,421,2
0.07713057459340865,0.8029999999999999,-0.0389795530893923,0.400062685234845,379.04607074583214,114.77677689244726,110.49679101529526,422,2
0.07667752265474381,0.708,-0.026171989152571518,0.3703430496021016,303.6972086218779,262.5586360455745,114.11980866174544,423,2
0.07616845537195828,0.747,-0.00112302336599344,0.3379413350421916,413.00939074395575,113.5460376882909,110.42330328049387,424,2
0.07769009071504872,0.767,0.08524832561355442,0.4444621380077156,358.63282851286834,176.65456458856264,131.59649072900118,425,2
0.07704597666024651,0.7809999999999999,-0.0023399100931392885,0.4245121177058344,402.3486001887776,112.73742989239982,109.09878946458889,426,2
0.07618983570301963,0.647,0.013172296279778176,0.20491353479846675,424.3502090904642,106.96087324052526,96.25253793889976,427,2
0.07626676749553996,0.7889999999999999,-0.0029892546066892164,0.47739307455073465,412.31388467317413,110.07244469998241,100.02368142492553,428,2
0.07687972991038503,0.725,0.046500774315388946,0.3443925457307482,436.20505849734394,104.06730259921589,99.54158116640181,429,2
0.07759393186144616,0.796,0.010853550773706908,0.34169380550172024,407.7417986676411,108.3661894551538,100.14474162868225,430,2
0.07751806461591308,0.808,0.008647476355361224,0.41849458983080856,425.4551428168498,114.18721999491518,109.78836298112246,431,2
0.07726790157161802,0.723,0.024152483105508264,0.34357852909946995,429.0661786387864,110.14885504727275,96.77254127236307,432,2
0.07629958876752713,0.8049999999999999,-0.001535482370409695,0.29133089670985823,425.53778977257997,106.13233088305921,98.13299118945662,433,2
0.07781444368807358,0.754,-0.017567373672921778,0.3765801214698352,400.9728014846595,105.13208677683582,102.55177707894612,434,2
0.07798443416898176,0.745,-0.0023962720866781257,0.2728455757651256,391.03925397074295,121.58670562205417,106.95923360504922,435,2
0.0771727857938762,0.72,0.03406532079982954,0.4433362853016818,371.655255961091,161.5163510568371,120.50545431008092,436,2
0.07657231665382977,0.745,-0.003923120842309374,0.49351857493764983,424.1751178619309,105.88061288997984,100.90937642124389,437,2
0.07822583586312373,0.744,0.03070940629693124,0.43873504381057415,375.818533525754,166.1759211182722,116.8310869762078,438,2
0.07821529157356316,0.65,0.04743760305355217,0.28987842578999734,409.2504666117432,104.4994261199006,94.50915227842096,439,2
0.07738252216313529,0.847,0.02085257944180797,0.5335850965343241,435.39845758003867,124.5847737897181,112.5311538880313,440,2
0.0772641964605049,0.776,-0.0009911069393442943,0.3621181761247976,409.14087825279046,119.65626932372653,101.69027480405629,441,2
0.07699383884898274,0.796,-0.006928915270416629,0.3984708522721929,428.9439638168314,104.54900890449035,101.47055625480067,442,2
0.07690982601651511,0.7170000000000001,0.007672421040704172,0.40445901986884536,415.20787869480046,117.36251391762241,100.3937322296812,443,2
0.07732355197126632,0.718,0.007486065846597077,0.4491927431890046,421.96104158356644,111.96742389125917,95.18676097869384,444,2
0.07831285446098951,0.754,-0.025909793934276944,0.39381196438108645,416.8503010058628,104.7797133385665,101.90225386936682,445,2
0.0783206512617362,0.72,0.00801237483979128,0.31384600148732567,390.8326878144213,154.10742191021626,106.16614072806186,446,2
0.07863466597728622,0.927,-0.006822325844008616,0.6568070391325249,409.34531624440376,125.59726981285274,101.85444238178137,447,2
0.075895809993763,0.755,-0.0033407729033217643,0.33265136066566914,430.6991091677976,107.75332863732999,90.78176582171554,448,2
0.07599208397044968,0.718,0.018135173384950007,0.36302236851475733,406.79404361757383,132.13751928607945,103.0333483476055,449,2
0.07671332879267542,0.743,0.002410701057261464,0.39330191453147245,361.65804643674795,199.09606643085212,106.51922436281521,450,2
0.07887653617511595,0.706,0.005548615971091455,0.31719128385015427,380.6455236321535,140.6277539563942,125.6186101892412,451,2
0.07698641253392544,0.788,-0.04893844025387702,0.39602829531441364,451.70427798889614,105.9608915146563,100.8022343619186,452,2
0.07870018792911568,0.798,0.00803745856911859,0.39871746920245643,367.3097861140863,141.34536555216732,140.5162425362302,453,2
0.07909664714666324,0.781,-0.001619403757472244,0.5847783239420163,438.2455897205884,109.4534859879152,101.05733039557059,454,2
0.07852285259022529,0.7989999999999999,0.013510202448730139,0.39721974753291356,390.7588818210634,135.89721159534955,122.77222589145322,455,2
0.07765788699230346,0.769,0.004033269511079974,0.48903230800688613,391.89290269134455,160.35201250760912,103.02734735748692,456,2
0.07734418592048871,0.845,-0.040582578407041124,0.4460425802924233,341.7295191751621,191.74213584396094,124.0636750844826,457,2
0.07948663378941062,0.9890000000000001,0.025232882728315063,0.425619732051572,379.5576993871851,139.12361777339177,107.41017550814489,458,2
0.07879434639260295,0.8009999999999999,-0.008179387492219298,0.439388905842216,306.9596400682097,233.56750819147783,142.58466947599544,459,2
0.07817851729475464,0.742,-0.015834015903187084,0.30730039096722894,375.36311091871534,175.349585853877,108.59365525617036,460,2
0.07934480601896698,0.847,-0.0020864522368388436,0.3604415941491075,280.5768414790906,266.021795165094,126.42991993356799,461,2
0.0779101486313922,0.764,0.0012117436137167002,0.39722906930377144,440.12722362857977,110.18890315599702,99.58796760746723,462,2
0.07741225186158357,0.73,0.025315273768543423,0.4460789635914919,416.26636526060776,110.29137615602913,102.67064181509902,463,2
0.07717606759971805,0.735,0.007793126152468447,0.2800759091884024,440.18336298203786,101.10006538845057,93.64748360414373,464,2
0.07613608261640387,0.71,-0.0009021435715211579,0.41735303968953774,325.84196720530366,204.5032065114834,122.51341988731639,465,2
0.0773241989178113,0.74,0.01861782923986549,0.30207416938145837,324.84129519119347,218.18526641766547,120.30325661774167,466,2
0.07663857285733715,0.708,0.009818049805300707,0.37399640255617905,398.1684552893356,115.41383448010384,100.18650626861,467,2
0.07806556426631879,0.725,0.06129956513249421,0.33869269784374323,443.4538690495021,112.49472043249824,100.1690293498883,468,2
0.07578872289185329,0.745,0.02046519636313941,0.4080605046318504,402.07014836175523,108.74370144884901,106.19578225083463,469,2
0.07693434701094173,0.761,0.0007117606449284591,0.46816235514344573,413.64360705648863,113.37149598367606,112.16423047274127,470,2
0.07732904689791945,0.749,0.004327480864429501,0.41129213012603616,371.0160331704332,134.38457633369086,108.2228341876092,471,2
0.07843469958895345,0.754,-0.016631503443417902,0.3733421371332839,422.33052337385305,115.3209818870626,95.84697802210938,472,2
0.07572220509038284,0.671,0.005856994030451224,0.2559677197295893,368.3397153844248,142.5380124992072,102.40302716577688,473,2
0.0784842490169206,0.845,-0.00838864725050531,0.3059077768184104,449.54173923695674,112.00137675964255,108.4231217335803,474,2
0.07769689014549584,0.806,-0.021896892339328327,0.322127167247233,405.67580742209356,107.38321572353391,94.30709303737031,475,2
0.07684735275206296,0.742,0.004052347383994401,0.3543989446650708,335.73081401723744,211.10852610559556,113.9172410067448,476,2
0.07749397185477154,0.6519999999999999,0.050526995311431414,0.30961601911305703,409.8746371803284,119.74509349178783,115.65715212872992,477,2
0.0768944284392569,0.7150000000000001,0.020238106759345835,0.34906668202127555,412.39343472235157,126.73956757396786,105.35430064055332,478,2
0.07756135172397398,0.742,0.06400382741626194,0.4112223149714036,434.40650063211586,99.97706939728951,88.35341398467286,479,2
0.07578647662388391,0.712,0.028846636434999975,0.40645979166639856,383.0558180836616,111.30653333650801,107.85412745484204,480,2
0.076664614301107,0.748,-0.03947144466350746,0.3700231720140441,442.18575325919187,100.23722364564219,94.02834140837224,481,2
0.07681094129826167,0.774,0.018591951971078196,0.5325788003732015,416.5229387912275,111.94436701750712,108.42429230027098,482,2
0.07548862542369794,0.777,-0.02522782645809846,0.4047138169573614,431.8053352390047,100.29806414760985,96.06685843179727,483,2
0.07672604153231645,0.842,0.01987360176974358,0.3695643133022144,412.8404073818291,107.3571060104752,95.0600746286317,484,2
0.07659261588817652,0.833,-0.008804501955417196,0.43309883912666836,427.87363615766645,104.5209193518208,103.21797583877104,485,2
0.0761245009733233,0.798,-0.008421212329501533,0.26809421544900447,378.24498749562247,145.39646183046938,136.4933047718769,486,2
0.0758757143191252,0.657,0.0036747950322403976,0.3259681516945001,435.3885671785471,109.18559728466435,101.21988545910392,487,2
0.07866708215291275,0.7769999999999999,0.0054440430764863944,0.49377479186991025,389.42675310300484,124.24629532419281,115.46689196308964,488,2
0.07488942304220102,0.625,0.009540303706430484,0.29257708015378325,415.6132621887757,101.38076063864571,97.76574692969547,489,2
0.07551084326884368,0.76,-0.002449477084000238,0.48153185523704645,410.9444027460036,102.69983970952765,99.29596022545734,490,2
0.07746565172555915,0.745,0.02954659065575356,0.4419314838847854,374.99987697895773,193.615300997894,140.21383406788945,491,2
0.07787997670444166,0.788,0.018004148626003233,0.5218113449751556,383.55086366639176,111.96139096572527,109.11745224856101,492,2
0.07812252964844313,0.783,0.041707054460016095,0.4536244074601776,443.8316523010628,97.19303552256318,96.20618390862616,493,2
0.07611407711044653,0.8200000000000001,0.0430331988739695,0.4236777373486098,340.5326025041441,185.1635625936178,127.7343966120872,494,2
0.077470789606067,0.786,-0.002287430527862203,0.29830253571617815,430.5329875402035,102.86182535572507,99.41678050552262,495,2
0.07693442285428465,0.7350000000000001,0.04931177367938912,0.3992394228624758,418.79192765153294,105.62711935575896,104.26075169043816,496,2
0.07845103780085545,0.737,0.033720105512480336,0.42221413329817725,416.3735718855847,137.4757079709741,105.23917358890843,497,2
0.07712598352036994,0.756,0.031190357230299122,0.47643644736944246,419.0342885123931,105.47161190624075,88.4241374813664,498,2
0.07664916109445931,0.706,-0.009899719407707676,0.36493871305970593,399.3872631732579,129.9419725869025,127.84502097135386,499,2
0.07609715052720026,0.738,0.055313966560265174,0.4046983336170258,396.30672648150824,102.43008504245306,101.912859689776,500,2
0.07746998977930906,0.825,-0.020252264884347868,0.4164259373181851,434.2600017594124,110.03313807224119,101.45016387002889,501,2
0.07800517279271853,0.931,0.007311364391002869,0.5485896012354452,360.7117252127226,143.54435392600527,121.74543553145537,502,2
0.07763653012948785,0.756,-0.04333381849214864,0.37794366180997097,417.87899423690055,105.19045341197815,103.1376035641851,503,2
0.0791884014846082,0.786,-0.001681793624637338,0.3224069468935795,409.47435955751496,103.6986574070781,89.64927957255507,504,2
0.07754853035710525,0.7250000000000001,-0.019434228180003843,0.26772012120441113,371.6711323156773,169.41676624830444,117.8204480496094,505,2
0.07856042875899338,0.8300000000000001,0.016657463161549042,0.3885134945276114,291.9573126064316,244.31732883550876,111.13473887965219,506,2
0.0789819683115037,0.7909999999999999,-0.05530929399221074,0.4070034550620161,403.8560206811832,142.5611188931361,112.024347199372,507,2
0.07907627967862739,0.718,-0.05523747146277392,0.3474743632273807,406.7576011290213,100.3457720254114,99.38352445702633,508,2
0.07822047728316575,0.855,0.027530549424184834,0.545918411380272,434.62953297844433,117.52644757202172,107.421367084355,509,2
0.07781550947995522,0.789,-0.016503285146634926,0.43269991308322364,422.9090345288449,109.29931427697724,92.7817086742912,510,2
0.077529087283419,0.6930000000000001,-0.0021083022448274637,0.30299900081291,423.1984056525366,102.67625623949247,94.19045343486894,511,2
0.08153544630347129,0.8959999999999999,0.009621055882152025,0.5666889213621582,422.9576589358069,121.77317106693121,102.14833356747357,512,2
0.07680178169726923,0.862,-0.003874625622430125,0.3561730038030797,384.81946140440743,139.2463994363319,122.63459559978222,513,2
0.07831487270697295,0.723,0.015403101465941076,0.38899196237205436,440.8675472338444,100.24041715099577,97.58890653424717,514,2
0.07714297013854778,0.6930000000000001,0.011436284171182236,0.35279620493135777,356.66081702218,167.76118437960707,112.61710358691583,515,2
0.07835456303769503,0.786,0.020784239769755124,0.44221756979937377,411.87063332566106,102.06514179270376,101.41021472478155,516,2
0.07742108696622162,0.72,-0.030332739751400772,0.28391523619049686,410.63566310300905,128.48907438077484,112.09464028887746,517,2
0.0755716893063095,0.761,0.02686523503734251,0.37180724461967296,441.7315300124997,117.65613963026483,102.08312708259604,518,2
0.07788295128949917,0.718,0.017214517082513245,0.33128732679968653,414.32145627839,116.26103132247222,113.33490201640176,519,2
0.0790382315149803,0.8300000000000001,-0.0568547050940825,0.4731143985341144,428.53690122233724,100.31133224911795,89.25859659229948,520,2
0.07650243562299178,0.796,0.02637918504571029,0.4433637639149004,392.3241777766313,111.03882297822126,110.69927429147408,521,2
0.07822062241816012,0.7230000000000001,0.016040020944363655,0.3201974871061335,400.4455230835816,116.56601664027627,107.26387631176338,522,2
0.0796214999353386,0.774,0.01471983361289396,0.37007201037201254,405.8648765430067,131.02812708855637,107.31729375002753,523,2
0.07955654282244407,0.806,0.00292026177753451,0.3755785190178629,440.03618980719074,106.53777513572372,98.02352522723231,524,2
0.080108293097824,0.891,0.02152908415873024,0.5260048179163546,407.57970245434507,106.73802025513076,98.36161703914017,525,2
0.07790080048880675,0.765,0.00792259653450327,0.33876064158508923,413.7206909310216,117.67939678776041,99.5894815746876,526,2
0.07848352017750684,0.77,0.008623625909561575,0.2777135623768934,409.93888406649523,104.40672553492803,101.45758977681432,527,2
0.0781613696593864,0.8260000000000001,0.03218013434806742,0.370188493601602,437.96988328650707,101.17457880371441,94.137931213338,528,2
0.0778284258300751,0.764,0.00883134124852386,0.458982255928821,405.9174533832698,102.90424519414971,95.24271170147483,529,2
0.07946396957701962,0.713,0.04435393427507771,0.3304373931689537,396.2502326749603,139.57977349191603,110.2811208975636,530,2
0.07711978716429153,0.774,0.004784974714342335,0.3937705929486972,403.5357190862627,105.92924145962843,102.15885837644122,531,2
0.08226511158434281,0.853,-0.0072230627825329505,0.5003740741636844,441.4904773785856,109.02934418474213,104.19866502966268,532,2
0.08432588993239636,0.813,-0.029106629190465683,0.4508448020711784,416.83507774608165,121.9497622233291,102.07929171224372,533,2
0.0842800498732685,0.764,-0.009241176562636063,0.37837651204512657,406.6096528348199,116.40270255947627,115.23072068945892,534,2
0.08309850817281184,0.747,-0.026798606640015668,0.29113086781704567,423.66566013220364,113.88900723879289,99.20620338083809,535,2
0.08266808841262072,0.749,-0.01809235745420855,0.20897921343268377,434.4202943572332,120.53183057754218,107.55924250903698,536,2
0.08427124871137842,0.83,0.013995405888354632,0.39805576986482194,363.94975638640966,172.79563026697429,115.44590530580393,537,2
0.08598723191692109,0.889,0.014674508507171748,0.4703129065721363,418.520073545726,122.61153127438716,120.34708576147254,538,2
0.08444288039158852,0.986,0.012273896728958499,0.4865130026451254,422.1370606480893,131.28198832510304,121.86280318447498,539,2
0.08268255902187746,0.762,-0.03174959405436106,0.26595855893303977,403.44382441734837,151.0109539895574,133.5416941207061,540,2
0.0836379520986137,0.796,-0.005056333966050051,0.3818054415969727,427.7533840899752,133.14789418062304,106.34994768486901,541,2
0.08381571232658289,0.81,-0.011899977446575777,0.38767370740609586,344.8091479780503,189.08162319649455,154.25024394156094,542,2
0.08551655227434408,0.794,0.014266712876400554,0.39460150781500847,406.1610066730378,138.78508839893314,138.16351344476107,543,2
0.08430120065361243,0.776,-0.00810076695784104,0.365869739574193,419.96397066674683,120.12193456664872,115.27757282167845,544,2
0.08697885681706287,0.781,0.03295377871455477,0.4364173780138687,339.5566202107968,221.30535540032824,143.9426653675855,545,2
0.08478583054111621,0.889,0.011074611469630088,0.42876379753725313,396.7714239879659,144.34820973750354,138.93960801972295,546,2
0.08516847160004398,0.7869999999999999,-0.016348059810084577,0.32894899911736086,346.9740900030516,205.0101783645764,135.94852795203718,547,2
0.08699169910336632,0.784,-0.02781576133484286,0.43400851559162934,398.8793101301481,127.35419696677688,121.06954237690941,548,2
0.0869552866420438,0.777,-0.03745090140011167,0.3166941879681926,386.78203599050573,149.30023996667265,145.91290367784742,549,2
0.08790080163305893,0.833,-0.022819722791090874,0.43014719424034853,410.12575210446334,175.19790433359785,121.28347898585075,550,2
0.08565032244174565,0.752,-0.030115242554844667,0.43635864596918195,435.7383378175136,140.63994358822126,116.06357831188897,551,2
0.08544638075644281,0.937,-0.005672867758276356,0.4780069177953772,422.38884373980727,141.20300913839736,141.05679018958847,552,2
0.08661301154867697,0.833,0.021692794278675223,0.4862233238389182,396.03806701374316,134.6986367173145,129.28957457294868,553,2
0.08760435629686174,0.8280000000000001,0.027450195012626282,0.4443845022745201,412.64585806578145,177.15488630719784,127.67916096106448,554,2
0.08819957754159384,0.839,-0.0038688788324679705,0.4654821554251858,449.3112357403304,161.15148185938068,127.82292614681718,555,2
0.08605389220297505,0.794,-0.019651156954613162,0.49273496341796763,424.9465002190177,138.06395545783232,137.29280133581642,556,2
0.08917826412847892,0.864,0.02767674603250265,0.4000941939036653,443.6973196557245,156.6248673945927,144.25875516489253,557,2
0.08561711642539709,0.762,0.006372640925290427,0.40487944030252443,382.5652657549028,129.02116453073629,122.64591632528817,558,2
0.08827365730623576,0.777,-0.042267391909743976,0.3659394532713707,420.02898359574397,166.43145383354164,154.44352905109454,559,2
0.08883351291927008,0.842,0.010986231035584647,0.37709450519345245,409.4613788521821,175.21289676846052,152.89319959860524,560,2
0.08730537730432188,0.8300000000000001,0.003188741976451955,0.37620336380365016,316.64421325901844,232.39935837705752,141.80412498063052,561,2
0.0874788557041786,0.879,-0.02233087013884833,0.439604945247293,395.51132037504726,170.65524783222068,159.21418848415436,562,2
0.08891707562606087,0.86,-0.012189203326741784,0.4402469914533125,429.02402053618135,202.13055590351115,182.01628511768132,563,2
0.08606533531776527,0.734,-0.015844278477415263,0.3213036143632104,352.2807153439916,177.81105860487827,148.52988708678723,564,2
0.08849752380010416,0.896,-0.019660452883292417,0.5412085936380691,431.85617140787025,161.31569424416907,142.00698544828157,565,2
0.08784936420382122,1.057,0.007928480646487178,0.5760381353265771,424.4830376729702,156.39192184759256,131.86272453878976,566,2
0.08692632195841919,0.792,-0.002624868086113196,0.46676619489856686,398.9057821696674,156.63249315973266,139.97043964910796,567,2
0.08674333435306426,0.8939999999999999,-0.03923706279865414,0.44798583289768423,441.4465077832795,167.64851632306858,145.3270273904116,568,2
0.08853620513180258,0.94,-0.006525636494893892,0.44239483736892193,348.40791201976316,192.27155528153025,186.66361447554704,569,2
0.08814084160583206,0.835,-0.00637339900791862,0.42207357939809365,426.03340021813085,168.5396835590206,140.8021616339776,570,2
0.0899870048126742,0.725,0.03417205040412078,0.41862170112895525,356.71568046933703,205.81456075651954,169.221052337432,571,2
0.08840501059576603,0.8300000000000001,0.034532795829399915,0.5602555996498162,424.0375620384619,161.21426123973865,128.02139373825725,572,2
0.08764679009783032,0.828,0.02197440524102873,0.4137279539953309,429.8080854670234,156.48071775113866,142.02580486938527,573,2
0.08951969957125708,0.857,0.01297273554004363,0.49796496157412706,326.10421359200336,247.50543009215284,164.61263338466475,574,2
0.08913656021626312,0.839,-0.004073790691489718,0.44915542368613437,420.556192960447,166.13737099848007,162.225497730181,575,2
0.08819533236169942,0.889,0.02402691679674615,0.5134914074370207,443.9590774563186,162.000021774823,153.71927831548302,576,2
0.08845663938213598,0.8280000000000001,-0.07557730884923268,0.48489349535248216,396.4130813419853,168.71567504304548,129.9467126871531,577,2
0.090150743170207,0.903,0.004514336506654283,0.6217770021628479,421.323172026791,167.61232768531985,153.7445641425052,578,2
0.09071041798845723,0.891,-0.022285238655476627,0.4888141347703794,420.54285616244914,161.8438000298654,147.64981608046895,579,2
0.08991441460146976,0.886,-0.038974656682182474,0.4496169147110769,454.3066351935261,192.06144435109658,149.59494613328732,580,2
0.09103706078046937,0.849,-0.009687210938571502,0.36341261581366435,319.63760645150654,222.1502876700033,205.65030054862143,581,2
0.09011333846624066,0.869,0.0194804393965684,0.5452279361146344,369.0289525719698,197.11545154453316,188.6589248209386,582,2
0.0920947353718068,0.894,-0.009970193289901579,0.6274695337680596,402.3417725710484,171.02425197385378,157.08525138769406,583,2
0.0892083709483904,0.788,0.0024768064190975507,0.587115769874706,429.88689985699324,182.61759701965016,157.27237637701322,584,2
0.08972886132503577,0.908,0.017609433947676133,0.5146706993834695,410.4392593713364,183.84336404691362,157.39939599836538,585,2
0.09109389338539316,0.796,-0.028710427863563714,0.45951746098325197,414.9982609233133,183.88992663517817,156.35764041780584,586,2
0.0918239707351109,0.91,-0.030483543192631038,0.5832556522576771,363.1185954393481,191.12665053821476,155.51272226470493,587,2
0.08981583914286778,1.066,-0.004265579670543818,0.5313526949232923,329.7083705834005,230.538079200227,164.05644895114753,588,2
0.09123699259817464,0.832,-0.050528894131804385,0.43072999210877816,396.09426748663185,196.58694091409174,167.55036340953797,589,2
0.090868854030479,0.869,-0.03088837823271354,0.5431208422206963,364.2183488066835,205.2693647840384,194.60406816172184,590,2
0.08962443312887326,0.876,-0.032418573653684384,0.5000568354441413,391.0343583606792,175.19267864321972,160.69042319893876,591,2
0.08982404539353243,0.874,0.008680003884526413,0.44308004759376196,442.7989642695249,156.31193569273321,154.89515313502707,592,2
0.0914061765491158,0.944,0.005042525841349817,0.5828125625920308,408.2298401327537,201.06732065932522,170.61042226608882,593,2
0.09195853451590287,0.808,-0.05502747657579067,0.43596656161940617,419.1426596001747,175.42615277914197,149.08492599722913,594,2
0.09039873667146503,0.767,-0.008994214156270684,0.47912682547507224,283.5148687076169,234.07349518258732,195.2861752068792,595,2
0.09161855206251215,0.903,-0.035956676770557666,0.4773219216195348,317.6300845720759,250.41657215039982,180.34907328209928,596,2
0.09144305642507458,0.849,0.018024298933638713,0.5755229887249782,433.4451063254814,180.1588053337267,175.982889760983,597,2
0.09038385103182842,0.869,0.011194814783252944,0.385410349683454,391.4010437000114,163.19114291082442,162.2627737745284,598,2
0.09101168178153356,0.779,0.015227645482240263,0.5069703567366908,351.7437985893256,191.68788873388084,191.6248236852842,599,2
0.09111499109127158,0.9530000000000001,0.019900164956500283,0.5420037471466381,349.3356181663878,209.31000000279596,166.3715642649235,600,2
0.09316506452553379,0.994,-0.0023755298430099933,0.5609820953544635,313.10967765522395,238.01956383408586,209.81428851704268,601,2
0.09196030611296717,0.821,-0.006081434983158839,0.39486897540859855,345.12253312646226,221.23125945168937,174.44131167349954,602,2
0.09220456198041396,0.991,0.04268211567310929,0.7432975552995384,306.774197281393,242.03312637720816,177.31305918961695,603,2
0.09182987332434704,0.813,-0.0801539092186402,0.5517784022496657,438.8513032108837,194.06846506551076,176.80327711857848,604,2
0.09341100455237795,0.917,-0.0029152523179089896,0.46252264920486086,418.57214022172263,222.62636310303023,186.97002396423855,605,2
0.09314935818183344,0.8280000000000001,0.020015575893097205,0.6215580358289503,345.8956919214311,227.03957733974678,210.46473113889934,606,2
0.09361258209954337,0.925,-0.0628826872404541,0.5944372850986581,370.43727524380563,217.20077729715115,158.3931185155084,607,2
0.09453647609520888,0.8200000000000001,-0.03499771217809009,0.4948223120819719,289.81841495886135,271.65193432198,185.0024253756304,608,2
0.09488179632277996,0.838,-0.05345132863514017,0.4545847496597357,428.39851378681544,217.95999298478625,169.5256898810815,609,2
0.09591115706125186,0.903,0.011267629088632918,0.5121334435393035,324.98664751009255,228.32345263997212,220.33258253392455,610,2
0.09453624651051509,0.9450000000000001,-0.02170437489309522,0.45030249249973053,374.4717046622543,192.7561416497693,187.1630654880013,611,2
0.09484404113423191,0.872,-0.03152018402464271,0.5362435114092148,443.23077059249385,200.4206365254282,191.41743811173828,612,2
0.09559869276613436,0.889,-0.029625122049336972,0.4700351608607556,427.1240682419961,178.56621405020593,155.72435767806257,613,2
0.0962706846686077,0.867,-0.016392114499991454,0.4821477383767929,314.9071922906014,263.3707539292282,227.97959910922566,614,2
0.09629343885845754,0.8160000000000001,0.00040881731305411975,0.4809149930704568,370.7079170095867,218.68206364178207,199.2527491460516,615,2
0.09498840749582946,0.974,0.02138280067933913,0.7511586473517373,458.3006973269244,208.31776521821897,166.04070844547797,616,2
0.09552074356479788,0.9670000000000001,-0.03897476596467317,0.6564783060272306,415.1359274446634,228.57626621976598,201.5913963547511,617,2
0.09492288322509818,0.898,-0.04191146010988255,0.5195036890723932,375.53707303811984,219.35144281837452,205.12123038032263,618,2
0.09428204497096067,0.9450000000000001,0.02479425010982998,0.47955622735407255,394.5477681284861,227.89747942837488,183.00473788827205,619,2
0.09331646084820391,0.879,-0.04144753497726456,0.6900665599350058,428.8936776648804,210.38123603171863,187.4451532824169,620,2
0.09846557957645974,1.045,0.007110728644009213,0.6142024183200463,427.1735347388091,231.6759025245107,165.02991099680196,621,2
0.09505307008620237,0.867,-0.030028712415334266,0.5214360964550426,422.7224501543103,211.77585976595117,205.65345466359818,622,2
0.09558984315937742,0.859,-0.04973483089447393,0.5461967132436887,370.9386851754607,205.25337729206325,177.98881223156823,623,2
0.09694473044843,1.03,0.03707694695852093,0.7066014705423598,437.36506779216063,238.0669165491517,196.8989692628838,624,2
0.0965114094210498,1.0110000000000001,0.005347423829440977,0.5868126529442286,415.058432765589,224.4594450582324,189.88724360799617,625,2
0.09612524026709245,0.8320000000000001,-0.028977505173992762,0.5574171385605213,394.6788848150255,205.69504555718487,170.44810888037003,626,2
0.09615338622035433,0.96,0.006107861796828127,0.5643935427422346,357.4944284429575,232.88702855080746,214.48200896726962,627,2
0.09568015540681293,0.882,-0.020913074033234183,0.5436207732186156,334.2973824197803,223.8281986220029,222.690663741948,628,2
0.09588543375429867,0.883,-0.027514076223508332,0.5675984206307492,272.15504531839167,267.71211529364547,262.98365949960555,629,2
0.09359121892445693,0.815,0.04561476510535343,0.5771797568819839,325.9836923448227,241.50923048505882,202.52339244892815,630,2
0.0978013926401038,1.077,-0.02843193631710452,0.6771886124561841,386.15968243696585,222.71012640355238,179.65625518532764,631,2
0.09710681060572232,0.9299999999999999,0.05948135770925023,0.6499851458312187,297.5149953485093,291.7291802574586,261.82577112062654,632,2
0.09409151883148462,0.871,0.006015732668920251,0.597391354376704,301.9858623373601,242.31773676658898,230.3923122732046,633,2
0.09633701373222939,0.996,0.027608748256810187,0.5472246871079163,349.5203017296594,222.7660046290029,204.19537919372488,634,2
0.09589212714726962,0.9590000000000001,-0.007184546000463869,0.6811948931940979,352.8840090227917,219.2834933263122,196.54766773934966,635,2
0.09741922811159702,1.04,-0.04887423782855838,0.5790203454839511,407.765438979726,221.76520597461794,219.68453061779738,636,2
0.09765945669735152,0.896,-0.026868208717565012,0.6133940913684954,328.3866721508382,235.7897126121558,219.46946899375035,637,2
0.09483689122646313,0.954,0.0332188784218825,0.6512805700988582,330.54696216741706,254.17037160427813,215.12798907139197,638,2
0.09751085676733642,0.8939999999999999,-0.022260994597276346,0.5207344685544992,405.47281847797274,251.02185192229024,226.98743439199922,639,2
0.09844802225508394,0.867,-0.015103373647776527,0.5386898269168512,441.73356496493,253.13988900339305,228.91138450735548,640,2
0.09941949426467503,0.871,-0.02123072572011468,0.6725187096744207,404.9377466632315,233.91817351986325,180.09720527750403,641,2
0.09837946999850884,0.915,0.03304964237251619,0.5520838440108813,321.06459254986896,254.19181855406444,250.12446858389055,642,2
0.09805131488951334,0.8089999999999999,-0.031633991969569765,0.6552368688722128,345.94738838173896,233.3381576481379,217.4558169756205,643,2
0.09792751075811766,0.876,4.218274879528225e-06,0.6111333437801076,410.5443501168829,237.2295905195864,207.99982966729942,644,2
0.09727314629554436,0.877,-0.03624724081240663,0.572484489262322,275.6747312302728,253.12419590179158,220.51250663785063,645,2
0.09838645353035777,0.855,-0.027033723995058125,0.5403197851984634,434.71542725443265,251.22702639870397,239.82141438555698,646,2
0.10379379699636138,0.984,0.022242096700611745,1.0579778032148006,338.3293683686235,259.908887112921,251.5969641388879,647,2
0.10638649114453806,0.996,-0.05815066367273988,0.8593839482326833,368.5890117796916,335.37701326539207,239.38600940084885,648,2
0.10502789459271344,0.9550000000000001,-0.036005389568740095,0.8594033690020813,415.05284668160203,299.0604102193864,243.49590643967406,649,2
0.10535479352896691,0.9490000000000001,-0.04559297185090278,0.8345135768103153,422.78152035727504,279.8678245878603,222.01568125520066,650,2
0.1062761847330165,1.0470000000000002,-0.04214172701670748,0.8989962838910843,405.2777434990811,266.39227611382216,255.408435167693,651,2
0.10429216187852698,0.892,-0.0405011399857617,0.7805928630818695,377.0357693916706,232.53822883239096,214.3872899882854,652,2
0.1058579707010176,0.999,-0.02195952345707107,0.9324437463329018,430.82080506390207,271.08954771805696,233.7886983303369,653,2
0.10620989914212917,0.942,-0.018680843374084943,0.7618131670541999,409.0196380291271,248.42525365219296,222.92732235355365,654,2
0.10301590204535778,1.02,-0.0055498461913283835,1.0352955897710991,440.2865850497184,266.37559175060244,265.4745201435957,655,2
0.10596938126470777,0.986,-0.05052026083159421,0.7446224362206091,387.4761815742415,258.4274409357474,257.98061830610595,656,2
0.10595938103673265,1.057,-0.022823616584939633,0.8544294796051415,432.4062757895414,258.3800158240462,235.5461541459505,657,2
0.10464030419355035,1.0230000000000001,-0.06483677415511666,0.950329834842297,276.18880250542304,256.2025792177813,232.7689664309411,658,2
0.10564207193765773,0.969,-0.022863855306557948,0.895181246440885,341.8848875583015,270.17725097660735,238.019583285119,659,2
0.10435954367219488,0.9570000000000001,-0.03708233531378327,0.7816348788004697,398.1664817562959,216.9787752753689,214.3273147794371,660,2
0.10662787171909487,0.964,-0.03740551442805827,0.7678642560795579,438.7613180231857,339.9251524695705,274.77068946759675,661,2
0.10662177420384168,0.969,-0.014485438513994801,0.7654697765915444,415.1110505373453,256.9974896706286,249.94731107329108,662,2
0.10470268546579882,1.216,-0.038785664155529954,0.7869819151709754,430.0323195747531,271.42418720490514,238.65400836950306,663,2
0.10421010318327466,0.9570000000000001,0.03003721306603902,0.8916386740504207,347.7893899617851,272.86297033661367,263.23892954018385,664,2
0.10612328036187736,1.006,-0.05855082417662549,0.8149963220300815,421.4141573752614,245.45776939755743,240.2109297839292,665,2
0.10685637013248496,1.0110000000000001,-0.024365463044258077,0.9259511693175662,409.20712690601033,318.12845445352883,266.7851501380272,666,2
0.10484058257137954,1.045,-0.04778357028931343,0.7773012336510248,346.2496612216709,239.90302002414634,222.8853251861218,667,2
0.10359935976515491,0.899,0.007699191076852347,0.8176352010912522,425.03802736322643,234.67038216516437,218.9833161231847,668,2
0.1061608500070471,1.0250000000000001,-0.04607355865295514,0.6430516614183488,442.5047056391025,246.4776993601862,211.11626572957735,669,2
0.10631852845194717,0.9570000000000001,-0.06889835567028421,0.7746946322817014,326.45457816280253,316.28144739834903,255.27978335469516,670,2
0.10491263548297876,0.921,-0.05970775277350098,0.7594868721250325,341.3286960898823,309.5201173074847,239.93256307078423,671,2
0.1029637437136551,0.957,-0.0024288136598552045,0.7345061687411092,438.0174596420315,250.25576292222615,249.343753825736,672,2
0.10200354165305059,1.104,-0.017908272732924835,0.9054039207769442,372.421134147123,256.14145087743515,220.81323470272383,673,2
0.10489127136513195,0.903,-0.032580534143837284,0.7653851180387239,400.20394284691895,231.28773235522544,210.6694186439762,674,2
0.10283863459626931,0.977,-0.021341679489168146,0.8056773825533732,413.7155715054033,238.9778042831908,183.49344210883126,675,2
0.104138791478608,1.0670000000000002,-0.04532367045880202,0.767350526474162,391.4337771411842,280.3604281256515,216.84000042718063,676,2
0.10527105383433104,1.052,-0.02149548155331198,0.8042036898939053,431.7493876769513,280.5057057485936,236.18025991876144,677,2
0.10531576914436293,0.9650000000000001,-0.00541197871346703,0.8374606137177665,373.44017099728427,288.38741678730213,253.3187834785394,678,2
0.10321447893638458,0.877,0.004344139839311855,0.7876753191941388,422.95453548338816,233.7748749805326,221.4445944824409,679,2
0.10400314819265989,0.9470000000000001,-0.029368027861976304,0.7657113842738932,408.1660187302936,242.1923034939848,238.85431703600986,680,2
0.10480054064895132,0.969,-0.04638696069503721,0.8513716239181846,412.7439266781316,275.5279423440777,203.82575430192276,681,2
0.10488916094613579,1.03,-0.005933738228531214,0.8011197732616533,442.67508123058826,287.97459967996946,251.75231281249432,682,2
0.10448049403028538,1.057,-0.011294745799652244,0.8875430047913375,423.3173481643589,290.0868804019288,232.88062482473242,683,2
0.10532482726442635,1.05,-0.053580327548383315,0.8239941692202506,414.5198165348155,257.0343449803575,254.15317884629246,684,2
0.10710761691664371,1.07,-0.03482180885041304,0.9259360914985315,378.0481135410735,316.63961407123435,267.7485739855424,685,2
0.10712431104832426,0.997,0.0012977414078426642,1.0499797079690092,310.7649318137126,255.97335864012874,223.9493351287053,686,2
0.10520757314597474,1.065,-0.030382896102156793,0.8787991225503626,421.8665808617225,278.82514893601734,229.34921631204045,687,2
0.1051648280769437,0.927,-0.030513435585693575,0.8321046946773336,426.4422658666378,321.54335621629826,251.1705497902101,688,2
0.10574962299541249,0.9450000000000001,-0.033524473077430374,0.8605328986184082,423.28549166480076,253.68211184341135,229.01546148932383,689,2
0.10543929148781836,1.145,-0.08485689422111357,0.9539876786626973,395.33383850121913,311.22929557226115,240.22741046936213,690,2
0.10669288280028043,0.944,-0.02196034307258443,0.948502823909875,406.8693567449993,270.7830692675355,260.1883448919649,691,2
0.10714596999756337,1.028,-0.02371001055416823,0.9324927361688928,403.09684043572014,237.6116983251371,222.62766864326318,692,2
0.1082455801187022,1.008,-0.05917398920834293,1.0423942932084937,404.7360828074094,267.65617603216884,227.22825276002902,693,2
0.1066530244622867,1.054,-0.0232007848134643,1.1178083967298198,295.039387509175,264.62310614104325,255.42685702345295,694,2
0.10575230009134258,0.977,-0.017609419268415204,0.9838773110024168,451.57920066514623,210.18579436379503,206.10572751476516,695,2
0.10728003431076423,1.074,-0.053502390095079705,1.068532133388807,418.83382864618267,250.88305281067926,222.58397570969734,696,2
0.1092699857470305,1.028,-0.053414763432014706,1.1376804821538267,425.447667195363,308.3568616263093,250.30826719114776,697,2
0.10650088073652841,0.984,-0.0430458749481006,0.9490147794299428,397.0670040384899,310.64802651335594,263.07003653094546,698,2
0.10979059235618448,1.0979999999999999,-0.021491288111960372,1.0141714282015117,442.901442634886,285.5116891059525,246.33706134116045,699,2
0.11276782356350593,1.092,0.010692169773799942,1.0775865528894446,391.7963337516123,323.5790341069192,270.27805594050614,700,2
0.12028870746886945,1.169,-0.008205888018520823,1.345963647530156,306.90563710513356,294.15377569893377,288.2899021686543,701,2
0.16689628653443545,1.584,-0.1349700516951401,2.3890722982950097,535.0224901717295,486.5329436800929,485.7714183941774,702,2
0.1717619405135619,1.75,-0.09728691498686172,2.385087713657378,526.4104003131843,484.29618938416553,477.4930478752442,703,2
0.1737544359258383,1.782,-0.04025486919192272,2.626807408932346,576.9273306126522,481.65007832215656,476.5751379333463,704,2
0.17177918437224501,1.76,-0.1417596614112363,2.6189030455499056,453.52692110017944,448.9036594285036,434.2103688727164,705,2
0.16911726137713776,1.6669999999999998,-0.11684147793998612,2.507133901376002,522.4648678124968,481.53598634534865,453.052469637638,706,2
0.1736918046931925,1.6949999999999998,-0.015041003205504586,2.5064066518245687,532.0649481713205,527.791561692312,466.95406843484307,707,2
0.16859953520542212,1.643,-0.12751043045232785,2.467265336797422,608.6352449175153,493.623214380074,476.8322300414498,708,2
0.16686560557006835,1.662,-0.07891080344932823,2.686524509219736,601.859637921528,493.2728950030793,457.54513960743213,709,2
0.17252337180324112,1.526,-0.09168321062484434,2.221581229484708,568.4129374450567,502.932874400699,469.39488548107335,710,2
0.16982476952361808,1.722,-0.01810916432448964,2.547557372864662,539.1231401359768,509.325571893507,506.25677274596796,711,2
0.1688369467847881,1.641,-0.03884108424155056,2.248777066522476,547.4129756909758,484.36731478375947,420.21739571383654,712,2
0.16849347762436717,1.569,-0.05479712710379405,2.295431090130667,551.554956970211,494.01973599185385,486.1789894993201,713,2
0.16950951531182548,1.492,-0.10021382374817149,2.236064581689713,584.9314527893106,571.8462519447684,477.4412413338322,714,2
0.16993603015753642,1.699,-0.10499995365973233,2.384176895930011,594.4895073215745,492.89541312922955,488.98671994717176,715,2
0.16509543064755947,1.601,-0.08651695112745453,2.7590090372117437,517.0797780816922,439.2701262285079,398.7553319083825,716,2
0.1655270049130013,1.592,-0.10884377951468964,2.5098751429398405,484.3334062269212,439.60029597185417,391.30553678487104,717,2
0.16503688256696403,1.623,-0.12873370487884989,2.373606332702642,597.3778642353486,529.6721070920438,429.091150258968,718,2
0.16810142507227036,1.499,-0.09561982633912819,2.370612072790797,539.180293389936,498.9249646336011,491.9225946085882,719,2
0.16409903551523772,1.619,-0.11029405038528896,2.5158891668515384,597.7324307775466,502.5249442383898,452.6200618645225,720,2
0.16516423703487537,1.563,-0.09967779281608889,2.34215083104434,572.8595990519583,534.4307223031486,489.36856184570934,721,2
0.16412790006005987,1.553,-0.09651947641963424,2.578314431277737,582.5734267471198,510.6079821246208,360.98484785429054,722,2
0.1638367454217479,1.5750000000000002,-0.12135667396202172,2.531885326050883,478.34283136416377,452.8055942424804,411.69339121427777,723,2
0.16321589900343655,1.553,-0.12754527339732652,2.6241708680097338,601.8077154171491,492.94314326437836,413.75760411213724,724,2
0.16847889623499585,1.634,-0.1001154263128816,2.398438400002175,464.0628755714429,440.68225474845633,386.46534039558543,725,2
0.16697350674021613,1.662,-0.10277178109530756,2.304491357206314,588.1976642579301,485.68298758619164,421.3532727521564,726,2
0.16563809588555933,1.611,-0.06898382663531083,2.6610620225085304,489.04705517517874,478.55450516138006,430.140541201165,727,2
0.16415866735084764,1.631,-0.059910718152897474,2.4481806492189104,501.07533338023063,435.8539365327125,412.067455184235,728,2
0.16524972475984076,1.682,-0.0783421170070073,2.348742119130721,455.20397842463814,437.42306638670027,399.00116493290005,729,2
0.16630584896626646,1.704,-0.05067124987241959,2.555336429076207,610.0756774511877,492.8927796077029,413.947055412121,730,2
0.1575511747218979,1.613,-0.10127559217528959,2.7568716983889994,465.7430900970109,418.1119349755164,412.49015374232323,731,2
0.16212426031057164,1.57,-0.07638029661373541,2.539827058969368,559.4765474871521,445.9365284117338,434.33436000219757,732,2
0.1558261737820283,1.526,-0.08740517331296606,2.464085946432145,528.3761201226872,431.18107319514723,425.8161854343638,733,2
0.15678997088686228,1.604,-0.08235462543050776,2.3978248382054588,458.30491403645146,440.0721444568455,405.83543831075343,734,2
0.15417651476498656,1.538,-0.05083976910492171,2.3809937953008697,454.4711259399513,450.1630970769056,409.8714375447834,735,2
0.15502766606671775,1.552,-0.07974910128105614,2.3857241830328224,502.86708600486656,437.17786647433746,417.7393479362562,736,2
0.15479955490008887,1.545,-0.045146862710062595,2.32624429101845,495.0646337505847,391.59695029169427,345.0126573727164,737,2
0.1450686467016887,1.472,-0.18092588457274505,2.260390342657569,464.9119320342134,393.76490875180144,355.59305039023553,738,2
0.14251295959436022,1.446,-0.08434773312960188,2.398569851860411,384.05305264657153,368.1767045194872,366.81013231700103,739,2
0.14808891668890603,1.4500000000000002,-0.05476432196649754,2.158488613774585,457.7117699526787,429.34698248871575,338.8183636858743,740,2
0.1452710145754522,1.557,-0.1653935686616854,2.204459419576205,427.0225428824996,325.11882112306654,321.2972991754573,741,2
0.1439164398197462,1.428,-0.09428018059840625,2.0271482740199875,434.2184136534063,386.42875458076884,371.73863048566034,742,2
0.13972712158296033,1.3900000000000001,-0.10366597950892527,2.342641300811165,337.6793836721153,329.1083859589514,293.4803984091772,743,2
0.13942111694991724,1.377,-0.1211387100892232,1.9866054341726365,383.09813272669265,355.3092519069878,303.5151304253154,744,2
0.1397635746076544,1.375,-0.1608252571450786,2.0716523614208278,351.82020434528,321.0066395671729,320.65782929415235,745,2
0.14242094915360065,1.443,-0.07639618602335732,1.9998288945603404,444.5130918489951,371.3305047198306,357.1585539530631,746,2
0.13856824279089436,1.491,-0.1446606286136689,2.2251644103888673,331.95063365849813,313.88990199825264,312.0046469231643,747,2
0.14059532065276256,1.4249999999999998,-0.13167135183397424,2.0884088755661026,413.3518889821524,356.8161970152712,333.94055125292795,748,2
0.1344781462772739,1.433,-0.06836804061909313,2.5143137121380645,349.07762348703426,313.16565465039685,309.5293676968123,749,2
0.14053554724361556,1.367,-0.04531700286821959,2.029423852596694,410.1325439167805,392.41587665111354,377.736475637676,750,2
0.1395541734739036,1.4409999999999998,-0.09140080242270153,2.174915562196098,356.14496627231546,316.692765717157,269.87958541893124,751,2
0.13509444305715124,1.353,-0.08772272699694149,2.222977868529748,340.6164163013324,314.32724605977285,290.0303185486032,752,2
0.135658014414925,1.487,-0.1733873901842237,2.1120656548190597,321.43693107498433,308.87343517545264,292.673188059786,753,2
0.13497136089451994,1.484,-0.1034686882208997,2.253797685838542,396.54733200785444,347.5301422656389,301.3714566813305,754,2
0.13189689984036773,1.459,-0.18245891263737352,2.2796867432564882,365.73888509743716,316.87986880920226,260.2065229888802,755,2
0.12851723194284104,1.3210000000000002,-0.13136845360382987,1.9454752438008258,361.8915019347781,350.14371516931357,303.63689803897455,756,2
0.12589233138504702,1.264,-0.10751198199200677,1.997542800174501,395.2707279112474,393.0164758359765,279.1271479938017,757,2
0.12576345778664455,1.3519999999999999,-0.12252295098274688,1.9092597898346062,304.52876608070176,295.59604751296575,286.0120474379214,758,2
0.12436039114109293,1.45,-0.13352677000435864,2.0802240990981096,401.8362059007077,314.79338863367377,305.19351895055325,759,2
0.12274867278273063,1.3210000000000002,-0.07868867589669108,1.8499449241387067,361.05745431658016,288.56553876681545,281.512411694246,760,2
0.12051210248644377,1.565,-0.07787959904526646,1.8363394045741614,441.3609692138714,304.36365058167627,270.4365143158783,761,2
0.1166632473457258,1.276,-0.11930468372910834,1.4947850896938135,417.77824145902497,275.45260898492563,252.71960349632997,762,2
0.11792317642053819,1.448,-0.10915909823304085,1.7735457066958276,396.6949961680968,312.14546445629077,265.8693316910904,763,2
0.11285861527156722,1.206,-0.07585617893913277,1.4246082301984355,419.00406204438724,322.73037526012604,224.93890439302788,764,2
0.11249116241329249,1.162,-0.1629796665773571,1.5522948769275144,357.66929836250523,321.38936924721315,223.62798747866773,765,2
0.11132827171042965,1.175,-0.10000862201306106,1.3309587974609638,394.8559538040276,317.3410396749192,168.6451822991186,766,2
0.1111174328659493,1.1989999999999998,-0.16418312821603218,1.3866856891104486,373.45891000429066,251.13651541299734,207.20186739603017,767,2
0.11086750498730173,1.213,-0.18889016875287884,1.6093428330193849,309.24056760230457,268.3865595128921,231.60623233739705,768,2
0.11017193970711474,1.224,-0.13173266903017383,1.3689570075773423,361.6745355040103,291.4771453728658,209.88712307726598,769,2
0.11003507652747033,1.096,-0.15478624773317098,1.2738682253232412,434.2425234892448,340.3534675745685,212.196129251681,770,2
0.1070069605194418,1.101,-0.15159655183990747,1.2220807735566188,441.37324825341994,252.02037766021695,177.26034172267882,771,2
0.1072848457833893,1.028,-0.15020876609878686,1.073305002899736,385.21911473550233,359.6522250803824,193.94091290036425,772,2
0.10781778904599011,1.306,-0.13988013688104356,1.2331512796328292,444.5693750995803,314.6857320796945,172.32254780243454,773,2
0.10573701784786335,1.087,-0.11334221401128547,1.1528874123751987,287.9897276450958,276.4348118765531,250.05971403280938,774,2
0.10385260668859317,1.169,-0.1403092427573264,0.9432393234140055,346.43083203407883,258.77076067980636,225.70684504104756,775,2
0.10678984226112637,1.218,-0.12762794921654977,1.1755023973384349,416.6836799686525,322.0733162069552,179.15447181206403,776,2
0.1052975265226913,1.0430000000000001,-0.13839677752328658,0.8799226510924183,438.820000930749,205.34538261043036,194.8883070734788,777,2
0.10424662858007687,1.009,-0.09988539913772561,1.0331776509628554,411.60917046625485,335.4437570959803,173.68769917552342,778,2
0.10346354326600385,1.005,-0.12433339663790156,1.000355245197536,412.6679019377756,298.784229326253,197.31662145171367,779,2
0.10303147274012928,1.042,-0.08751767018835734,0.9084447005643224,393.80562496064675,334.0762114725349,177.6049098446883,780,2
0.09932441224184264,1.0150000000000001,-0.11870971133454768,0.7717927254108252,389.4042384424794,299.79957910875993,183.52503864768943,781,2
0.10277105523892355,1.03,-0.07435789981845702,0.9268405707904268,297.7798593106907,244.80577203925702,235.06021627077962,782,2
0.10151048547864094,1.3079999999999998,-0.11114737885400183,0.9667239500366183,286.9700356009191,285.2055343983869,218.90457979774737,783,2
0.10050111138028213,0.966,-0.1207717006506049,0.6652145802848799,327.8953002396732,273.78585557897384,218.76188045489712,784,2
0.09937990578496302,0.871,-0.11016758176460514,0.7488124696956069,342.4593149232219,273.35966717587297,224.3661777431736,785,2
0.10260710653042934,1.021,-0.06994686720304485,0.8222244311026867,371.84424726874744,369.9541632565866,162.37766640393917,786,2
0.10001234542935812,0.918,-0.15633968564534023,0.6527158309279764,384.1694192552623,310.14781201989194,193.71256291999723,787,2
0.10276615596829532,0.992,-0.06649134295298005,0.641151157867629,399.7257133451145,346.90969850432964,169.23812488402774,788,2
0.10079244075465804,0.952,-0.05380711704147773,0.688527101475187,376.8564151479227,345.45247593442605,166.9872953546519,789,2
0.10071724420996633,0.981,-0.04303829269138598,0.8693732490038792,418.2850125307441,293.06071007749824,178.14602370061365,790,2
0.10212575566772138,1.0670000000000002,-0.06797729414654397,0.8122074071808982,365.39830684553533,310.4882092240886,192.4006544235202,791,2
0.1027555945291119,1.1280000000000001,-0.06600214954770775,0.7643725473661331,290.89713629765436,251.73397172599795,246.1684009661683,792,2
0.10324720860141631,0.9690000000000001,-0.07616936164575634,0.8305410434162077,387.10232141500313,298.5386497963011,189.99429675885534,793,2
0.10473901018200549,1.0250000000000001,-0.047412887459112804,0.8673107336548798,398.2695080204451,359.10928395297464,192.6466066090945,794,2
0.10546040777193058,1.048,-0.004060615255579721,1.0399953829715916,320.0536559540937,283.6609883919907,273.47575425746896,795,2
0.10417618977302347,1.084,-0.033228602809788614,0.9779203766262881,428.98998548830394,278.8865977848487,190.7205378306628,796,2
0.10512936366909462,1.072,-0.00791426356651984,0.867729822045229,452.75994274155715,257.6111291794161,184.7352813822702,797,2
0.10303119336706057,1.125,-0.0106392795603171,0.9835885532070137,423.0220301821098,288.75644210308855,180.42652757392247,798,2
0.10615366979680035,1.079,-0.009901110585349314,0.9646319369650582,447.04997629706514,315.58135939646365,208.94177069461716,799,2
0.10578920644929649,1.03,-0.028719287434431515,0.8522948759061766,420.9138032399462,335.7090456865141,171.96093883772025,800,2
0.10624512879458581,1.021,-0.01629533373485569,1.0616526237676354,411.17205153820174,320.74000685451045,184.304279628062,801,2
0.10636952169904862,1.013,0.023695013734024148,0.943261495800948,409.97096868550057,284.0461763748738,210.87905959853526,802,2
0.10593802474980654,1.0619999999999998,0.04195991636813061,1.0365573859673773,429.3079735759566,339.5902028666828,192.99157221674383,803,2
0.1089140454078783,1.126,0.0431058963273919,1.0071678875967924,392.53124323070693,348.78691543287147,201.31699095205295,804,2
0.1074263562701648,1.045,0.02689688873426031,0.9072687402430022,451.62927637275794,274.1711528895112,203.29661727332896,805,2
0.10872704274567,1.094,0.08066783897263262,1.060751117656622,397.12405320785336,342.65197182901017,207.79792049676055,806,2
0.1102030913263808,1.052,0.04759964032442938,1.030564302451336,310.00371475345105,256.8383999608806,246.55764784076882,807,2
0.10984870721388805,1.1280000000000001,-0.018425904284794407,0.9164351948112492,423.09878433513785,250.35099195157395,209.247097890925,808,2
0.10855998823195347,0.9670000000000001,-0.003635669787789147,0.893567153208692,384.8957108611691,362.0636190543319,190.1806186177841,809,2
0.10971438572742807,0.981,-0.006496539322708061,0.8486574602590657,426.58118742163083,255.0494172205506,231.81979082872226,810,2
0.11021514449553597,1.013,0.03200430068596814,0.9063512150340016,360.2719951706517,340.32324611019123,216.7003799398618,811,2
0.10842924185053242,1.17,0.007319705784382445,1.0126761241968207,427.29297401329137,273.4987486912302,218.49005375987446,812,2
0.10878737571627682,1.0030000000000001,-0.031517308251919576,0.832382817194703,324.26111652972884,304.0553329968015,257.225199387371,813,2
0.10945516459555768,0.976,0.021223784028090116,0.8226663722894192,446.92224004332684,238.8388841332706,227.13224443598187,814,2
0.11022510370295927,1.0230000000000001,0.008109121660961257,0.8273301046767592,387.1712241884261,349.68331704760345,224.6007528237465,815,2
0.11007236278388924,1.142,-0.008160562787118806,0.9088525634526525,423.85693825799507,246.33408526409372,234.87586893058437,816,2
0.11049097592889091,1.1179999999999999,0.004961757268095492,0.8800067254017039,380.97514511501566,346.5882228156182,212.7179354518468,817,2
0.11108235613161074,1.128,0.006291369222905599,0.9103188476473099,428.52832880576244,237.42967792110932,235.18099860570754,818,2
0.11181097024177122,1.018,-0.03306598687146643,0.7821177360607581,298.89834685058065,289.24101096307584,254.65690739547614,819,2
0.11377855346468255,1.275,0.07034812342742032,1.0525077600426584,445.66320704273596,285.6453066921583,227.57597841792193,820,2
0.11121312854576791,1.162,-0.053252415447461704,1.0037087771263522,363.8968565115051,358.704632112462,227.12703036382172,821,2
0.11279849657720675,1.091,0.04436818161096069,0.9866371510161316,448.24509919588905,261.55862981202927,247.5068258723316,822,2
0.13760685088379956,1.27,0.01172348147276448,1.4340807064842034,424.2956466799968,394.5392574557927,385.0352952509883,823,2
0.13716050862749496,1.3199999999999998,-0.07528488159277225,1.4277365827989597,389.2275180762605,370.6186555527934,362.8363186619071,824,2
0.13582555879463556,1.428,0.008239540065882112,1.5253678310169114,381.5100358666889,374.22056624849375,346.3202563831106,825,2
0.14128292273948928,1.338,-0.061172011562462845,1.3180243004515333,407.4428490615308,370.01711324948076,335.2851665983928,826,2
0.1392439846307889,1.37,-0.03807444740499682,1.6541833883366017,413.57473071781794,411.56890639592535,405.6119979169064,827,2
0.14149214397499468,1.292,-0.004010183036345901,1.3526310858658794,453.4850621209889,386.15302018002365,368.21924596355507,828,2
0.1454615141527455,1.5070000000000001,-0.033342191609270086,1.4379920350952462,429.4299988718099,396.815548049736,392.9421623027873,829,2
0.14226609709559232,1.304,-0.05290893641618421,1.4857916003122567,399.9673120959726,377.83602148539677,360.79186754396125,830,2
0.14848516833288014,1.3639999999999999,-0.09141194306664534,1.621274429280505,439.10458346957085,400.66054094655726,390.53613058033824,831,2
0.14734120640036724,1.3940000000000001,-0.02954171247899817,1.7901524761320937,509.88220135383705,507.6356975392636,414.8804750028277,832,2
0.1502073183189238,1.391,-0.026767457691751137,1.604501405928648,440.54689526671586,395.5852231542871,393.56254601641837,833,2
0.1523604708772505,1.44,-0.03303145187063688,1.8112709395100914,429.7128565656594,424.5910142342602,403.071411231358,834,2
0.15797473112440522,1.5550000000000002,-0.03160336383365271,1.7398433612694584,495.41444667261567,465.94090648103816,403.4237719422323,835,2
0.1564260849997831,1.56,-0.06023166377335759,2.043003855422814,501.6277589821715,486.53089301365145,426.03146551960924,836,2
0.15855086181175426,1.514,-0.05049292633003828,1.7222144144207405,464.7080513404961,430.30030763432893,428.4038536248651,837,2
0.16185369038067607,1.4140000000000001,-0.06075600467396176,1.6780698803653467,516.8003157135516,473.3150498338193,450.9594886866024,838,2
0.16324842971583983,1.584,-0.03924922652070763,2.0147890195042253,501.50756988889253,456.1948945728763,447.07267722479173,839,2
0.16117788570347902,1.673,-0.0595620674362826,1.7975665514054597,443.01190897359106,442.99214148753555,414.64374339811906,840,2
0.16386026151185765,1.4969999999999999,-0.05274738790808231,1.9389616056842724,450.7208145487284,432.9315234905715,432.4900637248393,841,2
0.1641407356615524,1.487,-0.07858510973253754,1.7150538029522133,490.3610810064784,469.76614548107045,436.516751748704,842,2
0.16522868178726188,1.5350000000000001,-0.07342365663585557,1.9828216546950355,432.74384389419976,423.4107907395206,388.89775744106095,843,2
0.16665703036921176,1.724,-0.037869769467666896,2.070871004476122,573.0466539772544,533.2356916276445,442.1909556931052,844,2
0.1676587770662298,1.604,-0.05119790670309508,2.1819720509307796,511.7566715776547,506.5828936133588,468.25776543015087,845,2
0.16649171030297388,1.682,-0.01854510325282202,2.246652075464767,486.39129566223795,438.1183543734946,410.7296637078392,846,2
0.16421813585161088,1.572,-0.07262711095512056,2.048758309317642,462.9768169281854,448.8809383037338,440.77295012292365,847,2
0.1702835500051128,1.516,-0.08757315432309917,1.7639682780390604,495.05688937018414,480.69954552502855,460.74957269418604,848,2
0.1736250683382695,1.694,-0.028579715925904556,1.9486580019141293,538.8800975642204,496.6426069973633,353.993278885844,849,2
0.17298654888097514,1.499,-0.0979647691110277,1.8538147939928216,601.0010493228906,551.579209673393,533.8138771209195,850,2
0.173294136130417,1.665,-0.0940932488269641,1.9501769099867907,495.53584846270616,449.21871706029845,432.23410672828885,851,2
0.1684884876155768,1.591,-0.09955168912419246,1.923412204252612,489.04583118179903,471.1177507131455,439.63142797223884,852,2
0.16292540036465886,1.48,-0.08995591302376339,1.854188484898926,604.782249806237,486.1795997638995,446.73493926693897,853,2
0.16105745377960237,1.404,-0.11141272280160232,1.866960290933977,502.93214663281,445.00657089820464,412.28612649297946,854,2
0.1632516828791992,1.509,-0.1450994003320891,1.8855745636299526,551.335013094586,510.8636339979771,460.7715788700264,855,2
0.16558045303048682,1.506,-0.10218524889225876,2.042238958693522,492.19227984705236,467.10301950342216,413.03853493901624,856,2
0.17137651092286174,1.558,-0.08938233767076162,1.9705789740506274,530.5670066599042,485.2916820859124,448.5100305445366,857,2
0.1615881583228061,1.5259999999999998,-0.17044503912979747,1.6569415578388575,455.7390580911619,402.47204784749647,389.3321751029556,858,2
0.1604859989512325,1.557,-0.10380837841557744,1.9853903021851318,531.116069733232,423.4464341605114,383.0079429688644,859,2
0.16264127827950267,1.5550000000000002,-0.15033206491660875,1.7371857208364938,574.0067076579301,469.2796470348827,451.2173132784636,860,2
0.159670972878849,1.587,-0.22381391663019728,1.9300105775150938,556.7230711123243,449.17673523328017,439.7246409186471,861,2
0.16523961989311728,1.506,-0.16735594954092947,1.6979109469031757,509.4998760288728,439.6917406214501,415.2395311029779,862,2
0.16352310019344363,1.478,-0.16869093418968822,1.7972944059008533,527.4716804341475,451.56779890549956,418.1070382336263,863,2
0.16181308058026397,1.447,-0.15425541434590959,1.86228053024346,549.7575837537231,442.3154448254412,440.5540010193721,864,2
0.16014388473606908,1.5990000000000002,-0.11947506358560156,1.8024402637382293,529.5307847556226,473.9092464733638,426.35243615978897,865,2
0.15362154742738524,1.553,-0.2460716480050523,1.9897856647817393,420.17772757953736,398.22550753578975,381.1237896727755,866,2
0.1511838291462169,1.521,-0.2504137519454045,1.9097440860459338,442.9196589509595,440.1515302734548,432.4681991173584,867,2
0.14981626670535897,1.591,-0.20060921080611888,2.010027807180684,494.8779697762586,422.1576287082546,371.50615786770385,868,2
0.149335195075646,1.6429999999999998,-0.22664285420487984,1.8515875312725703,458.3732941538822,366.7554311222874,358.6078247881922,869,2
0.1498185816975818,1.572,-0.22176533434565227,1.824710659518746,435.2080583824611,419.4877797574975,391.56056787358216,870,2
0.149862981364958,1.572,-0.1816334420582538,2.1437787973431313,503.44124765098024,370.5601749015408,369.1218867640895,871,2
0.16718367533592543,1.689,-0.25217780349263674,2.348869356891682,578.3974585266376,429.2687702312765,419.4242861194308,872,2
0.16999917035068693,1.724,-0.2761867034088642,2.207939092072202,495.40154349863445,471.9116986595841,440.19348292417686,873,2
0.16036722810961876,1.7970000000000002,-0.31137237028976983,2.159949000136547,439.3227932843467,405.8368336688149,388.78014189280526,874,2
0.1594284300757122,1.668,-0.2831181648361705,2.3122078844081724,517.8273804147258,424.7667237032334,370.63691791503317,875,2
0.15939881317194618,1.624,-0.22602988829770954,1.9357105328770965,439.83972137263646,411.74788675986474,405.30800696455333,876,2
0.15437217640383338,1.5699999999999998,-0.21668729933862088,2.0163595484224386,451.7411953759307,435.98563234925444,434.210387816674,877,2
0.150218535631478,1.499,-0.2370123538629667,1.9590216132875486,446.0178991652467,431.18007556616084,404.3751449731576,878,2
0.1537879396152174,1.7349999999999999,-0.21851439279646662,2.3246693265761564,428.7706965016093,395.6213996994561,381.63763863596733,879,2
0.15559491551581947,1.584,-0.21989770583782894,2.1431939239028583,444.35569845882355,416.3202354383507,391.7818466892718,880,2
0.15190021604581616,1.714,-0.2739881794386948,2.4133470314032275,455.2899807521094,374.7068843312271,339.50616268014994,881,2
0.1502383227185436,1.565,-0.26401414668564394,2.702736207714878,406.33682142137957,394.9113574858331,340.0567014872462,882,2
0.15197789499268058,1.558,-0.25275323189338067,2.34280981199709,403.81310028897855,389.70861260870447,371.27072663239477,883,2
0.15546296424535694,1.795,-0.28264150450619513,2.4550896454244606,397.12702332412516,352.85803663644384,332.7712466279684,884,2
0.15592530873561505,1.5030000000000001,-0.23518452245318444,2.241556979939597,457.0430384071839,388.291188531328,359.8037805144971,885,2
0.15534268396963735,1.8279999999999998,-0.1282857090451546,2.617530006241532,427.16030557435926,423.9693185325545,382.5410485663474,886,2
0.154439128886594,1.684,-0.1713738248327954,2.784423139432196,419.26254059775965,376.4167731075784,343.3140140949755,887,2
0.1553537588243663,1.643,-0.287457059479743,2.6161640824110908,446.1512210622029,415.75896146986776,360.5644868968295,888,2
0.1636656377093154,1.763,-0.25568320772886743,2.8264607572837583,436.3414429309761,407.973979037722,361.141742984985,889,2
0.1562463933958757,1.787,-0.27709477937801924,2.986025426473298,499.852223768256,404.29997621763084,378.1316632423543,890,2
0.145387459832554,1.609,-0.2866468302396829,2.500774861310396,366.7753590436491,364.22026828244714,345.8119014192152,891,2
0.13575110964383036,1.462,-0.25509577189751437,1.8574887282894066,433.42828286264887,378.61064722148296,271.9397918770056,892,2
0.1319658662069476,1.411,-0.18389400944522824,1.7284183537364104,441.50059940915907,381.436036708838,343.000774129991,893,2
0.12557964588633583,1.2229999999999999,-0.18909650772489328,1.1700207117382755,412.34682955937586,399.4596882415422,262.9730023241019,894,2
0.12250529265511603,1.291,-0.13343571797490406,0.7577765261606118,389.30225305620206,371.15708302820616,301.16944106981236,895,2
0.12193231444797815,1.123,-0.121242595234968,0.8535628017026937,367.0130605135862,351.54241130656715,287.9827252407283,896,2
0.11888064914120539,1.115,-0.06286489926381512,0.7442252875255817,417.42207443632105,292.40614389663756,280.8151550068227,897,2
0.12123167830323371,1.123,0.003463515632158831,0.7446591645433762,451.4344276594858,412.94187364849336,311.49329899268815,898,2
0.12019822474738083,1.194,0.01513756480063032,0.6216526602009447,460.1606670496889,400.03908835026334,358.8849922314311,899,2
0.12071113848803731,1.184,-0.03814794116918126,0.6546762590964952,437.8577973260487,424.4973372162221,291.3589076457441,900,2
0.12601823908478982,1.13,-0.009077999061364148,0.6512671864651218,442.54976491669066,427.8393908762167,306.80100330097395,901,2
0.12889697940148995,1.2970000000000002,-0.029184222216056457,0.7079267107692915,477.8604966045182,361.43297763803884,340.43337863520765,902,2
0.14386658265043908,1.3479999999999999,-0.05088961815698417,0.8912405209916168,500.96290491391363,397.10057383297647,395.82210590246774,903,2
0.1530643899497957,1.294,-0.11228253694829997,0.9429930692778719,500.31678733653285,419.0055428851658,410.054173366218,904,2
0.16624198964489614,1.611,-0.15382400122219916,1.348028731376786,447.0543448736433,433.3087501865618,428.9058752028855,905,2
0.17545500989725793,1.48,-0.19583726371785393,1.1832916895998524,584.3318349233897,527.5060100542097,461.8337041316235,906,2
0.18285186194832348,1.78,-0.14749939922174418,1.3856624860573907,523.5267882674193,513.7376720309401,503.93308055685713,907,2
0.18304781036359397,1.47,-0.18561212556744408,1.2336770503160857,600.0281866908742,588.3128243214843,540.6694525200037,908,2
0.18434091303017047,1.5030000000000001,-0.19073549251913133,1.303366189780892,645.7483460640144,535.4658513461877,493.5867420989097,909,2
0.1736957100996776,1.4969999999999999,-0.12467586737654203,1.0203749635404193,661.6159554515049,558.9064545776145,550.8993055911502,910,2
0.16510211595072383,1.396,-0.20196699953615704,1.0672685550580807,549.8954987336756,541.7362625291879,504.7841149846436,911,2
0.17317741069831213,1.492,-0.22195755048521906,1.1461974529698713,557.0032750706156,545.2850335723239,497.6191080915255,912,2
0.17769195249213945,1.6920000000000002,-0.28177753434665664,1.3526061061171655,600.055870837919,504.01032087746887,492.7047198079632,913,2
0.1765543943106221,1.552,-0.26450341831244795,1.339958487414516,626.500348648306,547.2528833506268,514.3916802907784,914,2
0.19303768417012682,1.772,-0.3603035922234346,1.8300563614320229,652.7965992045428,562.1561952554257,467.85305504705633,915,2
0.17691763882590783,1.385,-0.33931542727237324,1.3679778747043585,568.3519467917768,521.1005824841195,461.7391642191962,916,2
0.17101502598113455,1.5950000000000002,-0.3344773035146301,1.6965917277658908,551.172134642178,457.94348585851463,457.7043601236138,917,2
0.17515580745372283,1.6360000000000001,-0.32924695247123387,1.7447864206890555,586.7399207380063,511.54255993903877,443.3425497006749,918,2
0.16993852734495457,1.8330000000000002,-0.4507716038414758,2.255060008475887,562.7030782951044,468.92366349721203,445.5165410493171,919,2
0.17552127358377032,1.746,-0.48571587276365985,2.0630298792829596,536.4810345126402,471.6989573398379,422.43352943284,920,2
0.16959605990457519,1.621,-0.4971611916160735,2.1145702826278567,552.7675954162354,517.36751698225,404.9182329946884,921,2
0.18459811645737173,1.762,-0.5200580426597082,2.4108261616448203,565.4367810594555,506.1073566617336,449.39579131578665,922,2
0.17965330544203745,1.8090000000000002,-0.4343205614019899,2.0081460484581894,718.1665025934446,637.8190756730993,479.08398303836435,923,2
0.17156891922189388,1.7429999999999999,-0.2936082830587539,1.3135115993832214,697.9907984854384,649.8417377324037,485.20970213877774,924,2
0.1692448004821252,1.658,-0.17673628278770234,1.0764268059592403,625.2716007705511,613.7972087105578,484.2839897616956,925,2
0.1579695922949849,1.4020000000000001,-0.08883777360299291,0.7112063302087437,728.8192461898877,650.9051350459532,494.19414222363525,926,2
0.1509290111484535,1.3599999999999999,0.006866219032791514,0.8786514148313493,718.5444593662785,511.48383157539615,451.6999792680557,927,2
0.1583352741280449,1.343,0.07674579637395854,0.5093037113259804,724.3107788603659,656.8923489267667,498.39458165456205,928,2
0.1705056983331129,1.4089999999999998,0.0681160814807222,0.35985567966639387,611.6514359002344,510.64680073465735,493.51600572741864,929,2
0.1677026281379484,1.35,-0.00043182890767171235,0.3978019425418906,592.9441379870699,571.4276682029864,530.4536593686244,930,2
0.17962051482417907,1.674,0.002574150153878606,0.5302426757931609,707.5703613993988,646.4262348203195,617.6743839015685,931,2
0.19204555988179603,1.782,-0.005629730073812608,0.7571049470480631,659.9894565036383,651.577152133055,639.3445391722994,932,2
0.19999621285476882,1.701,-0.039248121923738874,0.8609358829813223,818.0216590015647,730.7265976886678,515.201913579707,933,2
0.22445728524686076,1.9939999999999998,-0.10669167686950069,1.4313680652798766,765.3942228907466,633.7132184848595,628.3941010611233,934,2
0.26592951772685464,2.38,-0.11125421976237997,2.188355898835968,1016.9516785640221,989.839554664002,805.4238227214568,935,2
0.2011581127574153,2.033,-0.16298525492234306,1.8162248042569438,669.5072185807584,667.8511743330438,598.2046839183115,936,2
0.19690958785954438,1.865,-0.1359941753525065,1.4284091908193126,572.3290446268406,562.3539607636101,479.0732721038859,937,2
0.19559759904444923,1.787,-0.12753183836464382,1.1907125645598278,654.2349147811026,573.9123789189962,560.4783362923107,938,2
0.16647280153930175,1.433,-0.04484150656569219,0.7069339010890476,554.7838891601001,526.0701989704535,524.0581491729857,939,2
0.16240046470838684,1.4820000000000002,-0.024820652209428296,0.8365146408675299,622.3071342712894,614.8983258718127,607.4696245939459,940,2
0.17006932323917578,1.541,-0.045512576086378695,0.8079763666608204,652.4833370410495,650.0213132627747,618.6831355204447,941,2
0.16308295465086547,1.416,0.11723719608632363,0.23859552164660602,680.7219751425989,606.5830889708358,605.0253276919685,942,2
0.19798816462121702,1.6429999999999998,-0.004004138534845938,0.6918752464391407,627.4508508240614,597.3368377797034,516.4078694421788,943,2
0.18847632684570761,1.589,-0.05403764290827315,0.6431576445294054,671.3535165756592,632.4269312157838,623.1980779410299,944,2
0.21543727935965637,2.073,-0.0800775765003318,1.4587115959458021,797.0938493831712,696.6279885691504,655.2214312547786,945,2
0.18385103886621773,1.7309999999999999,-0.14667225229555692,0.8855776669293616,599.6380063058967,587.765877819585,586.6278250713403,946,2
0.16387582177044147,1.4209999999999998,0.12061113156540051,0.26447976532175055,617.562006068502,568.104988427046,560.2222728256488,947,2
0.1583213382414958,1.343,0.05399367339447683,0.3269080575747445,557.4503275539531,521.4632558414353,446.00809824339575,948,2
0.16120348893169156,1.362,-0.25055731948641874,0.5962783117213486,609.7389932724437,572.6724726119598,495.2899595116139,949,2
0.18293621668494187,1.5870000000000002,-0.423249668139527,0.9118408191974585,636.8679383918478,626.6348584468896,566.709892746,950,2
0.21442471646991426,1.992,-0.2926748782430145,1.374046176080066,613.8587354558564,598.4300904525726,578.3078517238937,951,2
0.23728752594838,2.377,-0.17984195166781014,1.2521377158068718,696.0646414783956,676.3791752582417,597.5651153400837,952,2
0.198759839575617,1.452,-0.19093677965180297,0.3930067403957853,638.8087029673342,616.810935997933,546.4775016665183,953,2
0.2361434556379342,1.799,-0.193195510826585,0.61247518463085,895.0693617617708,692.9731502208986,673.1132266262902,954,2
0.20298839432938495,1.587,-0.22013436599357838,0.5611380194014512,654.0314027661799,605.2345939143928,594.2937271532888,955,2
0.2210419021583139,1.814,-0.11280704661740536,0.4655669752736675,575.7559466150816,553.2909043787273,491.012199236639,956,2
0.20722116595824314,1.489,-0.1609940615000826,0.16874461540068708,622.8560185173424,587.1850015990937,468.31145372724467,957,2
0.2615312065920325,2.058,-0.10261151291043294,0.819911092895623,943.5275249015796,725.5557070264886,687.9230549754528,958,2
0.201622636741226,1.538,-0.2648368710711501,0.5009320077403618,555.0926971824489,511.8739062928127,460.2129886020422,959,2
0.22289943638384188,1.9529999999999998,-0.041422024337299315,0.5709460275133069,872.9642823331501,687.6718291734487,610.19603273262,960,2
0.25924244834032173,2.368,-0.0859534587024062,0.16828137278919542,900.2517556136069,591.6594224031455,581.5395633941133,961,2
0.2316656449388253,1.948,0.019681875412551987,0.29309618288558514,928.9295495368954,728.8676228487878,522.5604539361173,962,2
0.23457642022127487,1.9949999999999999,0.0897884369818921,0.4463146708758159,712.396476319754,640.2401098954828,579.4333242107157,963,2
0.24749721490699397,1.936,0.11966536501132335,0.16235307119876907,565.8133618193821,552.9100432938382,512.3953953378768,964,2
0.2971881006007338,2.271,-0.16700413678198534,0.4668719209344361,873.5931659399614,806.919286054953,659.9880402841605,965,2
0.29165111235496877,2.192,-0.027166748499064735,0.1737045854862589,738.4369636325904,732.474708072343,728.3717185033147,966,2
0.3437355161721363,2.385,-0.06269775323698135,-0.26454133607088526,1213.728516261956,967.14335266047,875.2928631619594,967,2
0.3148111378891517,2.1109999999999998,0.007877226991928069,-0.2588740512312384,1102.7143473389883,864.5193637402186,817.6891835609536,968,2
0.3257155681690027,3.9399999999999995,-0.12227076376189232,1.5961439154093569,813.9657957815552,726.6216297287841,706.7184092884161,969,2
0.35309010723627615,4.556,-0.2796229613719415,2.237254730225877,828.559569376199,734.9996370499651,720.3136392381366,970,2
0.429678447916015,6.609,-0.08938739103100903,6.0228666429516124,1096.0341992980536,1041.0286189118606,827.0528959686969,971,2
0.41556983063121816,4.8,-0.06558850742323999,2.7108349028301957,1259.4618144954284,1066.6619708934572,863.2398220353249,972,2
0.371681086587619,6.689,-0.07200691628600867,8.787364732416314,625.4764112926908,609.2437653585232,585.6870943247171,973,2
0.4476727901067398,5.193,-0.468654951277646,3.161553346450284,1792.815687296736,1122.9096156775029,1067.9049259337796,974,2
0.6721374879698163,9.998000000000001,-0.7660666557271535,14.110009232265163,1499.4406981622017,1454.9035153954042,1306.5388136636818,975,2
0.530956128967989,8.347000000000001,-0.41644583164593313,9.796460845214702,1364.842335562862,1227.8475975304939,1115.9392078071194,976,2
0.4459182473835416,5.869,-0.15931173192677572,1.624277812551865,1215.8303397139143,1145.2768634177223,930.6295853724342,977,2
0.38697483181595205,3.894,-0.12403412787470645,0.46885747700291747,942.8237300047973,922.8324054632977,799.8547893702997,978,2
0.7250014697250727,9.998000000000001,-0.5105564427793186,12.577704574521317,1815.984142689867,1385.3215703521255,1187.3269615081701,979,2
0.46201166565273954,5.569,-0.32536787356720204,3.759971680444238,1354.2671433557066,1242.1264012013385,1039.2829468729317,980,2
0.4838353953514789,7.197,-0.377095385435107,4.891755233183494,1005.8784785377512,930.2170854948978,895.5712492629423,981,2
0.002103011233921493,0.005,0.5796982508442853,3.637512638586312,5.769847509523692,3.9231141373513747,2.3068500956049607,982,2
0.001532732063383878,0.007,0.3170322768004385,-1.609774035467149,8.418504438290233,6.10507323492666,2.066718410587101,983,2
