rms,kurtosis,peak,crest_factor,shape_factor,m_0,m_1,m_2,m_3,m_4,m_5,m_6,m_7,m_8,m_9,m_10,m_11,m_12,m_13,m_14,m_15,m_16,m_17,m_18,m_19,m_20,m_21,m_22,m_23,m_24,m_25,m_26,m_27,m_28,m_29,m_30,m_31,m_32,m_33,m_34,m_35,m_36,m_37,m_38,m_39,m_40,m_41,m_42,m_43,m_44,m_45,m_46,m_47,m_48,m_49,spec_mean,spec_std,spec_centroid,set_id
-0.546210387,0.20152869470734067,-0.146465394,1.1841689875313588,0.610473458,0.40192633994270943,0.30740046209709604,-0.301528896,-0.415292261,-0.404511938,-0.217124522,-0.073257547,-0.150572301,-0.121059831,0.010971455906148536,0.19457619212498375,-0.154792365,-0.172384026,-0.190637007,-0.021551158,0.1446302566332907,-0.406800992,-0.552612408,-0.46086342,-0.510688051,-0.334972805,-0.248356044,-0.142965312,-0.03247015,-0.055373764,-0.066112278,-0.008221833,0.067113773,0.056698079,-0.047899034,-0.063364614,-0.044849076,0.034041311860202886,0.053765948891784335,0.1416438858486477,0.25750828328030495,0.20236562373087918,0.3195187705648653,0.4289402822352101,0.4931647357376936,0.21560457426729107,-0.354784459,-0.285602158,-0.164003701,-0.39548256,-0.373111163,-0.686553846,-0.698819088,-0.52790872,-0.4213589,-0.388115185,-0.551188318,1.5920020436753741,2
-0.510028359,0.2665555417690828,-0.578556231,-0.138150945,0.7964851896512125,-0.480244975,0.4896794652007836,0.5131914073751773,0.1093102686718934,-0.206126414,-0.394558252,-0.754539679,-0.633533511,-0.766250196,-0.676626437,-0.672989722,-0.645960106,-0.754056328,-0.625498593,-0.46531857,-0.370763239,-0.151599364,-0.238836435,-0.066989586,-0.127263667,-0.211314519,-0.128076929,0.00631129,0.063110079,0.18056297740286398,-0.045179557,0.049838831,0.029882272,0.019439036,0.096363607,0.044746555,0.10727534237938052,0.20592314779091891,0.3141912687873553,0.21014152023454513,0.1844548371104632,0.2104876562866849,0.2755849319308691,0.39482442569274656,0.41200128441720396,0.41644219591235104,0.47252773783501245,0.49678414242451013,0.641346458,0.5754588722855828,0.6927134042696323,0.5955403279508579,0.7888542093985472,1.0019013243242862,0.35650983784395673,-0.100977663,-0.585935068,2.514276689381431,2
-0.484553728,-0.182361283,0.1743293182096562,1.8338055810872154,0.42073906340833017,-0.696965754,0.22852253,0.15487811310504612,0.6037392213477873,-0.434512028,-0.252996615,-0.430011451,-0.373097512,-0.532089039,-0.385672274,-0.342390831,-0.631810409,-0.459294192,-0.285067627,-0.622849088,-0.514704174,-0.474261259,-0.242857476,-0.0708255,0.0535003,0.13736435355536186,0.2874862091728537,0.2766223040481653,0.20410867622811835,0.21461115134527664,0.11061513934887031,0.17544117556566305,0.052733108,0.090882492,0.19814954,0.19898861665354747,0.2136569530203186,0.24010389783723646,0.3447502132193858,0.33539020644022444,0.38257943194103783,0.4655281256328886,0.4948309443539842,0.36948376351056483,0.37504348211417315,0.13452284545026638,-0.042015388,0.1009279250915958,-0.091393558,-0.329361011,-0.20970732,-0.714528853,-0.689865704,-0.664719749,-0.533580107,-0.119618203,-0.559298698,1.1971552980361226,2
-0.409574432,1.9636543491340979,0.8617465586703614,3.361964913914909,0.8971513463450423,-0.543632521,0.18534148714366194,-0.063757945,0.15426362914438294,-0.707652688,-0.519710901,-0.342785107,-0.277057575,-0.170714573,0.001474679,0.14331054546247496,0.3859078071549586,0.33647528581849684,0.556659386,0.37520227401333855,0.5693427757122582,0.43561762633590395,0.4010102365909327,0.2856710778317928,0.2182284284130673,0.26952655983177104,0.3914070243553878,0.4020640032252005,0.4316278240727105,0.5429453575371285,0.5653417779572062,0.5617599430791373,0.6158897469058322,0.5946499962778773,0.5362501823489277,0.4654148366873341,0.5166998972135264,0.5309138474687349,0.39636633057190557,0.042665005,0.076236676,0.12051966323618472,0.18214717797821056,0.2902013463553294,0.4077197968383984,0.4677659451968251,0.6118721513460413,0.28304819512206914,0.43403067392473904,0.508770043,0.6237595136269303,0.4496152837669641,0.553403263,0.324403379,0.34887307410813906,0.066851369,-0.523767674,0.5250602569099769,2
-0.417072205,0.11633200381147772,-0.558915738,-0.361737559,0.8317736811795446,-0.940728711,-0.139827519,0.11179443017282441,0.5689940208006878,-0.163870207,-0.372175815,-0.307408545,-0.131588409,-0.132731164,-0.19803079,-0.284926888,-0.091468616,-0.118801979,0.086506964,0.013241853875447894,-0.371972595,-0.150545364,-0.073887147,0.002111176,-0.040343112,0.11438776395333372,0.237354409,0.2521662749203887,-0.089940058,0.018097589,0.059010092151305905,-0.010057678,-0.180886781,-0.162220693,-0.112499708,-0.0283151,0.00100462,0.097609152,0.17910991628966988,0.191189883,0.22121819023205658,0.3363297061813365,0.3468318827715542,0.317253578,0.3328825191722288,0.4670183653975216,0.5322822498308324,0.5995790849657364,0.7477938622537509,0.8646100990464299,1.0553872217594298,0.7224001976416571,0.7834064582245678,0.7680188287825698,0.7872101783749231,0.003075845,-0.519413323,0.9788398695671741,2
-0.421872091,-0.373433919,-0.244667857,0.48480930267470007,0.5575449111518322,-1.264814245,-0.090457153,0.057141154593861626,-0.249231857,0.009638064,-0.247793377,-0.045472677,-0.339877361,-0.180015329,-0.107743307,-0.066555301,-0.241906558,-0.018190851,0.12672566758975182,0.33071639220296006,-0.133062362,-0.316867785,-0.154009197,0.052457963,0.025092502,0.17670883705131435,-0.108345342,-0.00880579,0.06646629,0.11512559237270673,0.1629814045938937,0.22367175247157256,0.17308389627335294,0.16537022188133096,0.2221815665465133,0.020178856,0.046391826,-0.091919562,-0.032698221,0.007410456,0.027504459983149116,0.11689975004353184,0.056976513,0.11940748504428154,0.22646813539149377,0.3540071017841449,0.32175785809089585,-0.015412324,-0.010329385,0.078534427,0.21681710299536505,0.2982938219729209,0.37711737684936575,0.47360920412948904,0.6671270067661784,-0.003553809,-0.523165471,0.3052008882031742,2
-0.412317357,-0.298441101,-0.447619614,-0.081614126,0.5417515831639793,0.4627388420343775,-0.055504544,-0.212959558,-0.201773755,-0.107246462,0.12741071319986902,0.3205246264364256,0.18372488148865437,0.22154935891946237,0.21308070611280672,0.38054700397757296,0.3969029362562432,0.6340353647316589,0.799966306,0.5449684892330311,-0.078254557,-0.550631033,-0.438621234,-0.248808996,-0.312580888,-0.308392159,-0.158195367,-0.173125901,-0.040192575,-0.075001307,0.036242408,-0.144382736,-0.113472865,-0.074652663,0.022495140206686238,0.1267376884390146,0.17571752932153253,0.14693366871254535,0.16757925130056034,0.253772587,0.1680755242868045,0.1985373047881283,0.3121597558609311,0.413013657,0.45882783401454336,0.41006520246449396,0.5106669886655706,0.5475101341478887,0.49511200163552227,0.6240110490985773,0.4693587321862323,0.37733744168381966,0.4077674609006083,0.5793486442039699,0.6306919789180043,-0.080902018,-0.501504207,0.8294164178647848,2
-0.438160164,-0.320526426,-0.401791798,0.11858930217578241,0.5642375518782928,-0.168599624,-0.572393817,0.4624225165916128,0.4394314721449746,-0.546519561,-0.368622481,-0.211668439,-0.134873719,0.035355688352230394,-0.423379178,-0.327213269,-0.207535723,-0.160598485,0.06484774,-0.080865695,-0.059516412,0.074714544,0.28354231357719195,0.4732287687971768,0.3381474491817078,0.5114506186018604,0.2808019314957609,0.3787194562683262,0.37822533539028175,0.4966626166034668,0.3768254445763401,0.27804023548642026,0.19539758729896325,0.186971164,0.1981683551077757,0.08243052,0.039438708,0.13921377292206272,0.24738402104855023,0.357580451,0.4345811718968479,0.4639155965425594,0.4447760889691603,0.2324644957974873,0.22645684998738508,0.33401029179422115,0.054927537899353056,-0.026044974,0.11538288753673821,0.28144967468365445,0.46170831855998007,0.39553013086083444,0.42207040917781935,0.44784759060639695,0.578146435,-0.144171938,-0.513679837,0.754229267,2
-0.400381922,-0.545185453,-0.591649893,-0.495250316,0.5263730432868077,-0.342397156,-0.068144012,-0.280812962,-0.016549325,0.19447948085471722,-0.244472856,-0.091603241,0.011473503157052865,0.084341431,0.20299439361198812,0.2540708848932949,0.2683594096740163,0.22354450333946604,0.21941719942964477,0.4957799556027696,0.250664506,-0.056253548,0.060612455,0.16848592436032667,0.1400875975087212,0.25424389738709857,0.10260121899192777,0.1677190942941463,0.22210808389190664,0.23324061138833516,0.26157493635346507,0.3362914695945248,0.39435898502943784,0.46478482780154223,0.2578233284503348,0.059506346,0.028250261445470184,0.13160144242625024,-0.020485971,-0.239912107,-0.175572265,-0.080702342,0.007754648,0.1061416589784242,0.2141440092179176,0.15346030806928934,0.181981246,0.18300793161835197,0.323810056,0.15183506145970202,-0.037255645,-0.006363048,0.1703192823787734,0.14880794757614668,-0.822278839,-0.056240952,-0.494805729,0.4118797044726992,2
-0.499953469,-0.809279517,-0.644024539,-0.348540213,0.3828554394526533,-1.15183267,0.017488845021994114,0.7817203467335921,0.32714599382720017,-0.049007168,0.12550312048948276,-0.404985617,-0.258315561,-0.22319501,-0.314558164,-0.265837363,-0.306798107,-0.209886957,-0.336679436,-0.269790327,-0.078991422,0.1576552221806436,-0.545477116,-0.473702033,-0.485825739,-0.653084142,-0.535955623,-0.434024823,-0.406643391,-0.390474254,-0.300229833,-0.390901586,-0.356648327,-0.309012358,-0.278779149,-0.237334104,-0.196374217,-0.142177078,-0.135802098,-0.053770721,-0.043429618,-0.150867073,-0.043301854,-0.171557086,-0.160979335,-0.18663248,-0.203534025,-0.094313759,-0.020181131,0.1104525446529928,0.25165835890788973,0.38879491123495086,0.39350675511668526,0.30281546996217423,-0.311506754,-0.340306924,-0.535906022,-0.129852466,2
-0.394017571,-0.376369817,-0.401791798,-0.015742813,0.5753988142304565,0.04344512,-0.390530392,0.7972340631474116,-0.377447547,-0.182037192,-0.060461777,-0.203530886,-0.037589688,-0.04153127,0.001120838,-0.195939967,-0.40643506,-0.206637404,-0.073834428,-0.108264704,-0.314319477,-0.177863195,-0.051270396,-0.027915003,0.070952748,0.21173532186381422,-0.290938209,-0.157005975,-0.042548358,-0.097207322,0.002401508,0.11810650760792946,0.22116540753574704,0.20467723342101535,0.17354912802510106,0.20522014891578857,0.24222594317057994,0.1119016726709569,0.21214604616587657,0.32408154751172114,0.17838070040577572,0.15122628886718767,0.072052506,0.063327958,0.15533963758443328,0.24568112761042343,0.1465944557347065,0.2917873236962487,0.15402681622174133,0.1460890222846068,0.2043523066302989,0.09738299,0.25147869590569166,0.33736616988631385,0.5236737340416836,-0.095938958,-0.482725678,0.2387154817114538,2
-0.44218804,0.24399243038223617,-0.015528777,1.1635927934745078,0.7482783209095678,-1.468122986,-0.300318963,-0.1028324,-0.00641933,0.013503680928968816,0.094186085,-0.012108376,0.14408812684293978,0.25116557545490736,0.39420578036907206,0.20568306817392867,-0.315655674,-0.132226542,0.074193092,0.29634346054759675,0.5370786510985192,0.5861265793123892,0.7657405913277973,0.72447266,0.1266389095637723,0.083533989,-0.133041261,-0.102754118,0.018861411803937602,-0.167324291,-0.075479613,0.013587872216572223,0.10126403634726526,-0.146153795,-0.160078926,-0.06285192,0.008027315,-0.388550475,-0.296513347,-0.280072886,-0.352654735,-0.267567015,-0.607717489,-0.517922309,-0.436815608,-0.426485928,-0.363288841,-0.531571626,-0.488454472,-0.35042338,-0.258896799,-0.124918213,-0.381095747,-0.201837063,-0.177075051,-0.202234387,-0.507917905,-0.096987238,2
-0.449233093,-0.677674623,-0.499994261,-0.110207611,0.46890170684338056,0.31870955018537805,-0.472776317,-0.057114408,0.4320854119451472,-0.112934115,0.031112330399995183,0.2321884041249566,0.10002337850030675,-0.653001068,-0.566812164,-0.441460154,-0.289470073,-0.225992925,-0.025420237,0.047922919,-0.363333263,-0.194246902,0.046336931693676815,0.017097721405419777,0.081792952,-0.424429452,-0.435220874,-0.309128092,-0.189530267,-0.332505364,-0.423209321,-0.525461032,-0.596126528,-0.664762276,-0.612616276,-0.565877354,-0.527281893,-0.50931585,-0.463257615,-0.409513871,-0.361379057,-0.351769792,-0.250519217,-0.161736608,-0.102896091,-0.07034364,-0.084759804,-0.017492719,0.10737924330922993,0.25248683340557243,0.4254082406752024,0.5565496213832064,0.416402869,0.32611398262121494,0.3921082950120871,-0.254416749,-0.504973967,0.6035437681530701,2
-0.375269876,0.099936557,-0.290495673,0.2179065848605186,0.7346543879577662,-1.331322311,-0.527628357,-0.318983566,-0.194712623,-0.031665989,-0.011479996,0.012801066359951041,-0.098662428,-0.282012241,-0.181587889,-0.075113616,0.14571320237536828,0.20628482387924268,0.41511398276643635,0.5916530665916012,0.2823549672719344,0.086754409,0.086616308,0.1292961026481206,0.3175280346295363,0.35043749778567523,0.23629409877964153,0.23375362528877044,0.28325685276851464,0.2548923915337427,0.3565755582169594,0.36655334179711124,0.21918789667111344,0.3109936479641192,0.3535248161888289,0.24357018400723843,0.13160025286607338,0.1908099429174288,0.2578477860611025,0.3621834847425832,0.44195858887755196,0.5494121816868858,0.44168986777918345,0.4732564364944232,0.43175881672949507,0.48909516202149717,0.1484971442567743,0.219612523,0.3599083020283181,0.5243831924102238,0.6916591750570027,0.7772646458914237,0.6427981902175128,0.7585351436572878,0.806057208,-0.013853293,-0.480007432,0.12801104920150763,2
-0.394743221,-0.057042068,-0.355963982,0.10648411739950636,0.5809664316665991,-0.880827751,-0.271371087,0.25359405670565804,0.7203206569231272,0.40332584812130007,0.43104457416101677,-0.243312045,-0.135072844,0.055345304,-0.096394419,0.023989993833725597,-0.239548521,-0.179607358,0.038220272,0.070172821,0.10866133118708163,-0.06814399,-0.441159382,-0.240210925,-0.263676986,-0.263863167,-0.349064337,-0.2576942,-0.159311722,-0.141218186,-0.021746564,0.077730934,0.14044072330929577,0.12488643572286989,0.16786985671842428,-0.07994561,-0.228427018,-0.144784181,-0.050055682,0.04223781,0.12372755111919946,0.13442549390945407,0.2329324898472206,0.19128077156344314,0.266330013,0.34515198333814723,0.4616932492592735,0.5548869384097435,0.6457567204215651,0.7026258048756856,0.8973279473758131,0.9474367176259373,0.9328952185635158,0.9141736375528835,1.040206425822672,-0.096434644,-0.482879717,0.30595496324728233,2
-0.411435429,-0.05057781,-0.689852356,-0.723319123,0.7537232635844651,0.45090660031986557,-0.386282219,1.2350906737822502,0.5262086613785746,-0.482311988,-0.273469722,-0.192999589,-0.0476956,-0.243803624,-0.163876996,-0.21078706,-0.106917825,-0.266722532,-0.263962039,-0.143632852,0.030774410893101883,-0.090388699,0.14863179574056018,0.3242982835894084,-0.013764871,-0.449513268,-0.39427925,-0.264401544,-0.300265642,-0.183945972,-0.065434701,-0.179734371,-0.145142335,-0.197527259,-0.141527016,-0.081672546,-0.152544842,-0.058172439,-0.116228382,-0.063442029,0.005053743,0.078103671,0.029622264636144608,0.085957429,0.21194321997723367,-0.108997857,-0.042364781,0.1041962404044644,0.15661135428165757,-0.014165143,0.11007510498622398,0.16688160555443302,0.20963055864429275,0.14593782416748916,0.016430382,-0.084779475,-0.500097911,0.3936838118929514,2
-0.417700776,-0.293942056,-0.244667857,0.47134037275598256,0.491179853,0.33598723792147694,0.033604993037987765,-0.027550417,0.38035406967284696,0.1658381786129393,0.33559282698573695,0.5294208677113291,-0.116803962,-0.030876809,-0.4257178,-0.352102249,-0.56129895,-0.507200743,-0.292075031,-0.217919785,0.021275720291945553,0.006624108,0.17464305399394797,-0.248719004,-0.307215384,-0.509750205,-0.366725752,-0.272456558,-0.145773599,-0.053388428,-0.091971708,0.021065822652791916,0.038023629,0.10425906100385642,0.1308504743903545,0.11011412325173986,0.045261145839820986,-0.008906157,0.095656724,0.031817999778921816,0.080107372,0.062880879,0.013994258908856421,-0.036996727,0.011294050009896426,0.1252748359082225,0.1021410665408647,0.24965722492023806,0.27315722965796857,0.2947728508656375,0.17156075035286808,-0.166149178,-0.035080326,-0.371077028,-0.587848548,-0.170621272,-0.491236918,-0.240908285,2
-0.442673109,-0.401220685,-0.211933703,0.6402112690725394,0.48094551791415957,-0.188702248,-0.306626984,-0.595901603,-0.438870324,-0.231219825,-0.156349989,-0.039788484,0.010276378492357522,0.11320644158310302,-0.064281655,-0.071818904,0.1270341930306519,0.2295759944022989,-0.105393842,0.093945946,0.23118497129521665,0.054039328,0.2627337706211979,0.15521772514295232,0.034572719792454285,-0.272674367,-0.34246782,-0.374499907,-0.447909802,-0.4052543,-0.483961912,-0.439933495,-0.435195087,-0.41876634,-0.345313856,-0.299047568,-0.276356081,-0.257043463,-0.209416027,-0.109020501,-0.033024967,-0.012719566,0.071763895,0.030627874660182162,0.14612221514379495,0.21151795628550796,0.23426493630465597,0.18966260573606614,0.035009864,0.012233063534905626,0.12125236453777975,0.006795332,-0.005209888,0.17799303817020093,0.25646620535833775,-0.233563156,-0.503164726,-0.623122124,2
-0.436576398,-0.755196024,-0.467260106,-0.06089713,0.43681636924662476,-0.819582244,-0.411514814,0.841961854,0.5016801944199498,0.22787503032873058,0.14262563257645697,0.020109167,-0.387169662,-0.384811339,-0.314993018,-0.179162218,-0.033354628,0.14678332317354964,0.3149135340468595,-0.04472672,0.2004025728530326,-0.19050608,-0.27369651,-0.162181179,-0.046995682,0.020722348240598508,0.12310879217024612,0.26520116512655667,0.004200125,-0.303813445,-0.270067138,-0.367521552,-0.496050594,-0.45109292,-0.404588636,-0.338424716,-0.330326999,-0.271454154,-0.260046735,-0.178327374,-0.115188663,-0.126003257,-0.014081739,0.10591294497690919,0.046602327,-0.228982911,-0.107266825,-0.125715547,-0.233013304,-0.087109852,-0.27075463,-0.60898699,-0.856300602,-0.757298866,-0.989385865,-0.234428881,-0.496850792,-0.703288731,2
-0.403276255,0.093864562,-0.035169269,0.9759432803210163,0.7542340872848563,-0.242200068,-0.163408899,-0.45142339,-0.111760506,-0.160392701,0.059860313016247224,0.19863296866967126,-0.389559299,-0.235230441,-0.289733612,-0.418381967,-0.292865119,-0.109911382,0.004972634,0.054748437,0.18215835162717348,0.40594239068460736,0.4571929238214425,-0.257708312,-0.14380159,-0.086375893,-0.007396759,0.028051181,-0.250543128,-0.146433219,-0.197891001,-0.197469288,-0.139106461,-0.158962534,-0.086768463,-0.057446806,-0.074982547,-0.03863168,-0.014373313,-0.063327161,-0.045930057,0.026446195,0.1159599807423923,-0.03157767,-0.251535599,-0.33509807,-0.26239541,-0.190508867,-0.043492108,-0.16431142,-0.17818253,-0.328490954,-0.184318082,-0.05367828,-0.126544467,-0.079385894,-0.493303377,-0.222378718,2
-0.400408439,-0.205987254,-0.401791798,0.003396539,0.569588997,0.12607787810248078,0.097579923,0.3523190091410889,0.23238196650013934,0.11711270256519604,0.1462062486315043,0.010338966647482005,-0.138868467,-0.061277011,0.063280136,0.24347258922380982,0.502398395,0.085617281,-0.025262696,0.054480105,-0.025680252,0.015356186931137961,-0.368192362,-0.20459693,-0.081630871,-0.06930697,0.006881716,0.09185734,0.2161470980988925,0.24355018973514325,0.24895497744199221,0.26726457086297234,0.1622766171338727,0.22515174598793986,0.2814139778892113,-0.082533909,0.007246106,0.076742412,0.12467653562473269,0.21637978448878453,0.31751562668551486,0.4420352390797645,0.14392529868694856,0.2662499306655784,0.29799526822704475,0.043728781,0.16242110084882488,0.070951686,0.049554944552150704,-0.097069748,-0.018837812,-0.22625085,-0.04442738,-0.151312871,-0.207592089,-0.093534521,-0.488938994,0.4795006937738457,2
-0.390344554,-0.612140417,-0.624384047,-0.60876447,0.4775144170876602,-0.887141215,-0.562932173,1.1581575918298532,2.0944510394701354,-0.080042751,-0.058592469,-0.131707054,-0.046925956,0.059157193094780895,0.18904030424430845,-0.232227208,-0.133203905,-0.427045853,-0.331486595,-0.301391796,-0.156713856,-0.413632673,-0.336525268,-0.318894322,-0.277974458,-0.15348481,-0.017063461,0.077198557,0.02561113,-0.106593617,-0.172670576,-0.183939701,-0.135421667,-0.038230676,0.04702686,0.0676551,0.13422658353668498,0.09376519,0.060794308,0.085037192,0.19114369584755966,-0.024676179,-0.056402479,-0.017024712,-0.149033901,-0.076003651,-0.482716203,-0.73829962,-0.717108707,-0.60683824,-0.594064406,-0.483209472,-0.517828275,-1.100012889,-1.033175472,-0.096944162,-0.479319155,-0.25165616,2
-0.386633474,-0.510361437,-0.866616789,-1.251336925,0.606509544,-0.876960897,-0.118761506,0.8248224698114791,0.30010835133969327,-0.019658408,0.13333372379489183,0.2866697132293994,-0.168438796,-0.139546654,-0.325081539,-0.155937001,-0.15242665,0.059055405,0.29757147277806195,0.5353548034024563,-0.280199374,-0.076441575,0.08123353,0.030803092,0.1987232609335181,0.068057485,0.19051959152861678,-0.130904339,-0.075094832,-0.072033631,0.005703649,0.021844783939760314,-0.038900236,-0.088952377,-0.232311053,-0.144775014,-0.277665599,-0.309491632,-0.3425472,-0.453486184,-0.388659731,-0.315680452,-0.345365789,-0.363365868,-0.295183051,-0.201013736,-0.488965403,-0.436531676,-0.385069529,-0.297719518,-0.131928444,-0.174602041,-0.126331715,-0.235473309,-0.507549176,-0.089868809,-0.477198767,0.041396969235693505,2
-0.378629465,-0.160388501,-0.545822077,-0.43620054,0.6798499659572963,-1.182213375,-0.146213227,-0.196655722,0.28357017315092237,0.49508168532139796,0.47394085960671756,-0.421708124,-0.256379946,-0.222871572,-0.370518875,-0.300161004,-0.140484454,-0.028317331,-0.085218463,-0.048356731,0.11628426465293928,0.17893632081771454,0.2666279393905487,0.3592644059164618,0.069292426,-0.210595843,-0.190043774,-0.068136861,-0.070831204,0.043175221,0.10836072486166955,0.009323969,0.018496730786122836,0.10319766833142288,0.17567354563298784,0.10509957378561659,0.1476539098442606,0.19738735145495778,0.26041270015715867,0.2599371741350088,0.313539536,0.42294288530988505,0.2663807660639957,0.2557765383823228,0.29330470945785514,0.30901242470175255,0.45044421016388125,0.4565831930123013,0.1294871886364809,0.16815851434523582,0.2977788874296503,0.28563790329980954,0.3398102761992759,-0.036087132,0.1849419009339838,0.025474924426787168,-0.488864909,0.8001610588080713,2
-0.389800286,-0.278241985,-0.257761519,0.34822997136476996,0.595546102,-0.728659465,-0.266681725,1.6431094474383372,1.0612985620615278,1.0729071550576994,0.18534649414330778,-0.147331071,-0.316468556,-0.145205407,-0.178738932,-0.206546916,-0.054694492,-0.206435378,-0.501731919,-0.423974424,-0.218711019,0.035773885,0.044293483949376954,0.2634143556657957,-0.002075472,0.071572128,0.007186805,0.002023853,0.10162686047437258,0.22888547341863985,0.085691896,0.15971858682210696,0.13359011055801498,0.10238420412522094,0.20545165282499164,0.2607193687472883,0.19991119162736876,0.15326894480230832,0.2492910631165659,0.31315905062059574,0.33597899898225964,0.3851721937318308,0.45531880768066896,0.3371199361846856,0.27718992842234685,0.17467275036575172,0.18550275988270262,0.073478816,0.097205005,0.044928596,-0.001877379,-0.01273943,-0.044996747,-0.586757317,-0.382795946,-0.089404784,-0.479963649,-0.132678986,2
-0.443601969,-0.859985746,-0.467260106,-0.039603458,0.41226973368777753,0.31091888409997814,0.20471764096918313,0.5572535299577863,0.5994399356238213,1.0107088231624384,0.2372745705000643,-0.152351335,0.040345891,-0.231655863,-0.190870031,-0.27719703,-0.161573577,-0.056708694,-0.123263359,0.056083932,-0.164438993,-0.31441193,-0.237899427,-0.466727972,-0.364518912,-0.284636921,-0.210268876,-0.199952929,-0.085731526,-0.125377422,-0.475403252,-0.411557255,-0.322272467,-0.446859903,-0.383317843,-0.298319061,-0.212077249,-0.303755828,-0.254550067,-0.194797309,-0.194287,-0.128418491,-0.023327957,0.062713035,-0.84010451,-0.777774242,-0.873365693,-0.774127464,-0.653795427,-0.675180734,-0.552928923,-0.491950378,-0.738232084,-0.621392736,-0.714609391,-0.253856864,-0.500349357,-0.040876349,2
-0.439118759,-0.666632554,-0.578556231,-0.350313605,0.4107572037345427,0.35272047085206015,-0.386972754,0.068741833,-0.352245676,-0.21099965,-0.343672722,-0.183019032,-0.082129169,-0.056580378,0.072813731,0.17661856315532679,0.092112958,0.16775244406898623,0.33387536843049703,0.43015070930314414,-0.202436563,-0.042915291,0.055041475368644545,0.2548434837765092,0.34813167893140684,0.2799096700277062,0.20098701400005495,0.20193024522188086,0.3320003769605898,0.16869966863320024,0.2928134491189073,0.10315106003593584,0.1523800685039416,0.25967133007600185,0.20519747710184094,-0.079302734,0.019540457,-0.081049297,-0.107056642,-0.029265246,0.037694762,0.11011610291811548,0.000559523,-0.046021812,-0.057637641,-0.025107646,0.092761957,0.21915624009473417,0.297149981,0.42710481918982324,-0.014001241,0.12578368741835746,0.27110716949418673,0.12262896909458772,-0.074407112,-0.253206185,-0.496940876,0.8851714354729376,2
-0.445945089,-0.546204332,-0.499994261,-0.120113632,0.3990575609729767,-0.514960143,-0.339561246,0.8517281451655839,0.46626461376916994,-0.08826361,-0.30406987,-0.247797646,-0.21714461,-0.153093815,-0.211544671,-0.18366619,-0.028400004,0.219213641,-0.050155743,-0.111287198,-0.055613687,-0.082924843,0.062846218,0.22543242456025947,0.3777966125146909,0.40716858062754113,-0.111420099,-0.049363774,-0.124969442,-0.175250295,-0.182923873,-0.084827107,-0.030456482,-0.060764336,-0.164804525,-0.212546647,-0.323054191,-0.237875315,-0.180232956,-0.157451961,-0.06399417,-0.062658421,0.034494331,0.14424043681818113,0.020624267923191993,-0.315231069,-0.536032941,-0.457228183,-0.314125106,-0.313151906,-0.199161442,-0.213283119,-0.296070347,-0.111159478,-0.00787324,-0.251520946,-0.502727986,-1.029417684,2
-0.422927284,-0.753376606,-0.558915738,-0.344895865,0.3925686747365122,0.523250423,0.089591967,0.9565654893966437,0.8955707784006185,0.14233110350088204,0.056875406,0.1476298831518306,0.21236691748727515,-0.111330215,-0.37550157,-0.47368885,-0.32944911,-0.132840273,0.00393577,0.039962630031416646,0.11568904926645909,0.188843965,-0.147963957,-0.025621976,-0.143057721,-0.069360729,0.054187142,-0.081646702,-0.08401465,-0.069216547,-0.062466233,-0.253073213,-0.209524268,-0.115270272,-0.324971957,-0.255876022,-0.313403761,-0.248486701,-0.295000977,-0.25866523,-0.204975944,-0.414395547,-0.526469427,-0.430685439,-0.474503213,-0.445860663,-0.349036927,-0.41135473,-0.269570051,-0.248816339,-0.298416326,-0.675748759,-0.533728876,-0.336257987,-0.235831465,-0.224591429,-0.48684017,-0.104277598,2
-0.405440337,-0.110620396,0.076126855,1.2762301622168388,0.6887891360374027,0.076372556,-0.458325127,0.043567799,-0.723879481,-0.620627157,-0.705058533,-0.66652605,-0.642195666,-0.594559393,-0.53121574,-0.662309075,-0.763425556,-0.634398806,-0.449892062,-0.362663506,-0.184894141,-0.052084026,-0.045522752,-0.098770853,-0.287695037,-0.106725914,-0.144843371,-0.189635862,-0.157848343,-0.25651707,-0.258793736,-0.179610123,-0.136693396,-0.093021258,0.000874767,-0.036873746,-0.008891991,0.06879318,0.1241587983188198,-0.061587135,-0.014875454,0.035347518,0.12820914596628738,0.068608679,-0.096159788,-0.062673617,-0.447846469,-0.37641179,-0.37045464,-0.232822258,-0.493062345,-0.691027261,-0.542815594,-0.433643611,-0.453724021,-0.11598244,-0.489046281,0.4716012521404148,2
-0.413822895,-0.263711607,-0.480353768,-0.163570654,0.6539761430164316,0.2101771207566909,-0.123758541,0.29372809047206805,-0.216093968,-0.361875631,-0.267344353,-0.189584459,-0.118330199,-0.284652099,-0.304277455,-0.347171622,-0.219838071,-0.059624768,0.1580272671216634,0.227892486,0.41137326426039283,-0.109094675,-0.113932081,-0.141725666,-0.222457961,-0.245695854,-0.418663563,-0.392107656,-0.41590469,-0.339255468,-0.276807776,-0.236221032,-0.135020786,-0.150841511,-0.177043669,-0.133835606,-0.228319341,-0.206875961,-0.226916512,-0.173739236,-0.148375141,-0.050444253,0.009821241,0.095916537,0.049182292334708756,-0.007637467,0.1165194788585393,0.23825508633419454,0.3561864902654771,0.4159260721895838,0.25885110844186515,-0.055150392,-0.060142364,0.06416352,-0.089000753,-0.20068918,-0.482793429,-0.230702791,2
-0.364259122,-0.271479957,-0.526181584,-0.425283233,0.538809224,0.49735635,-0.258397629,0.541811154,1.1938643503415693,1.6164417005740084,0.5716793723038075,0.19992890349841913,-0.059713488,-0.108955664,-0.126219289,0.03471199,0.059137515,0.3081457033698106,0.337067867,0.33391003566989585,0.5063637524274838,0.5724918603241439,0.5399674354441361,0.6877078800329672,0.8697798323119927,0.7464335086671119,0.6251687736691721,0.044695206590707075,0.054667771,0.15981743352199496,0.12300257487373455,0.047302423651724886,0.084921924,0.14056462523590613,0.057284055,0.018656523,0.1127059416107753,0.2109285609594178,0.19874554544348724,0.26112604364756353,0.35172738375284973,0.4046986222743058,0.4417288752585145,0.5306918898357268,0.6393660917338634,0.7886333442476581,0.8804543026398454,0.9212508247733145,1.0511239631351705,0.9232997324260669,0.9541365923456632,0.9327619156556475,0.7968408950949584,0.6111336666719815,0.4805820847006236,-0.024370935,-0.468196159,0.4547345306972569,2
-0.448737351,-0.198352368,-0.578556231,-0.32229247,0.7325813037726647,-1.347357543,-0.141918128,0.5220113045022441,-0.529979665,-0.554614449,-0.364292616,-0.18996651,-0.067189421,0.097329355,0.084088317,-0.022816091,-0.137785651,-0.486723779,-0.431628144,-0.205298516,-0.044138558,0.03489319,0.2530428810122123,0.2941323689103133,0.16576509375240475,0.1777627413383626,0.089077905,0.11941497348595481,0.088227534,0.086723283,-0.154063161,-0.042283885,-0.038481822,0.037922946,0.019254561,-0.007719015,0.014619357,0.025707322039983525,0.08956318,0.070133124,0.031475865,-0.033259255,-0.423704429,-0.321103325,-0.259583022,-0.247546772,-0.126931951,-0.064178337,0.056625598262635655,-0.102722458,-0.020083365,0.074653857,0.2687597713767212,0.42888447791383166,0.6586342517899052,-0.174555664,-0.518119944,0.49362065519830856,2
-0.400781938,-0.545258395,-0.657118201,-0.666081572,0.5247680561400506,-1.41018036,-0.079148432,0.9975512396214937,0.020769386267535973,-0.398932844,-0.493614454,-0.449538187,-0.284678645,-0.220627658,-0.217552327,-0.327864007,-0.244490725,-0.247807005,-0.103833,-0.130954731,-0.293107742,-0.093550244,-0.361705419,-0.175314551,-0.126552529,-0.149874372,-0.292959355,-0.283373553,-0.152447627,-0.06050678,0.056737984,0.07714476,0.15572844138952863,0.26370616604537545,0.32096602412365494,0.311010229,0.3129051543315605,0.28304259483564553,0.35892179098211235,0.3466368386939565,0.41733322269017004,-0.149797434,-0.075325843,-0.189513212,-0.129545458,-0.042213131,-0.02024865,-0.054638798,-0.043414268,-0.081495285,0.099647084,0.29349109763371983,0.42043407807018035,0.4693508544558637,0.38575303654174015,-0.026865441,-0.500019518,0.030594548797996723,2
-0.424273898,-0.537970965,-0.768414326,-0.896741851,0.6083029928600526,-1.111367573,-0.070397822,2.087759382186845,0.47480053925124716,0.7588123133009181,-0.040558271,-0.000885112,0.011022713970152098,0.18261001936291538,0.12557153325858186,0.3240218901829585,0.4761652615775894,0.33829077182270706,-0.576421474,-0.479831816,-0.891820746,-0.709551269,-0.643905833,-0.62661843,-0.460186495,-0.368933331,-0.225824297,-0.419502608,-0.479734623,-0.571625784,-0.509949586,-0.436277257,-0.377252614,-0.294743945,-0.227985398,-0.193965808,-0.111549433,-0.078091373,0.023147945,0.11199909186096574,-0.002768905,0.086238044,0.10660036246708408,0.22577693943716987,0.32781888317262947,0.2622182046480993,0.3500690138990799,0.4599673969877369,0.6146486511855674,0.7666319913066045,0.834511006,0.5921173588303608,0.5485051313265394,0.5688485764223494,0.4095470653613578,-0.161286227,-0.498930891,-0.29180735,2
-0.427462237,-0.487364012,-0.788054818,-0.940449803,0.5679496944352954,-0.987704625,-0.140439213,-0.014681151,0.3584435001855055,0.1959989409031521,-0.007833642,0.15033961908737323,0.061302623300013195,-0.194236922,-0.171779375,-0.158028397,0.032026844644487115,-0.136988398,0.051409275,0.1869763113745837,0.023504802078167207,0.2921330228198673,0.4217406243771767,0.5503863353690643,0.7136335308139544,0.31696270471787263,0.095453309,0.090465786,0.12439906304918694,0.20865813309614228,-0.016556414,-0.078448699,0.009896917,-0.018589383,-0.039640784,-0.055025724,-0.335194991,-0.321451615,-0.310310462,-0.256754306,-0.342882314,-0.311621034,-0.282317154,-0.174249167,-0.293554801,-0.198662816,-0.261408654,-0.264460618,-0.172158546,-0.042956503,-0.081184452,0.11251557449138908,0.070908127,-0.401658147,-0.203610338,-0.165585435,-0.500788533,0.011102906143408912,2
-0.465549097,-0.528158294,-0.414885459,0.16916409867184465,0.4910629590430833,0.8324019199096844,0.020564687,0.4829953925399331,0.15958976044906298,-0.216166197,-0.223954707,-0.481334336,-0.507884952,-0.56001699,-0.437012402,-0.294241452,-0.425679635,-0.227542323,-0.063387325,0.11207031183411323,-0.101478487,0.006638675,0.061279791,-0.05307163,-0.085011866,-0.070863895,-0.169676177,-0.215024303,-0.276079315,-0.21360097,-0.382474887,-0.360729822,-0.302650309,-0.273936472,-0.598731748,-0.589410013,-0.504644492,-0.44135207,-0.36142536,-0.288868359,-0.551761417,-0.575152031,-0.518598924,-0.4362467,-0.358795195,-0.273928005,-0.189771553,-0.086265963,-0.290291427,-0.171720285,-0.251131309,-0.175947831,-0.035761233,0.007408716,0.035155132,-0.34308879,-0.505269433,0.5042099705369565,2
-0.375254843,0.008028043,-0.126824901,0.6431622513679703,0.6839913631326028,0.2187124264503542,-0.087862775,-0.00338256,0.070598444,-0.152154176,0.0014903,-0.173214514,0.020490933863748517,0.20732546613717492,0.2532962580808416,-0.166104412,-0.235477698,-0.071840239,-0.435129376,-0.220021566,-0.104368493,0.14974870777512997,0.18729946399057953,0.32767063658085965,0.3756895009835452,0.25628562882149136,0.21029355686862017,0.17827482302495767,0.18495448966666408,0.24503173947276072,0.35740846951081884,0.35686284168656035,0.24929694560834575,0.3472881527987593,0.28620939737394924,0.34932626766137337,0.24559655851295312,0.3157419024387401,0.34487390711045474,0.2979565453903944,0.34954556640099865,0.44699224188849457,0.5741215723196677,0.6612791211503285,0.77670066,0.8998620424635566,0.7172271461048647,0.1479399391994073,0.21297917545533124,-0.012851802,-0.461567585,-0.465300229,-0.486942384,-0.308376344,-0.189138734,-0.050913645,-0.473541755,-0.06088324,2
-0.448493673,-0.703503481,-0.644024539,-0.498478029,0.40042539526542115,0.7274765271816617,-0.307781995,0.33927737221518267,0.005555477,-0.281118211,-0.622524575,-0.458219172,-0.313439658,-0.256276726,-0.157914647,-0.049979503,-0.16521831,-0.012908986,-0.377019504,-0.319138568,-0.19134589,0.011540521303920845,-0.249505148,-0.21466989,-0.025809677,-0.195454984,-0.390650987,-0.454913495,-0.336724012,-0.253815902,-0.155045722,-0.109582521,-0.08922173,-0.04663239,0.021029752956828768,0.10960981655805054,0.096884595,0.1827660619084715,0.2859623559597896,0.20899133464776565,0.21525487108717342,0.3173859533710527,0.4449204320201424,0.560826927,0.49833460388540735,0.23638355800193292,0.2978338824284509,0.24266779361497587,0.1772973612586476,0.035534497,-0.760374114,-0.688842518,-0.569407778,-0.551201617,-0.41525031,-0.285001277,-0.499502968,-0.441938482,2
-0.417464103,0.2925610380200048,0.14159516390200355,1.4922491894871968,0.7912607618176367,0.20388537222877695,-0.343026582,0.2876254696905484,0.33635454484597904,0.32545528200326657,0.11640465170828539,0.007894654,-0.107087878,-0.167629979,-0.05326928,0.10900796761818811,-0.057688924,0.13636955642518064,0.2160026323191005,0.20371316096367234,0.4414775047475298,0.6389773265077141,0.36405874289971774,-0.120957189,-0.081174028,-0.451588231,-0.303508892,-0.22593071,-0.433156062,-0.493455661,-0.415490115,-0.582060809,-0.503266196,-0.466655756,-0.382080194,-0.454170584,-0.363086154,-0.338432093,-0.325509405,-0.254582921,-0.293606715,-0.276754045,-0.2066813,-0.223442379,-0.183587715,-0.220861277,-0.2436453,-0.118129842,0.006200855,0.068928943,0.13320407129695352,0.24469864457235027,0.4395592547021586,0.2621946430242718,0.1638875722242741,-0.124646991,-0.49857202,-0.136657728,2
-0.413414221,-0.207610318,-0.689852356,-0.717952996,0.7546492729951118,0.5632711046454679,-0.203235264,0.062267210312854135,0.21333384089293686,0.22800237495217263,0.10399034901180516,0.3150116547191947,0.42643828916351223,0.5213500698306415,0.36287448897736724,0.5401963954129472,0.4232070827028129,0.309153166,0.3464860777242189,-0.359679933,-0.10879093,0.10902854281829655,0.29364619385224544,0.5204000723723883,0.7112639943675859,0.6954750878420568,0.3428777993904918,0.4160326102535391,0.061098175,-0.014364113,0.080711809,0.035369965694142476,-0.03347507,-0.037568309,-0.069298646,0.009769197,-0.139079923,-0.077262733,-0.03465713,-0.140266424,-0.17923824,-0.117290626,-0.108624223,-0.217970463,-0.303435822,-0.18642005,-0.157691472,-0.043777493,0.048217845,-0.0525677,0.10767264808794917,0.23074717092549446,-0.107142321,-0.039237352,-0.226557428,-0.154647555,-0.489712098,0.740588594,2
-0.411445952,-0.383355596,-0.545822077,-0.343297713,0.5738576571078086,0.19154547218173945,-0.106679461,0.7759566167970215,1.3485874592141645,0.8534220886360707,0.9508930883425774,0.3665826632952587,-0.417492925,-0.414679,-0.25512741,-0.255598185,-0.244094993,-0.111536368,0.057611821,0.30197909635760467,0.06467446,0.044888733,-0.308600305,-0.15445464,-0.027689955,0.04592911,-0.181591305,-0.259095123,-0.223378211,-0.310050106,-0.257986641,-0.175607313,-0.1568837,-0.178300212,-0.175497369,-0.298678811,-0.271092306,-0.183964607,-0.181892537,-0.275158145,-0.177105016,-0.087198115,0.021401668174533747,0.14172680483730088,-0.036161872,-0.004053504,-0.162962753,-0.231572716,-0.304696966,-0.446729606,-0.662046194,-0.550994156,-0.543879915,-0.484957987,-0.450683438,-0.177817926,-0.484722286,-0.403350411,2
-0.442499754,-0.457777783,-0.179199548,0.7271451041903633,0.5454902119696048,-0.724389588,0.10734152785444515,0.476219258,-0.111031382,-0.074387465,-0.451318647,-0.268454022,-0.624295804,-0.572397688,-0.425181296,-0.420909244,-0.388095827,-0.185347745,-0.575112489,-0.350248972,-0.598389524,-0.481198441,-0.246883342,-0.26898904,-0.503061819,-0.378224123,-0.259682633,-0.317415456,-0.374316777,-0.440610498,-0.415936384,-0.313996342,-0.264064385,-0.258120165,-0.174157601,-0.086027724,0.013117946039200074,0.073880737,0.007973435,0.091048493,0.17189719803816816,0.24763123622601202,0.35917620369141695,0.32767368347995357,0.14886813735582882,0.15744018977477453,-0.114995098,-0.08659382,-0.17830388,-0.025433636,0.13303895661621426,0.26617906802154684,0.39925326466382266,0.42826864171117746,0.3880402884133552,-0.198350233,-0.50873322,-0.563186173,2
-0.42505592,-0.265870597,-0.401791798,0.078184851,0.6379990322710861,0.3056848506100886,-0.314777827,0.090196079,0.3420754010812213,0.4614698508994212,0.5055130623437644,0.2261698372268438,0.3582138102853097,-0.076189566,-0.09542324,0.04285334,0.21623338763368963,0.3511014233739652,0.6089405357431161,0.6284419234313324,0.6260550974684985,0.4377718257825813,0.3932845887458989,0.065230375,0.078767001,-0.304215557,-0.278966846,-0.218059004,-0.102216127,-0.024856888,-0.188574456,-0.102201444,-0.149128344,-0.066369504,-0.01665257,0.055985306016901576,0.036370473,0.067277576,0.053552669127466826,0.045128739,0.13220490629621767,0.241828425,0.068453894,0.06617957,0.17947544180398672,0.28702322323281504,0.315330465,0.4006275352289401,0.5440632335932495,0.5447922944492359,0.30373590953733903,0.1554107132882764,0.3488341605220347,0.462568261,0.022183299307135394,-0.137907305,-0.503139636,0.011089396701574434,2
-0.428669108,-0.10475453,-0.048262931,1.028832562105455,0.6263854851098356,0.7396082123642814,-0.199508872,0.6025809428882626,0.787879022,0.6581206981528945,-0.302165729,-0.196284562,-0.138879166,-0.065964778,0.039079694,0.057249928668818256,0.058294371406891754,0.3027785780996976,0.29497225821122364,0.5349217179693739,0.41680889751394157,0.15849654982431502,-0.446551856,-0.493070712,-0.447956492,-0.303391844,-0.156990819,-0.069641368,-0.134714223,-0.037366985,0.080128723,-0.142472261,-0.112887554,-0.083658639,-0.015112516,0.082405977,0.14344117575035667,0.21811423870153135,0.064536011,0.14183774170505836,0.16379249279609506,0.28276922120764836,0.3834571345047257,0.4556928429370146,0.5788816737410124,0.3474936945765941,0.3789743700105268,0.4975607889456571,0.5703985654463415,0.5239311402392824,0.3884437963881704,0.44977439398787256,0.2865695602130533,0.36693105306484913,-0.040745059,-0.197482392,-0.496744321,0.7431840148848602,2
-0.476962663,-0.36818479,-0.755320664,-0.718354787,0.6287618154324898,-0.314450881,-0.299899204,1.1446780817052669,-0.209863079,-0.272895797,-0.169894757,-0.115135161,0.011304508,-0.152918828,-0.014166429,-0.063398451,-0.12141979,0.11933725659007736,0.30482888908035577,0.5088723575428205,0.6016341791879077,0.5606703091771711,0.7391803732453217,-0.21407325,-0.112444054,-0.075887432,-0.092129466,0.000126051,-0.329998463,-0.440673336,-0.42724598,-0.34947865,-0.304107825,-0.234121554,-0.137531744,-0.090772556,-0.075299814,-0.167106477,-0.124939892,-0.189415796,-0.190827234,-0.207293333,-0.167338056,-0.07415886,0.033465901,0.13964219802827915,0.13422655940027514,0.286219886,0.3874160190160598,0.49102158319509864,0.5820923687716814,0.2415579325640164,0.043162677,0.1548743095278096,0.18454901098073456,-0.248055606,-0.531050976,0.738834934,2
-0.403874128,-0.70514596,-0.735680172,-0.864262601,0.4778111487090935,0.8272486001262337,-0.200158284,2.0116399431340426,0.6104020223368654,0.5792034733454114,0.2583353656853735,0.1270487541124765,0.18165134356393173,-0.395601818,-0.360266647,-0.341161386,-0.299530347,-0.420648745,-0.311996323,-0.270232165,-0.138295955,-0.126201369,-0.320383746,-0.247801756,-0.150956404,0.019876015147728267,-0.074134565,-0.128885966,0.004299303,-0.004008002,0.004626474,0.070833144,0.08876771,0.18812865347417226,0.19089320524035397,0.20251287566744883,0.11988941547675966,-0.007763324,0.09763929,0.128694054,0.2023571522287696,0.31472890914541535,0.4260322245689131,0.46763884,0.4487889673979692,0.428021129,0.4603240868017753,0.2711170136339129,0.39983592091094144,0.28442676889756763,0.256110685,0.4458816475204148,0.4649760539565708,0.11730935059641141,0.076369722,-0.161057233,-0.480670356,1.154602333097311,2
-0.451695902,-0.232939124,-0.526181584,-0.173055193,0.6163942359691609,0.068095887,-0.270623744,0.8444190610720773,0.019999444,0.31904474137090033,0.21715830324991986,-0.105374373,-0.255047654,-0.165406127,-0.007568167,-0.00270317,-0.477653051,-0.38674297,-0.286052523,-0.278238872,-0.036743054,-0.270110322,-0.107843336,-0.167880122,-0.25196584,-0.089283853,-0.127612226,-0.588900138,-0.529833475,-0.576391728,-0.498265388,-0.393217427,-0.308210863,-0.305975285,-0.241551419,-0.290439726,-0.353206304,-0.267968653,-0.190785275,-0.103449723,0.003521523,0.094362543,0.15505290405241565,-0.094127419,-0.034940984,0.010016794781961358,0.061419137,0.17648464963622015,0.3032647143098683,-0.124945235,-0.003361157,-0.061748481,-0.084116963,0.10503537242562581,0.16368155470191584,-0.205802768,-0.515374604,0.41913503622629505,2
-0.423889246,-0.79411225,-0.401791798,0.07460951,0.4517367520748259,0.8226354178566742,0.4254425335723781,0.29139846482941145,0.8938806844418705,0.2841554196266133,0.011956630695846326,-0.175857533,-0.153925852,-0.053067396,-0.084542598,-0.406345585,-0.259201036,-0.038565559,-0.038638593,0.21178586238200472,0.16951780136229766,0.3066742152167779,0.29964303435328915,0.2492538540282333,0.1568116382645672,0.24344011257808584,0.3423083164813486,0.41514929596688077,0.437811575,0.47566880135897555,0.5110197586975976,0.5888350445408742,0.17275768806212358,0.22828910060366958,0.2095501050811516,0.073214908,0.078544634,0.1687084454272671,0.15109933015178814,0.17479831949820732,0.2381749180380313,0.3505663608796738,0.36906695586992533,0.25844103173205474,0.059740609666639875,0.17796618674702663,0.2252594069679666,0.085548331,0.18624891462993085,0.055877724534464907,0.13243324891879618,0.32526023324718195,0.5198120479176132,0.29189274864463843,0.25885552322242533,-0.220100634,-0.488521269,0.9024010504192098,2
-0.462303995,-0.479259275,-0.467260106,0.017710465312257485,0.5476386871510848,0.3412621786311082,-0.387609179,0.027125974809476504,0.4431675446908621,-0.505233289,-0.340991394,-0.212689434,-0.026496378,-0.057735022,-0.130897648,0.007217644,-0.096137276,-0.163865627,0.000878896,-0.006422083,0.22912985651331658,0.2840032095916142,-0.447505376,-0.429859779,-0.245156885,-0.213535241,-0.355187191,-0.301877664,-0.18556034,-0.185059439,-0.065905362,-0.000299558,0.094797886,-0.260980572,-0.301622297,-0.291359431,-0.197114718,-0.139351795,-0.111648304,-0.0099217,-0.116785979,-0.095548589,-0.009449933,0.020765245,0.080584597,0.050301649545405065,-0.172317746,-0.117163723,-0.153674927,-0.067883555,-0.150238528,-0.068369411,-0.093106723,0.10790486525542324,-0.00321772,-0.244312515,-0.518405622,0.8971037698311148,2
-0.416911297,-0.049422732,-0.526181584,-0.275637148,0.7371611309410859,0.5799148948298646,0.1287667423953904,0.026016555628805393,0.5248645916684321,-0.195616081,0.029899107,0.20304815508878005,0.057198673,-0.654228224,-0.556816605,-0.433849923,-0.489513796,-0.487246103,-0.31053611,-0.080514493,0.12951736570490088,0.33717946458795856,0.075815154,-0.142605424,-0.482091561,-0.31678968,-0.324001051,-0.197571814,-0.177926412,-0.190530554,-0.217800994,-0.236496124,-0.262244231,-0.226366714,-0.17196066,-0.130711524,-0.047493637,0.012889740091741092,0.11885856859222281,-0.044703162,-0.03661477,-0.097428993,-0.04559778,-0.123681662,-0.066235637,0.039695518,0.16894180964050948,0.16890998845375818,0.31476690504836763,0.43076271250984016,0.54144656,0.5602267027856794,-0.069648128,-0.631588013,-0.43350169,-0.140395492,-0.495558902,1.250588863313971,2
-0.415109769,0.036205405746746036,-0.323229827,0.25540765103962476,0.6909433305358469,0.5172622378612091,-0.109946621,0.7710897235673754,-0.058783795,0.12119161503752303,0.12490849783920964,0.27075569291520213,0.46273973688083025,0.5939930629018165,0.3111236845460231,0.5148868566400814,0.6482938684027175,0.14210315107613433,0.16855552386353917,0.2832702625344705,0.101926514,0.086299929,0.1038323234529177,0.2675148479777173,-0.114775329,0.056413149,-0.004595595,-0.045179307,-0.055271162,-0.088021319,-0.003004077,0.10933566344159791,-0.025436545,0.062681149,-0.028214104,0.023053687,0.066523553,-0.022829354,-0.037980498,-0.225655758,-0.16310247,-0.083374436,-0.125260351,-0.050309573,-0.152387006,-0.194621271,-0.136672721,-0.008286492,0.14030681281053942,0.1469131123889207,-0.224861826,-0.155212834,-0.101841405,-0.059459335,-0.062757924,-0.149154814,-0.492507273,0.072775652,2
-0.389814717,0.19793202210884858,0.3641874131940417,1.9742810683598944,0.6303929829820514,-0.423020492,-0.120557347,0.5499518690982376,0.44609571226206596,0.26613166493577023,0.21686934145694658,0.15961978471517682,0.072032328,0.051266186,-0.031664337,-0.081623799,-0.495077061,-0.32427552,-0.445063511,-0.273088941,-0.016761622,-0.083175804,0.11262028542885222,-0.361432536,-0.222923115,-0.084833402,-0.020134401,-0.016271458,-0.242866017,-0.242325352,-0.15420854,-0.103754905,-0.140218346,-0.045915484,-0.025408206,0.004856407,0.011320190624644805,0.017090326158075184,0.055852325,0.12346701654775184,0.098756733,0.19086043707055608,0.2745552335756727,0.3798996553105488,0.41324947280689006,0.5108498144111974,0.6626783349912215,0.6524972806865769,0.4388199718955402,0.4931677979344536,0.6411773326667253,0.7685396910768856,0.21091395039928423,0.21035767307714362,-0.400458126,-0.075860895,-0.482269442,0.7848410133352359,2
-0.464002581,-0.565186101,-0.591649893,-0.312672693,0.5486607933205983,0.40503299523938135,0.058734454,-0.521335866,-0.246183431,-0.108580858,-0.400202412,-0.378550524,-0.521561517,-0.385279142,-0.348875306,-0.209782703,-0.017773928,-0.363978834,-0.247367414,-0.140488999,-0.102953589,-0.038032606,-0.033302488,0.098872362,0.11352964406105163,0.068772062,-0.080171976,-0.354626586,-0.249183865,-0.218692493,-0.113525275,-0.325029817,-0.279068423,-0.523184792,-0.449066363,-0.458412807,-0.436435301,-0.473771857,-0.398969096,-0.38797388,-0.316654516,-0.331995909,-0.238533646,-0.14675543,-0.138625922,-0.11125692,-0.178036595,-0.065088131,0.051599066,0.089154762,0.23999316162833298,0.22912907743532593,0.17468673070779683,0.14275677014754867,0.3679813382287492,-0.276576907,-0.514665746,0.7719577158047802,2
-0.472583357,-0.476162695,-0.499994261,-0.039045232,0.5532864667785025,0.4927081656618077,-0.15614839,-0.714998541,-0.517459929,-0.365239476,-0.168114387,-0.40186564,-0.705519946,-0.594391749,-0.627004291,-0.517048309,-0.562909566,-0.702029596,-0.48805249,-0.289118033,-0.593898462,-0.684838813,-0.498157897,-0.605165965,-0.605319677,-0.501205589,-0.386528492,-0.2894912,-0.259084134,-0.158242906,-0.155667856,-0.050637847,-0.032697857,0.070175955,0.065343035,0.063992357,0.15612805065935886,0.13487348803737745,0.12253101159323614,0.017172582,-0.024249854,-0.008665834,0.073431402,0.1276233986594614,0.2522504335818123,0.3029123501214128,0.3413189624603791,0.037322518,-0.167447511,-0.03962594,0.002930011,0.023548073513310553,0.22621917049847154,0.4208180026672616,-0.064830111,-0.294283868,-0.519412014,0.6870607451223536,2
-0.421133513,0.15033188909312517,-0.225027364,0.5344513396882462,0.7019025511346452,-0.680930981,0.085671039,0.7651889999174173,0.5357764395392713,0.6062552358811887,0.072016932,0.2766758234434987,0.395359067,0.5871549960029514,0.6916108078876566,0.7273836016433286,0.33415436042430774,0.4458151454512991,-0.090333385,0.1694002149879093,0.2780401554603395,0.41157932905943045,0.5828215752542155,0.2281497407371022,0.19154560448330316,0.026296758938208622,-0.381354028,-0.327138275,-0.45783702,-0.40406028,-0.408056223,-0.459505837,-0.396277378,-0.307530371,-0.211431366,-0.117157427,-0.093959953,-0.174467937,-0.202068827,-0.181078521,-0.277140392,-0.204090633,-0.133128527,-0.067645302,-0.195105936,-0.104269502,-0.037766261,0.098334362,0.1285909266341268,0.13299895064861975,-0.455552992,-0.769085758,-0.70065691,-0.528701767,-0.500145948,-0.100889419,-0.505697802,1.1435654575658676,2
-0.449962682,-0.279438336,-0.100637578,0.9630546092636545,0.5658322014361017,0.450731348,-0.139364919,-0.225744912,-0.844931437,-0.77295534,-0.672196545,-0.537874262,-0.384101752,-0.230271463,-0.167852138,-0.015805259,-0.118811795,-0.182497956,-0.017341107,0.093253951,-0.201383233,-0.106654987,0.08683094,-0.459164253,-0.285339164,-0.223833542,-0.084636963,-0.013580227,-0.180867399,-0.243626968,-0.153740208,-0.050502494,-0.103245454,-0.079302214,0.020447448,0.11739221068139132,0.1877011228779608,0.275480132,0.38572179011694413,0.3944722355235678,0.1949676336985909,0.26063925833513096,0.2765343326295309,0.37707055793754307,0.2295770976694637,0.2682636430005143,-0.133047836,-0.154098189,-0.051305703,0.083042662,0.25955266307049707,0.14926136843387475,0.16529896940424035,0.3485412055977236,0.5217572966122423,-0.229251613,-0.509755504,0.6445338965575295,2
-0.448665104,-0.395672349,-0.159559056,0.8006052377338922,0.5592007910442155,0.067203549,-0.090399261,0.098249342,0.1571763434727594,-0.648191455,-0.558420872,-0.69868606,-0.550031463,-0.60322105,-0.729843236,-0.643084512,-0.534121677,-0.47372362,-0.277860278,-0.08637851,0.014859795052934523,-0.31324018,-0.176180209,-0.342837991,-0.495497997,-0.341682107,-0.302571052,-0.317469999,-0.249334831,-0.258163508,-0.258473831,-0.281078845,-0.216887051,-0.197687382,-0.250972798,-0.216775181,-0.232320289,-0.234281179,-0.137248971,-0.148682601,-0.083945163,-0.061867165,-0.032694963,0.075388585,0.12129603557072387,0.084964209,0.1945767166037836,0.14586518551054536,0.028485000620507836,0.054256587,0.23536629962895367,0.35776194767553315,0.3138402268487064,0.46739692530901306,0.3103550688572304,-0.279852059,-0.500682858,0.25702052155606636,2
-0.491536728,-0.89792081,-0.846976296,-0.927739226,0.3283524896839281,0.4680684264572625,-0.001621057,1.842532802909242,0.48780098047403414,-0.368071877,-0.154198797,-0.118776074,-0.187691068,-0.098159137,-0.227435976,-0.165079855,-0.28118851,-0.23076863,-0.215368985,-0.086871889,0.062568487,0.23864349974469684,0.054460791,0.19080677213372021,0.281555901,-0.142938019,-0.675441716,-0.588621966,-0.740737965,-0.629241487,-0.533315595,-0.443260568,-0.497339501,-0.484952427,-0.409044653,-0.475457427,-0.486467694,-0.419649644,-0.364610816,-0.323684325,-0.234063227,-0.177418762,-0.155347905,-0.106008513,-0.046374446,-0.129097019,-0.228023276,-0.231928332,-0.205809449,-0.230782458,-0.413541972,-0.261106136,-0.371673499,-0.684069029,-0.782839143,-0.468253055,-0.507956572,-0.513204285,2
-0.427457637,-0.733599802,-0.578556231,-0.383977429,0.49906049099078326,0.8077960238383218,0.079908638,1.7810036811605197,0.9555417438143754,1.4321986391975476,-0.482070788,-0.400805783,-0.279104811,-0.225575727,-0.256064331,-0.156372209,-0.184092844,-0.369638173,-0.495378931,-0.320089587,-0.055172337,0.010488707970880026,-0.126340914,-0.022151188,0.10706385797220792,0.2709235593407961,0.18324303693320834,0.2496493553924882,0.026664238753744584,0.1528560957752421,-0.10695609,-0.137812286,-0.229710607,-0.220030539,-0.275702224,-0.255056586,-0.277159119,-0.419393897,-0.372899211,-0.278938798,-0.235601032,-0.255312163,-0.236960624,-0.217190702,-0.297986399,-0.337990345,-0.403732476,-0.268374963,-0.127975283,-0.244575474,-0.517346948,-0.664445525,-0.518075375,-0.434774257,-0.232845529,-0.257271281,-0.485972923,0.7360708002030127,2
-0.411390091,-0.516960585,-0.414885459,0.001981841,0.4650438593343563,0.1335286154057169,-0.030564118,0.3991836994246049,-0.11742461,-0.223385634,-0.334860207,-0.614480798,-0.503372413,-0.422329377,-0.300354059,-0.155265446,-0.148943572,-0.048224798,0.21167363063555833,0.4297780290577452,0.16074642965337613,-0.773854271,-0.547897747,-0.610001782,-0.629266076,-0.498143595,-0.634014701,-0.591958504,-0.472144231,-0.377769734,-0.324361063,-0.3813843,-0.352685578,-0.316470487,-0.260527145,-0.198786846,-0.190477392,-0.1129496,-0.137444749,-0.059226171,0.029316878,0.038408583737575615,0.13202720077703864,0.23453984183517956,0.3585423031912492,-0.043637202,-0.447786844,-0.3951109,-0.388180597,-0.344769905,-0.327734143,-0.212603387,-0.552831024,-0.474405259,-0.805005882,-0.1500175,-0.489125624,-0.1820622,2
-0.457598845,-0.576622203,-0.87971045,-1.106615795,0.525631765,0.8280247365682938,-0.585657511,-0.284143961,-0.133700666,0.17309715474548124,-0.540894323,-0.386586495,-0.4259325,-0.51986449,-0.623515176,-0.479566823,-0.450965719,-0.250191217,-0.188578326,-0.080190195,0.057384409,-0.346391348,-0.275564987,-0.344902405,-0.344225224,-0.280949014,-0.194470222,-0.33597111,-0.508302358,-0.444774983,-0.359714522,-0.260961788,-0.205932881,-0.145305705,-0.18442874,-0.11056005,-0.05814756,0.044480533834429195,0.1395771641614147,0.2455471838731906,0.18621366625558922,0.071502606,-0.212853712,-0.307209483,-0.322497473,-0.247463363,-0.235094751,-0.147349679,-0.122239415,-0.080181009,-0.020786983,0.074713125,0.16463231266545897,-0.012790934,-0.009850148,-0.291845454,-0.506377171,0.8052504237277982,2
-0.392203025,-0.319157288,-0.558915738,-0.432350181,0.6707139535028804,0.4412688714389935,-0.017547537,0.8438439271819526,0.20341469425471562,0.034648488,-0.045656441,-0.068312073,0.008686173,0.13446496819772666,0.019377004,0.12916557886669885,0.3509213827039264,-0.393042566,-0.297463475,-0.102077016,0.10434797763434087,0.009704901,-0.2073556,-0.155558468,-0.374549334,-0.608477197,-0.583089625,-0.47450782,-0.529599526,-0.486839759,-0.374957376,-0.368728196,-0.283752858,-0.274406325,-0.31257254,-0.237942225,-0.34374981,-0.288241951,-0.201605288,-0.249429341,-0.191230443,-0.150781789,-0.18033503,-0.081373117,-0.230453849,-0.242763754,-0.293873499,-0.197910524,-0.237086694,-0.125365649,-0.108222599,0.034943286770783774,-0.190586169,0.007795358,0.10028101935549993,-0.112339815,-0.477897536,0.028971357,2
-0.463121975,-0.578657399,-0.447619614,0.073213099,0.514758242,-0.898254165,-0.223088248,0.018025535896497115,0.13538706389105665,-0.571162272,-0.37844332,-0.218057274,-0.100419192,-0.397881906,-0.299257923,-0.317447298,-0.235845042,-0.392343252,-0.307172528,-0.283756622,-0.08405896,0.144707323,0.13935901173127987,0.1672869226853833,0.2726835717205807,-0.166212995,-0.107306773,-0.321036885,-0.28830073,-0.296166942,-0.315629925,-0.318708114,-0.415587872,-0.392248923,-0.33464169,-0.279704358,-0.27540868,-0.198334095,-0.115858085,-0.017434105,-0.06219139,-0.140594018,-0.133887869,-0.220762094,-0.244286676,-0.278602389,-0.214272453,-0.238937584,-0.116506533,0.032249194,0.1368137922247523,0.081042804,0.085875385,0.26536016271097723,0.44716647192562914,-0.321466593,-0.506597951,0.14796866888713683,2
-0.455401811,-0.633446706,-0.578556231,-0.302741087,0.5283243702481529,0.3121806327281507,-0.163674571,0.004770916,0.5961329760742202,-0.082035941,-0.142753753,-0.181283708,-0.206521875,-0.023550957,0.12399887193712386,0.04307941,-0.124456539,0.08889962,0.18377672491685781,0.4493406075597302,0.6132278941665164,0.41685255376785485,0.3076012867693822,0.2749034576188842,0.016177891924388652,0.12462279316536161,-0.150252512,-0.086441403,-0.115529123,-0.178429987,-0.228791481,-0.143222253,-0.198391452,-0.211235996,-0.154251171,-0.078141356,-0.127407792,-0.121836848,-0.215418537,-0.382432591,-0.35846887,-0.393141022,-0.374024422,-0.310948614,-0.22330439,-0.162497431,-0.121712001,0.002599718,0.053559219,-0.097017231,-0.108952974,-0.126015428,-0.046880039,-0.333794665,-0.249325639,-0.265962213,-0.508949966,0.083810299,2
-0.461506039,-0.438722528,-0.624384047,-0.408255999,0.5254272762357336,0.70636983,-0.191320149,0.4482847141752635,0.8334925713733777,1.0249212192512958,1.0404606512879047,0.7639775655487603,-0.007358321,-0.2284873,-0.067404922,-0.091031492,-0.615321114,-0.662059482,-0.76636766,-0.557874686,-0.483326654,-0.377061586,-0.3085697,-1.090528035,-0.913317082,-0.779886845,-0.629762472,-0.582314905,-0.528969106,-0.429047499,-0.313402808,-0.286564312,-0.256253877,-0.219246759,-0.192562235,-0.132759149,-0.065308523,-0.185122661,-0.102342584,-0.07612522,-0.051543636,0.029700681957961907,-0.063980985,-0.194493994,-0.456233806,-0.600191295,-0.594275504,-0.719282367,-0.648563384,-0.501612945,-0.394425061,-0.214733029,-0.67868835,-0.852547223,-1.02254589,-0.306935536,-0.507711435,0.098747427,2
-0.447985664,-0.256743858,-0.11373124,0.9210948331134773,0.6674657790655615,0.10052083155364462,-0.015397117,0.077175148,0.6157287998093217,0.4426844751244894,0.010811281135700582,0.12385856935452842,-0.092171051,0.024755035708303192,0.13051318812387022,0.049151002,-0.219416308,-0.093923995,0.12398874852631579,0.3939277032581564,0.5525020815268986,0.12289460923706291,0.13954338434120486,0.18895107944036438,0.020711766287455576,-0.436097068,-0.435386856,-0.358123887,-0.381695967,-0.314082101,-0.322730554,-0.25745408,-0.157238758,-0.108894035,-0.083870581,-0.024171508,0.069417671,0.1647068219243346,0.2305979797028625,0.22229340393986813,0.20389253750427705,0.31357096421360237,0.3836397981753516,0.22771482708617374,0.13816123558076546,0.08131978,0.11199809097759574,0.006599372,0.12355743669963028,0.08469577,-0.052967213,0.074373752,-0.292099732,-0.424848927,-0.272409129,-0.190019253,-0.514864648,0.14834405650866847,2
-0.472170474,-0.740013037,-0.545822077,-0.164409214,0.4549323210298946,0.640358101,-0.088779174,-0.346209618,-0.314690975,-0.223079031,-0.611822014,-0.665776834,-0.620821807,-0.498509595,-0.594601703,-0.600227496,-0.48887749,-0.445729004,-0.213964683,0.042724858,-0.365061066,-0.144536308,0.045674647291874225,0.028109449319799328,-0.016439375,-0.456066805,-0.482463215,-0.405494113,-0.273901499,-0.21092669,-0.31198486,-0.311969722,-0.232524608,-0.211567008,-0.193345272,-0.120115913,-0.025816129,-0.013513088,0.030721835060849145,0.065535417,0.08998464,-0.101318916,-0.102324117,-0.162020285,-0.214113638,-0.193357155,-0.210734023,-0.087831253,-0.331018328,-0.270852764,-0.164634127,-0.605295956,-0.442202193,-0.364958135,-0.738813754,-0.346142623,-0.510607609,0.6841525768874072,2
-0.462730288,-0.403747277,-0.591649893,-0.31642232,0.6124432889903788,0.24102598802089162,-0.592877874,-0.451257277,-0.531259338,-0.336254535,-0.620155546,-0.59906475,-0.45572308,-0.344055269,-0.195698258,-0.083201543,-0.07925196,-0.447963518,-0.215588684,-0.868726561,-0.623827785,-0.387459687,-0.158958126,-0.042700738,-0.045785558,-0.207561044,-0.105443031,-0.067238274,-0.168082283,-0.117753344,-0.09800468,-0.180200852,-0.198136384,-0.138012334,-0.182486647,-0.160600335,-0.093178769,-0.003694125,-0.087934505,-0.068537817,-0.120643942,-0.026832105,0.081239545,0.19068693957723962,0.302428851,0.41445237863657336,0.521016706,0.5643053023029282,0.39087950385172526,0.18015780584253452,0.31225655202938435,0.45987989073276164,0.5142973245289245,0.6753025544007905,0.6614385731140343,-0.254571445,-0.517226818,0.6943055287940294,2
-0.451634539,-0.267051764,-0.211933703,0.6701687798399671,0.6486578510985213,0.43767343273674736,-0.234567614,0.8822651512645386,0.6033992998728808,0.9635751007444489,0.069078206,0.2536211758439184,-0.157976578,-0.357178334,-0.384506611,-0.239694833,-0.406401341,-0.334773377,-0.213803926,-0.058420123,0.16700856593052613,0.11978354083730679,-0.0313482,0.033426318,0.062424683193540074,0.1697334092378379,0.29322130909899896,-0.238677397,-0.118210811,0.008135464,-0.083092588,-0.30483074,-0.24325584,-0.202881803,-0.106734681,-0.028513731,0.054386332755983084,0.13544693380147335,0.19777632351899582,0.11949882243129141,0.16939898540649745,0.27476159853125315,0.3250114849784312,0.3204466748594417,-0.131808044,-0.186785716,-0.455833807,-0.527232711,-0.384512332,-0.269335402,-0.221863801,-0.319636634,-0.261360006,-0.170809776,-0.187497205,-0.242002213,-0.509148638,0.5921124394830124,2
-0.498288948,0.066344016,0.1546888256250646,1.8340657871288109,0.7322539263993555,0.1534469100820439,-0.213963972,-0.462495386,-0.10115633,0.008459411,-0.072287517,-0.192651788,-0.56829094,-0.597192514,-0.615872836,-0.489268069,-0.419633056,-0.230509076,-0.492150685,-0.26722522,-0.447109265,-0.25667088,-0.124421999,0.074332843,-0.001589316,-0.055437282,-0.281628318,-0.199260354,-0.168295701,-0.128125598,-0.35695065,-0.292159593,-0.253826343,-0.17925062,-0.139631519,-0.148870821,-0.129247848,-0.152927957,-0.100465119,-0.151433855,-0.073059381,-0.091328898,-0.008732705,0.042015139,0.063486679,0.11477694993209286,0.236669621,0.18890735416909304,0.042195389,0.16954054443809471,0.24625314637312923,0.12260143880290945,0.21229131060752224,0.39556569894433224,0.35149808889835293,-0.266362973,-0.546262494,1.1055257743343465,2
-0.470743136,-0.68542533,-0.558915738,-0.204155364,0.4680149986215123,0.036578323259813854,-0.134061278,-0.104651153,-0.554987911,-0.403582419,-0.188321877,-0.3640825,-0.233240123,-0.368477721,-0.651239018,-0.546633951,-0.463891309,-0.438008911,-0.274030489,-0.28193214,-0.081623037,0.16840499694512268,0.23877904172425338,0.44105351142311533,-0.197828853,-0.114025897,-0.039852319,-0.24051946,-0.116374721,-0.306782581,-0.263380977,-0.288360972,-0.212273329,-0.280833149,-0.354340831,-0.469637219,-0.493699271,-0.433608872,-0.430863232,-0.391831031,-0.30327536,-0.274343288,-0.182937965,-0.219453234,-0.180545151,-0.584928076,-0.729936813,-0.692630771,-0.599322475,-0.551011115,-0.422673583,-0.282391243,-0.297426918,-0.179808698,-0.021133945,-0.307316798,-0.51569503,0.099203843,2
-0.449361291,-0.093501236,-0.244667857,0.5747784949692389,0.6716028026455388,0.49484310793130887,-0.093736736,0.2025549472877056,0.39179263207542525,-0.380801073,-0.469875296,-0.422374599,-0.468525989,-0.438129224,-0.280711648,-0.142283553,0.038196705,0.032562952,-0.090384679,-0.153356,-0.217614814,-0.220161473,-0.176651916,0.023197455256003127,0.12524139341242874,0.089769264,-0.052953416,0.028474793,-0.349632692,-0.264235609,-0.23989081,-0.133507789,-0.185962794,-0.385447982,-0.401112265,-0.325763921,-0.237741024,-0.154426751,-0.151558997,-0.055815857,-0.109220506,-0.046687305,0.045209582,0.11701055240124136,0.13693464063864352,0.1649951530726612,0.2513757020488476,0.39578742923704846,0.4428555848232805,0.32341198755432204,0.43854610216292356,0.5722770170199152,0.7474009353242416,0.9494155255520929,1.0390817621239494,-0.20026966,-0.514144368,1.0561133973587855,2
-0.432681951,-0.806380252,-0.513087922,-0.19464803,0.33385104713231367,0.622542388,-0.212870097,1.6873449516951629,1.1579032453555713,1.5808830401133107,0.22976839056754156,-0.211656602,-0.063372033,-0.014525615,0.1636780824475086,-0.063079531,-0.245671089,-0.050055683,0.17194960023812872,0.4341605067411591,0.15795995709376212,0.004542576,0.041145479412402576,0.081292902,-0.321509166,-0.328817075,-0.181953111,-0.341043735,-0.24685746,-0.34887915,-0.257610118,-0.185022018,-0.092165024,-0.029986383,-0.045459485,0.009896803,0.090294533,0.1732565955586567,0.20690651515033218,0.22806826947849418,0.24887855356328767,0.2738025051856346,0.3549018895179492,0.024636767,0.14226488012576777,0.24242263499243474,0.3122792067429511,0.436135343,0.5702164197113107,0.6338226796633282,0.5411702199286265,0.6931339232595498,-0.449846406,-0.404230527,-0.431732129,-0.240720573,-0.493303744,0.9076492288398286,2
-0.406666059,-0.5774491,-0.257761519,0.40146321180037475,0.6660604786592967,-1.275094946,-0.113670775,-0.351422483,-0.477087363,-0.324877832,-0.128516115,-0.119730452,0.045923496,-0.024025213,-0.086254063,0.094933138,0.33078407827591677,0.5823904027218884,0.6808142297467199,0.6729839596792375,0.5922842780965564,0.7316154321248701,0.24643192667435987,0.4518607445605877,0.6425822221314959,0.7918244882479214,0.2470974355586116,0.29047319734090193,0.42544471936909833,0.4590477362281679,0.5120817942019497,0.42092091086024963,0.43704050275821804,0.3438686531075102,0.39916051693668175,0.248318665,0.33991282856115734,0.24853494145325847,0.25420794466502017,0.370386283,0.3232802932196985,0.42613079900616474,0.37924408411482885,0.4867991112350108,0.5846950624992691,0.706258449,0.8197679486770091,0.9131404181201087,0.973978654,1.0503290410377084,0.5162252445188481,0.30163339965874836,0.5022944827040953,0.4654614486486641,0.608624157,-0.022702692,-0.506017791,0.2578752546333137,2
-0.444541682,-0.759472017,-0.611290385,-0.422131538,0.45129764922089016,0.5773204015514964,0.015185581,-0.265895322,-0.251068272,-0.190504618,0.019938436606410016,-0.022552456,0.040801428,0.16366061251522443,0.3241662835080908,0.37415893972747205,0.33409497606955585,0.033850734428076006,-0.141100301,-0.107311691,0.049665986,0.22337194414977066,0.3792108827195304,-0.288121802,-0.142641526,-0.750333827,-0.754919167,-0.663314005,-0.565699056,-0.608244633,-0.542604525,-0.458884791,-0.66129333,-0.588845598,-0.500586571,-0.431273952,-0.381115154,-0.290276655,-0.467218399,-0.40801097,-0.425963041,-0.340791998,-0.238538255,-0.24642942,-0.19168592,-0.144763087,-0.100078042,-0.253036238,-0.28674375,-0.338123418,-0.229213328,-0.046696539,0.084415151,0.054652863,-0.266093799,-0.25012664,-0.50186078,0.7014028085392674,2
-0.464688154,-0.406595918,-0.814242142,-0.911437654,0.6461853322632514,-0.713935836,-0.3166889,1.046606071952905,0.5658476009326061,-0.233788218,-0.00847081,0.17242949048836864,-0.187198785,-0.150752365,-0.321164568,-0.226223244,-0.070554826,-0.003631926,0.24488577840958092,-0.144952839,-0.130728245,-0.039103419,-0.365044988,-0.193690792,-0.382880972,-0.360593208,-0.446686514,-0.635012472,-0.586474697,-0.615728398,-0.514767967,-0.43343854,-0.36646073,-0.307482415,-0.524263903,-0.484783925,-0.430100052,-0.339465024,-0.251627839,-0.159294882,-0.154616944,-0.090355629,-0.013819588,0.096311323,0.16344963353275618,0.2873871669001455,0.42116993,-0.183154268,-0.149575759,-0.261993155,-0.232915092,-0.20324128,-0.109696812,-0.102578777,-0.154290041,-0.253672429,-0.519004442,-0.677796781,2
-0.423927549,-0.411781658,-0.290495673,0.3699155468114718,0.5716303960412739,0.44819451877802996,-0.015072411,1.7983668430869875,1.4178998607521311,0.8632118605899854,-0.17824993,-0.079045311,-0.000346167,-0.075278882,-0.059995294,-0.636896518,-0.608514503,-0.538165057,-0.322938115,-0.125691867,-0.353289507,-0.107638411,0.12611064767034375,0.29025100603697046,0.4833233415518497,0.41609351,0.081007001,0.1462748416033565,0.091278467,0.1639604023020353,0.11905182706361878,0.22240055835631004,-0.039281795,-0.097984022,-0.128859394,-0.052882915,0.043174036,0.031484351,0.13139781385896898,-0.035175946,0.03635369,-0.035368009,-0.057126429,0.029708878874084226,0.14619059744485136,0.13236768219555178,0.1642247683868271,0.2541185934142199,0.3395867026196531,0.10118534335753858,0.05739159,-0.429158117,-0.316311987,-0.185494328,-0.625957339,-0.196752708,-0.492459479,0.9771146376966159,2
-0.469654811,0.28656638061768325,-0.401791798,0.2175746015431417,0.8134598777307407,0.6155065059326581,-0.562451874,-0.584409249,-0.646949348,-0.661537056,-0.486533229,-0.49876832,-0.550560076,-0.522354156,-0.510867384,-0.469669773,-0.420489811,-0.221816475,-0.089335647,-0.130550216,-0.972476652,-0.91536722,-0.709392997,-0.528443479,-0.388518374,-0.331783177,-0.173752542,-0.35280983,-0.29695429,-0.175523936,-0.193349928,-0.265325978,-0.275963102,-0.220351489,-0.152255485,-0.06941785,0.022795789870094882,0.016682853680739095,0.022535032289168977,0.097282825,0.17190075861948784,0.26489005878790917,0.3792299231867221,0.4836086747534538,0.4072243994446098,0.5343963289884965,0.6848834852408519,0.2905389632269606,0.2919523815481345,0.26235933873084544,-0.136207427,-0.273288896,-0.460553653,-0.785172017,-0.954798992,-0.259387796,-0.522714898,1.3282380889648204,2
-0.449895487,-0.605653065,-0.323229827,0.3658536220122208,0.6206490713617314,0.31279735179158924,0.42119290978434837,2.063324249043778,-0.253501938,-0.005446963,0.2449540710894882,-0.157031307,-0.451404966,-0.332168291,-0.250922234,-0.13851461,-0.13040667,0.098098061,0.3615504740151797,0.44448424479684717,0.4139797975083553,-0.29421463,-0.697327665,-0.496520414,-0.337768972,-0.225566811,-0.27133471,-0.223486813,-0.170117673,-0.127358562,-0.239020801,-0.175551665,-0.181789746,-0.22725597,-0.139988982,-0.063695088,0.034368778557715564,0.1301016041468796,0.1891648390758418,0.15550579064727346,0.1616024127453201,0.23696163602075898,0.16585976644656816,0.2909828094489948,0.15382196853316008,0.18114467753917265,0.13828548780316546,-0.066172312,-0.333226861,-0.226916866,-0.196399683,-0.149791684,0.050441334,0.08209941,-0.393661163,-0.244788131,-0.507845995,1.2726879974617098,2
-0.461678913,-0.39687097,-0.755320664,-0.760698689,0.64736345,0.4453742681746129,-0.497209199,0.25297006630962166,0.10187138014987898,-0.0847684,-0.147795987,-0.228021377,-0.316271509,-0.268758526,-0.159435475,0.021232507895818487,-0.019370578,-0.701252809,-0.594261078,-0.405127947,-0.467827243,-0.230817008,-0.554006932,-0.364097743,-0.186800031,-0.5409836,-0.382974165,-0.628481349,-0.532487276,-0.489888141,-0.387100218,-0.364707272,-0.272509063,-0.232755414,-0.237064633,-0.218603027,-0.189892948,-0.114252353,-0.0346967,-0.002839991,-0.095832003,-0.040436781,-0.129126483,-0.020529655,-0.11344828,-0.042479099,-0.008094913,-0.197124475,-0.568748263,-0.507625564,-0.393854492,-0.399237683,-0.346778151,-0.363293444,-0.868511343,-0.285553654,-0.510848789,1.393276687823399,2
-0.526859737,-0.884058411,-0.702946017,-0.430839797,0.41801770840814434,-0.018364539,-0.16511587,1.3681947891258297,0.29723049776281574,-0.181106223,-0.079268411,0.019072333483153237,0.043820368,0.19966352212176242,0.063346676,0.12131644469494643,0.006298878,-0.337110509,-0.235533958,-0.165866015,-0.135190095,0.009471983,0.14407766927142096,-0.574938475,-0.67565033,-0.802919237,-0.707781481,-0.582593329,-0.528023012,-0.453568966,-0.37665383,-0.377335997,-0.345024038,-0.428797421,-0.460549229,-0.420954169,-0.390439569,-0.312560436,-0.322018913,-0.508375502,-0.434469095,-0.360475664,-0.306127617,-0.354200318,-0.366702218,-0.522025002,-0.55242344,-0.518606522,-0.402311265,-0.300590648,-0.27221491,-0.499116587,-0.347752965,-0.202634529,-0.001982161,-0.429789749,-0.544905595,-0.90840205,2
-0.451218048,0.044575933,-0.126824901,0.8971533990692326,0.6980569374587043,0.4927944800088123,-0.18101661,0.079049134,0.18907532246267195,0.11977746023853676,0.30937813728541624,0.35383075439740713,-0.021917378,0.075584055,0.14431362484703766,0.21720868199512522,0.2091296530214123,0.086506657,-0.291210303,-0.064753123,0.019558634827929303,-0.039753415,0.13375762800542104,0.085556206,-0.527472845,-0.61201165,-0.517112116,-0.575226053,-0.49141201,-0.436829093,-0.351763986,-0.274806333,-0.260758218,-0.191586027,-0.180310011,-0.264726494,-0.17849418,-0.103799145,-0.112334049,-0.082252813,-0.045756528,-0.042957945,-0.16184175,-0.120534909,-0.040706585,0.07333005,0.000515276,0.10301850103909937,0.2482052334828006,0.4132466134239622,0.3889155464023744,0.5825047192539193,0.32945259816661465,0.11433382386002061,0.11054857797984956,-0.249775694,-0.507627935,1.544611231984306,2
-0.467590995,-0.82847072,-0.670211863,-0.514384093,0.39033652,0.076557241,-0.517500324,-0.291694877,0.13430229569045704,-0.643806673,-0.450459045,-0.402865143,-0.311175933,-0.295630045,-0.129830873,-0.297027347,-0.130244078,0.026761562,-0.117069605,0.1285071654267444,0.3861795916740532,0.20344629570194162,0.41428428964389774,0.601661639,0.7364586438026829,0.7415863577747482,0.045388809,-0.264682358,-0.358165935,-0.638219326,-0.57088691,-0.490896028,-0.485614057,-0.407572989,-0.433959848,-0.374337719,-0.296742483,-0.257533558,-0.161739795,-0.22542608,-0.222173074,-0.232424649,-0.135248613,-0.072210729,0.022397804,0.098850028,0.23205976545986437,0.017791858,0.073201959,0.16325888049325207,0.3195163804902927,0.44414933499027726,0.4201811572006288,0.32739174711927144,0.2673443931367227,-0.296046415,-0.514787179,-0.357643316,2
-0.43969694,-0.429156969,-0.369057643,0.21076347488265806,0.6205133063990905,-0.314465334,-0.068574783,-0.194212403,0.12713820055040786,0.43387221059479586,-0.039965154,-0.140814776,-0.04469004,0.10775415036819873,0.12224649557813903,0.006104252,0.070341648,-0.496496651,-0.367661808,-0.379175688,-0.207899963,-0.148138354,0.085204485,0.27517572755010167,-0.13126945,-0.084394459,-0.013308822,-0.010796498,0.017394648241137595,-0.065182772,-0.106452006,0.003740881,0.084719987,-0.039731792,0.001275122,0.045784304,-0.000569954,0.071638239,0.10770047400138227,0.071205191,0.1344315376431481,0.1667954353430015,0.043891866932073975,0.004771951,-0.120767903,-0.050422299,0.037313663,-0.276659059,-0.298999365,-0.228131993,-0.150823906,-0.080588245,-0.022342222,0.097494303,0.22792480653546038,-0.226713892,-0.501637049,-0.38327995,2
-0.45060412,0.016062513828601396,-0.225027364,0.631586027,0.6656316522251522,-0.240644185,-0.337196759,-0.01479798,-0.366767403,-0.129639907,-0.253328712,-0.383615756,-0.485405681,-0.624575038,-0.662796613,-0.703656071,-0.604519764,-0.614518281,-0.455599138,-0.300679876,-0.245490339,-0.142206987,-0.062140272,0.061349694,0.19673533789399622,0.24981886496981984,0.3337118841581597,0.4130616487770677,0.182766785,0.11901774131685816,0.22341142074968304,0.096109692,0.070514569,0.13217314887468296,0.23721186918179513,0.23438322114293716,0.3376685769100982,0.44110894388041505,0.5607141370362518,0.6721116699809558,0.48219897298141384,0.27139199127737834,0.38973109201288775,0.47811309552098774,0.47132384388430054,0.5187220282955513,0.2254967902769273,-0.011595487,-0.089272348,-0.012435928,0.054496996,0.14085001102529102,0.27818626094999477,0.4510065651606987,0.37506824220902774,-0.142750637,-0.525161187,0.003639659,2
-0.464650783,-1.015973065,-0.480353768,-0.010372023,0.32520209415752144,0.5589960590034669,-0.486911793,-0.080089917,0.22744674001022563,0.19860137103726475,0.3424278127456104,-0.113197957,-0.197372443,-0.240910635,-0.212969729,-0.055699708,0.061275125,0.2580862541721812,-0.268463618,-0.246528839,-0.156217454,0.092331773,0.007936229,0.098054089,-0.188037164,-0.134395393,0.001996096,-0.291248567,-0.23004951,-0.122130772,-0.189360677,-0.118574156,-0.177097855,-0.310701057,-0.298237909,-0.252608082,-0.16796813,-0.184799377,-0.149174679,-0.128459288,-0.104172664,-0.007046251,0.10454912947707043,0.20920588821962585,0.340515252,0.4722975239040786,0.42343253247942425,0.4132732605704309,0.5521929066312533,0.39603518998494924,0.20320541581078336,0.3581919076897105,0.49546402593200284,-0.596379311,-0.422745169,-0.306715886,-0.509763001,0.5951737805333296,2
-0.523866581,-0.423838426,-0.768414326,-0.621087773,0.6345311076070089,-1.655528783,-0.337478409,0.4838632769598257,0.8970761674077484,0.33894150517711286,-0.423033558,-0.233790665,-0.235318798,-0.166526474,0.00963129,0.13116757234134643,-0.078929412,0.066124767,0.28924738938999517,0.22707878105226115,-0.085463761,0.082731591,0.2239520897382679,0.2715253267145347,0.40736896243403425,0.11918087283754902,0.082677168,0.09947797,-0.218304389,-0.228574548,-0.11520836,-0.010387353,0.001253631,0.066935897,0.086305389,0.073484526,-0.096789671,-0.164597112,-0.120499016,-0.120343921,-0.033657906,-0.076558174,-0.124429791,-0.170212991,-0.050901767,0.019058560073264674,-0.102697818,-0.01357835,-0.10272848,-0.1515081,-0.241959011,-0.184146135,-0.411488521,-0.659471294,-0.718145837,-0.390053128,-0.549033889,-0.243183146,2
-0.442435385,0.12877101879123737,-0.159559056,0.7794336111683348,0.7424823895635132,-0.041312233,-0.20110381,0.008308429,0.069041107,0.048519699,0.086172908,-0.242089313,-0.079510214,-0.359604223,-0.323336847,-0.281360269,-0.150985182,-0.073349168,0.12052111915522401,0.020502654,0.16550594282766398,-0.339725504,-0.098574945,0.045202067,0.13080273774136086,0.28730559998682353,0.3584773164327012,0.42209511023069746,0.3628477468185687,0.38666727395309347,0.38456604024325564,0.4561307460985611,0.5406049711089982,0.6383160089457243,0.6627917660835668,0.42615274505377754,0.5229013709972766,0.5976730186023844,0.6856386377223456,0.5917502878037122,0.5976579718852583,0.31984074203127366,0.34573965284699415,0.3415290142234773,0.31864905124085274,0.4541114814761893,0.5491332734468999,0.28686576595973157,0.24715502103777814,0.13333455045276194,-0.023959761,0.047416918,-0.170730155,-0.254824623,-0.062150848,-0.128773647,-0.520362133,0.43411074605139677,2
-0.437809876,-0.492585117,-0.670211863,-0.598648567,0.5941762493685335,-0.482135144,-0.368250081,1.0715998236660964,0.30276819142082667,0.091333387,-0.173753365,-0.068136824,-0.083722548,-0.03806236,0.047885787,-0.259309184,-0.278758514,-0.165704569,-0.090760012,0.16596890726827923,0.28612963959430726,0.071150118,0.28782560049949774,0.3845983676823746,-0.186007035,-0.376310424,-0.274261331,-0.353270278,-0.271182096,-0.243448897,-0.261860551,-0.169174059,-0.271325449,-0.322001636,-0.271008352,-0.175916111,-0.102942105,-0.073422074,0.008042966,0.085349473,0.11977653593114916,0.20020644517734182,0.3053047560627406,0.36471311991371685,0.48725437596411375,0.503897371,0.6120027331151262,0.7776422228148174,0.6146210737018166,0.7767741498416212,0.10247785407488266,-0.430738329,-0.281571598,-0.30918343,-0.391444792,-0.17351584,-0.508554423,0.6314365632149065,2
-0.413614123,-0.626348571,-0.545822077,-0.337068816,0.45044559333123124,-1.377591264,-0.252646131,0.7586424740512668,0.4796558930828768,0.8700461924366708,0.38919260685526336,0.20803214185803784,0.2538399537972393,0.10139191393546086,0.10629433815723581,0.048200098538921626,0.075594104,-0.023765869,0.036159125182344036,0.25691817433844016,0.05011902,-0.132083448,0.061778846,0.22281512442043616,0.1653076104751222,-0.058467909,-0.198859672,-0.190146024,-0.20713218,-0.225927267,-0.158488662,-0.082155989,-0.116598713,-0.091654522,-0.163535553,-0.068458549,0.02937815,0.13053841754073345,-0.081350523,-0.031858149,0.065179976,0.088590355,0.1942309740433419,0.10165268672313713,0.075106732,0.045110208,-0.029269929,0.000605649,-0.293205987,-0.244208359,-0.155391056,0.017747304,0.063526476,-0.57691672,-0.669856587,-0.127560592,-0.494136632,-0.12029283,2
-0.491746521,-0.738565673,-0.657118201,-0.408664414,0.4162753047312794,-1.061595566,0.46451736959278617,2.331477865578528,-0.096495849,0.20574081305948205,-0.065267375,-0.295930475,-0.41520463,-0.799448418,-0.987906842,-0.951398404,-0.902295932,-0.773341787,-0.721980635,-1.073745846,-0.854247121,-0.652654816,-0.477518742,-0.577582906,-0.700947183,-0.575740596,-0.586023653,-0.590949663,-0.572723125,-0.544157941,-0.604122911,-0.530260658,-0.495270871,-0.488344078,-0.713704593,-0.633549304,-0.607321579,-0.561334551,-0.508664567,-0.591150952,-0.654432566,-0.67712503,-0.699237356,-0.618710601,-0.557814127,-0.468430554,-0.434151634,-0.892728819,-0.814019965,-0.86267753,-0.712853453,-0.896437628,-0.731054738,-0.794841538,-0.691070812,-0.359090907,-0.525169701,-0.584176264,2
-0.470086485,-0.699551912,-0.591649893,-0.294685479,0.44796301216825324,-0.060272554,-0.077965586,1.8160475175187492,2.488399260211685,0.5700485135607584,-0.211766209,-0.154465042,-0.37762177,-0.303197812,-0.363715993,-0.330374592,-0.165023129,-0.055621686,0.1568962222247842,0.083984713,-0.035303681,-0.178998018,-0.098934257,-0.255267729,-0.129136947,0.054425229494257314,0.1761009304838775,0.3073509261008719,0.12516947975914977,-0.013800063,-0.292343205,-0.304023348,-0.213260916,-0.146537265,-0.057064593,-0.130957523,-0.086354137,-0.090931222,-0.052217839,-0.042313486,0.044811690022859896,0.062621078,-0.042407447,-0.136550947,-0.425110279,-0.322823246,-0.33751011,-0.461304802,-0.630326752,-0.674943259,-0.573719878,-0.588645416,-0.401894377,-0.681532749,-0.544733902,-0.280469112,-0.519526803,0.3135489053528048,2
-0.520195277,-0.714891551,-0.336323489,0.5632442567173779,0.38356304435817673,-0.63156429,-0.290046951,-0.239296426,0.2371374382454823,-0.16547781,-0.17568569,-0.02817229,-0.019489309,-0.103623017,-0.539171313,-0.406511471,-0.378720401,-0.266315539,-0.235786247,-0.110599704,-0.154593892,0.099525422,0.19395924731410533,0.029525677348011307,-0.300301379,-0.254163342,-0.107500221,-0.33682268,-0.286696608,-0.193648427,-0.084963279,-0.098864317,-0.053315752,0.030848619963034864,0.1181963188978405,0.11475388242267823,0.21374366287501015,0.1679858191020135,0.20906393424249384,0.20726731461625789,0.2215642812660243,0.2167245717271729,0.2965248302785714,0.37453859416146146,0.5042919062546058,0.14681325522605493,0.026850198,-0.28085764,-0.175206188,-0.47254681,-0.475661336,-0.653348926,-0.65085626,-0.528782771,-0.334735217,-0.405130972,-0.543148177,-0.013965457,2
-0.423927428,-0.084441028,-0.480353768,-0.133642077,0.6410301785095157,-1.65428163,0.095497764,0.1067122258388639,0.25506682548834547,0.48770082659289854,0.12755689082488006,0.004604857,0.014873462064442419,-0.132462263,0.035890092597027835,0.037452696080249724,-0.159090619,-0.141930117,-0.099683497,-0.419482556,-0.686201635,-0.537111409,-0.47629948,-0.349981253,-0.168119364,-0.141626517,-0.155569149,-0.078156075,-0.100117077,0.016470445,0.092128323,0.013186353383414742,-0.021142669,-0.161532314,-0.064158088,0.012687183397410822,0.047502895368755384,0.062426666097217885,0.056673591,-0.010267918,0.1000957294166994,-0.167255822,-0.166183889,-0.369866339,-0.263171436,-0.290254484,-0.187888486,-0.239630269,-0.130262096,0.020108869062701713,-0.097462913,-0.087447641,-0.946986883,-0.772229045,-0.61301558,-0.102513548,-0.508127426,0.5032405623230205,2
-0.447856896,-0.224406212,-0.369057643,0.23649258958097868,0.7551591485734352,0.076553286,-0.140663901,0.3656217893612792,0.9861372935354563,0.8923819893254703,0.8673200085425296,0.10028284949833072,-0.219152583,-0.161266218,-0.121841595,-0.09063441,-0.220328328,-0.143658862,-0.143407366,-0.498933287,-0.543040714,-0.569664639,-0.35671061,-0.398206568,-0.449071821,-0.369600868,-0.219058118,-0.125050697,-0.119652494,-0.282535564,-0.263015465,-0.182940215,-0.117252969,-0.072110155,-0.082560223,-0.041282495,0.051869463,0.029801677786265426,0.084651357,0.11194632053126162,0.005248559,-0.004266229,0.093978523,0.20146561410137845,0.32657165384096365,0.4433310453253159,0.5641021700399251,0.6966538270412249,0.7396569206352316,0.8530451997050442,0.26942447488650056,-0.225113618,-0.174442678,-0.639892447,-0.47903908,-0.298252983,-0.497196647,0.3037896168888257,2
-0.421830331,-0.105244458,-0.257761519,0.44997711367636295,0.6807723663871836,-0.633985285,-0.178411283,0.4832146724309494,1.1679862657605626,-0.310330916,-0.238327351,-0.328767105,-0.187966834,-0.073757538,-0.250953115,-0.100639566,0.11686689578098318,0.11145920558658835,0.26524403611898395,-0.077182064,0.094886006,0.2768995167054523,0.43869167958210703,0.571519019,0.5925209292734492,-0.05917621,-0.090858039,-0.006176908,-0.237277178,-0.130608588,-0.029143879,0.005759864,0.037087562,-0.162198382,-0.376130928,-0.293132101,-0.235107587,-0.140117295,-0.083199189,-0.270254438,-0.340150754,-0.408931808,-0.341025581,-0.304903173,-0.219382677,-0.134179409,-0.136813582,-0.031369993,-0.559688609,-0.592533535,-0.433617926,-0.443702307,-0.274932575,-0.332786089,-0.187740306,-0.153060286,-0.497910683,-0.22326188,2
-0.474620986,-0.596115432,-0.211933703,0.7480775324986516,0.5046581119025593,-0.607397346,-0.203503317,0.4479797113622076,-0.416079585,-0.666744471,-0.492264713,-0.606509106,-0.578353658,-0.479237277,-0.535356909,-0.392192881,-0.717359377,-0.635405735,-0.46852144,-0.247798906,-0.147422027,-0.03273271,0.13825463912702782,0.30548815190621414,0.21421251993045184,0.2191958828895067,0.266426191,0.061439657,0.10200973954470255,0.1498937393086345,0.24184033331630572,0.19592632011183664,0.2466415874383119,0.1465559540336253,0.091014668,-0.078768625,-0.001195234,-0.144719451,-0.160490342,-0.073302361,-0.067280166,0.023874257,0.13881921793383029,0.1414065309314362,0.031898262169848104,0.12933352929832273,0.25322106036576975,0.19668049773762916,0.22096591909288743,0.021803796870090902,-0.140588723,-0.000757599,0.010908495526067364,0.009575482,-0.242448628,-0.219662904,-0.533273962,-0.109492497,2
-0.440946473,-0.390856175,-0.624384047,-0.467440889,0.6192015948159202,-1.407338075,-0.086260197,-0.19014975,0.00199669,0.020955357289618618,-0.151149186,-0.045835508,0.1492915371841764,0.091900805,-0.110445807,-0.176993257,-0.052593197,0.033916571,0.12402999850281789,-0.077588694,0.12943439651082334,0.14849378594814025,-0.209294823,-0.1919352,-0.497568512,-0.329265882,-0.33240759,-0.208974101,-0.244647427,-0.355998774,-0.487846932,-0.430531617,-0.35537049,-0.284610067,-0.265702279,-0.332010526,-0.336376674,-0.255705673,-0.16443108,-0.086464117,-0.146108533,-0.183021123,-0.096858358,-0.089016588,-0.007155452,0.1241064176069819,0.055535377,0.080892434,0.15523110350042782,-0.061527497,-0.01122101,0.050453607,0.084971166,0.23141791155101998,-0.046282549,-0.159098032,-0.513673281,-0.077939009,2
-0.500011495,-0.585078496,-0.526181584,-0.025368062,0.41477500861112804,-0.180174806,-0.440797007,0.4407214789332079,0.6493999100783149,0.053169002,0.059944551,0.026376386,-0.089500086,-0.308346835,-0.240150054,-0.454984652,-0.351091316,-0.14276762,-0.662552229,-0.500108576,-0.481376546,-0.471878917,-0.570924668,-0.507589453,-0.398007632,-0.592366685,-0.648766911,-0.514485893,-0.415929912,-0.360488586,-0.39661287,-0.31271459,-0.324177565,-0.278333851,-0.301308087,-0.305283121,-0.365368084,-0.47324517,-0.440533651,-0.386986529,-0.323545629,-0.305132616,-0.216404749,-0.242805259,-0.151914523,-0.274390365,-0.283343329,-0.405788902,-0.696467058,-1.063392227,-1.213898642,-1.19711067,-1.008288527,-1.279242746,-1.176566779,-0.353387245,-0.533919606,1.0409307307818585,2
-0.432949109,-0.144441146,-0.578556231,-0.368166142,0.7395914124676389,-0.290845396,-0.21548236,-0.134046092,0.3421719020243857,0.7455975259806921,0.7444417569635755,-0.369382655,-0.31553103,-0.468697912,-0.334593587,-0.258490199,-0.202387385,-0.457653016,-0.462475163,-0.255154957,-0.159517103,-0.177641331,-0.074553202,-0.064027358,-0.072682711,0.097379739,0.091435514,0.068985324,0.15316580520409673,0.13861892176697102,0.10970782172682399,0.13336788152503948,0.16961718053993918,0.16545500633201496,0.085320028,-0.10599435,-0.026061669,-0.036982844,-0.080043001,0.007380472,0.083635728,-0.060011815,-0.10223856,-0.061301938,-0.071489752,-0.155359892,-0.022960865,0.11634435349229012,0.12645956570344866,0.2410590223753645,0.2328704065503901,-0.062541977,-0.705188329,-0.507660994,-0.8160288,-0.097068791,-0.517094092,1.1295783060820448,2
-0.473605449,-0.505065079,-0.624384047,-0.372931401,0.5309062595511829,-0.445596983,-0.263195705,1.226452021742233,1.4417057990581505,-0.027937119,0.20989644482570138,0.42893331509592936,-0.052831405,-0.134223751,0.042584096,-0.379421597,-0.34900808,-0.325051452,-0.231334619,-0.193426941,-0.19537868,-0.435993338,-0.194729101,-0.094049509,-0.560921311,-0.413402443,-0.427029527,-0.334192498,-0.227116975,-0.157580755,-0.071170972,-0.055417369,-0.055996496,0.037034360383457046,0.049901063,0.081157203,-0.029299972,0.059069070862594227,0.12226829731286032,0.22742996792522574,0.2938532491239662,0.059523309,0.15342008821520756,0.18478921432750534,0.2772776456259341,0.26114594823733484,0.1388640565116649,0.086927966,0.016398118299364932,-0.061193844,0.047719792,-0.056901108,0.002474597,-0.260139124,-0.109838915,-0.260968298,-0.525375757,0.079840554,2
-0.47943828,-0.409128273,-0.048262931,1.2091946702533563,0.5456486706926115,-0.21660768,-0.059175161,0.3675940232494981,-0.065829083,-0.294691851,-0.207406002,-0.161282155,-0.168630813,-0.067373444,-0.203014315,-0.059197488,-0.170461343,-0.031731808,0.033852406,0.13434011915037383,0.17743056172731325,0.1673962019610741,0.24383016571653326,-0.017066007,-0.314808545,-0.43019389,-0.365232426,-0.264083309,-0.373891333,-0.436178127,-0.419500625,-0.335876143,-0.547309955,-0.463430179,-0.489625906,-0.451617687,-0.440743941,-0.461035229,-0.371405864,-0.358143406,-0.441179062,-0.659395452,-0.585917618,-0.658168115,-0.626590129,-0.582457689,-0.477349624,-0.571493194,-0.57201924,-0.653101583,-0.62717711,-0.476179726,-0.72133361,-0.528795724,-0.444748688,-0.294661932,-0.525496412,0.6681443677808064,2
-0.472466735,-0.557621029,-0.689852356,-0.55357042,0.609693154,-1.062389527,-0.118274187,0.7308509760312122,0.773905378,0.21974347880261744,0.3785041429766812,-0.092167579,-0.10763821,-0.24362156,-0.200858357,-0.059728659,0.1403466633239828,-0.393570152,-0.255402419,-0.603109368,-0.388655238,-0.19677135,-0.224523979,-0.42211797,-0.261734366,-0.089269527,0.042090001,0.095421319,0.1596060076068762,0.16623539770156137,0.16651735180919025,-0.02468711,0.040466766,0.11145027047867846,0.1895271217104619,0.18531832955287053,0.14541456577710285,0.20042593910083153,0.12565672399920597,0.14565628232174196,0.11201993601283143,-0.053076374,-0.138747692,-0.107102087,-0.066318621,0.019917807820351994,-0.145230272,-0.098665909,-0.091254564,-0.383580165,-0.287272856,-0.544820556,-0.414522113,-0.864904819,-0.717667381,-0.291272859,-0.519718781,-0.249258249,2
-0.452893904,-0.121817176,-0.257761519,0.5513337044026354,0.6720307727113713,0.20995129542296379,-0.184091514,0.38600026748638877,0.8029446912752375,-0.186898614,0.027147976228537977,0.1764037825079565,-0.351738938,-0.368440723,-0.266275472,-0.235412243,-0.146131304,0.023518259,0.2612156234054563,0.2358043523639652,-0.15856086,-0.563166898,-0.559936618,-0.356859503,-0.191742139,-0.012189462,0.011388629462055991,-0.103706518,0.00378239,0.044728658,0.078768993,0.18166900913220801,0.12797903744171443,0.2347952463969893,0.29292551203125444,0.26941242739899074,0.38151887196374296,0.34695732585016403,0.413095859,0.41478642146631484,0.4435089564215236,0.5658768279409425,0.5582347674299002,0.17489723115206202,0.168060422,0.24912606935057383,0.25200819036152977,0.164084155,0.2292767717625216,0.23681575950084868,0.36721680812105617,0.341192293,0.3923828049866438,0.2611752409538292,-0.421516202,-0.205947426,-0.516597993,1.448683675134794,2
-0.442136689,-0.419676542,-0.336323489,0.30593492662865274,0.522278165,0.002716247,-0.076638761,0.4988178647701709,0.9567704866236793,0.7584026087688874,0.08496818,-0.168375848,-0.00967822,0.03743944,0.00956524,0.1210333256979462,0.049516028,-0.033400549,0.12611170883126302,0.020424639474796925,0.2125076062273294,0.33898727572628146,0.4460568050559011,0.5814079475771611,0.023382671137571965,-0.011005675,-0.175364121,-0.103093702,-0.351257881,-0.296693366,-0.25772458,-0.199181735,-0.118599101,-0.073400501,-0.043482523,-0.197300836,-0.292651966,-0.203012316,-0.174977415,-0.214961436,-0.150286107,-0.121874974,-0.031286679,-0.069049608,-0.028285195,0.098761143,0.03659295,-0.025922766,0.086132399,0.22304862992708374,0.16557419437056978,0.18410810675443962,-0.406186419,-0.457057211,-0.397308053,-0.160092541,-0.514456668,-0.254133916,2
-0.466792016,-0.440009859,-0.336323489,0.38532852013546903,0.6138067802720794,0.334763859,-0.193207049,-0.409676268,-0.31077665,-0.353415738,-0.292867746,-0.186653383,-0.015304399,-0.217191337,-0.540647017,-0.473779993,-0.489648136,-0.306813424,-0.253381642,-0.37831742,-0.129076013,-0.058891279,0.070347146,0.049156496,0.175141659,0.31488172146364213,0.34293055015241025,0.4517966180390311,0.1985547457133905,0.28369407507716116,0.010770607262536851,0.10221749144344242,0.20662926103825585,0.23703426283712123,-0.012514214,0.011095939701298416,0.02232572,0.073704888,0.18189106401640992,0.21139803552062333,0.25351583759807517,0.1494029597302661,0.2170014457259657,0.19673465578053478,0.12415367706053666,0.12421834411579967,0.2447306296675581,-0.015168626,0.11498295390003518,0.21259304651291075,0.3253339619794487,-0.033066225,0.015646109,0.21400324278434274,0.063844681,-0.187235658,-0.532386275,1.1999066834169603,2
-0.489600959,-0.302750136,-0.369057643,0.370987533,0.596792516,0.1473561334943526,-0.200032122,-0.007919089,-0.057889983,0.15038783777571024,-0.22543416,-0.33290337,-0.29484365,-0.246678767,-0.154779471,-0.13343676,-0.348028815,-0.187115637,-0.74673191,-0.516847964,-0.294787826,-0.296868632,-0.519961604,-0.395338543,-0.575337891,-0.415597299,-0.399191179,-0.273876419,-0.156887358,-0.120354594,-0.091452118,-0.031353753,0.026702865,0.036199355417544404,0.10008021785503309,0.16372422725682018,0.036014299,0.021226132,-0.070162247,-0.143732386,-0.077703954,-0.000751941,0.016981316012742196,0.086011618,-0.249384212,-0.472596364,-0.566533519,-0.438111864,-0.305213636,-0.318220228,-0.27849721,-0.124730025,0.078141571,-0.025527472,0.052800285365958016,-0.301343405,-0.533406654,0.07670154,2
-0.490241886,-0.400566086,-0.702946017,-0.538162986,0.560600525,0.5496876205843507,-0.17245479,0.7417799409558172,1.0420047466094495,0.942873009,0.24002398010753773,-0.00887335,0.025704986,0.11258541395807907,-0.158252819,0.003645406,-0.183030299,-0.210441418,0.01553924,-0.322382529,-0.525603266,-0.308713851,-0.073029758,-0.059114035,-0.062097364,-0.271817839,-0.34947275,-0.49135107,-0.479343124,-0.450899837,-0.350938297,-0.267013381,-0.455354961,-0.397932934,-0.445742378,-0.390473287,-0.359013777,-0.320564225,-0.380560898,-0.302670796,-0.259245477,-0.255752885,-0.213151443,-0.144035941,-0.046946805,-0.223495025,-0.422137473,-0.317786464,-0.18296178,-0.107317424,-0.092912716,-0.753910564,-0.636125636,-0.445256167,-0.359581959,-0.364063528,-0.523682802,0.5953880701763415,2
-0.450580188,-0.499094008,-0.624384047,-0.439838585,0.47785298841823626,-0.223065958,-0.248503058,-0.394686402,-0.045365537,0.10058967081579773,0.330390376,-0.332022642,-0.207431056,-0.074516739,-0.236069026,-0.290277829,-0.133033315,0.07194314,0.10305470957526723,0.18282530274391343,0.43652937848877055,0.3480141417388603,-0.208763446,-0.045523627,0.12996344655832667,-0.192436265,-0.031755034,0.090529952,0.11886912974549116,-0.058210348,-0.164897577,-0.157240839,-0.305696733,-0.286838842,-0.194660064,-0.129367309,-0.262264878,-0.170465695,-0.256827572,-0.273022308,-0.231650064,-0.154374283,-0.099602868,-0.002314383,0.10849264760547184,0.10730087436618238,0.1431749229924863,0.2404958587338504,0.3787165771685325,0.014331093726753258,0.16677935225668528,0.3351732331431431,-0.251342157,-0.133215161,-0.191832863,-0.19907842,-0.515749506,0.1177651952043492,2
-0.476317287,-0.305356645,-0.755320664,-0.720154135,0.6510038109305464,0.10496447826462005,-0.142473419,0.7796233628030778,1.2031754748758916,0.081866356,-0.250699757,-0.048114058,-0.143169957,-0.434651083,-0.278481432,-0.311358715,-0.332009678,-0.172407252,0.032314850998381064,0.19394669068662415,0.26837548960493185,0.5151794362152796,0.5589725514572402,0.6740009928323896,0.8846516228484468,1.036210075250448,0.38647324908718417,0.015564673,-0.015232088,-0.249919608,-0.161986556,-0.222259283,-0.268581139,-0.189304055,-0.165929224,-0.208286281,-0.133062356,-0.097695761,-0.41163926,-0.323397431,-0.376021454,-0.285826133,-0.248784292,-0.23085924,-0.121612258,-0.032511971,-0.058187267,0.021197348439230965,0.14111862161953262,0.023572188,-0.230084318,-0.107583539,0.015619363835844793,0.075361284,0.1683891859355606,-0.287650537,-0.523667442,0.48624988681549003,2
-0.483180537,-0.600720548,-0.735680172,-0.647528418,0.5093318337398934,-1.011533575,-0.100422401,-0.132284331,-0.041631593,-0.460635036,-0.319262041,-0.198204059,-0.152213784,-0.187855179,-0.153723358,-0.108180828,0.053308435654073304,0.20996051093652177,0.34100885835741185,0.46878472175051267,0.6120014800370792,0.678096513,0.8898963260617554,1.0166700811377585,1.1740680470591396,1.1778555716131436,0.328014005,0.35778469583215694,0.3758556369530239,0.4461646623152495,0.34188589104115724,0.24575762830566492,0.3184293176879987,0.39624414585032725,0.2572701572825492,0.36187881609642436,0.44914233748178334,0.4107399885102314,0.47997415020262374,0.5871815944530605,0.554511161,0.40054720485932854,0.3896008415457652,0.4981277077707428,0.38641704635017593,0.47121916849480316,0.5021095754873903,0.46063783543761616,0.6135025457219466,0.7609106438424611,0.275381266,0.20823837834101216,0.2821775931057866,0.10268559164580218,0.072506792,-0.266992865,-0.53365256,-0.210047898,2
-0.432013966,-0.475499596,-0.388698136,0.13443031,0.626292202,-0.330729783,0.2233643477919121,2.4092845772420435,-0.180861734,-0.207367659,-0.437320162,-0.357421555,-0.24027543,-0.180363937,-0.11628211,-0.157410405,-0.125077464,0.015744230925900528,0.1318821543886634,0.1819843341738134,0.10195148076806047,0.2694497795576412,0.4907408949415675,0.30428958148284607,-0.345773411,-0.315964879,-0.241840772,-0.17832328,-0.093146485,-0.048628301,0.065305453,0.11041399169371864,0.14907450931959898,0.050078536,-0.023360162,-0.100366583,-0.295555179,-0.236164195,-0.202697163,-0.129928072,-0.204019403,-0.367426669,-0.295641275,-0.194828994,-0.087066618,-0.132625385,-0.33125921,-0.213421079,-0.185435374,-0.243110998,-0.152263168,-0.459068651,-0.42107631,-0.407159579,-0.250633128,-0.14765706,-0.507984895,-0.642819708,2
-0.489497655,-0.391618925,-0.414885459,0.24561532793885002,0.6017218635221355,-0.35099582,-0.085946326,0.6567617696963877,0.4273042746966959,0.058263132,0.068299176,0.1875340504065511,-0.425877092,-0.354567359,-0.386120026,-0.397349646,-0.451391746,-0.314177672,-0.135686904,0.049419112,0.046136227836774645,-0.510774093,-0.390211465,-0.737828889,-0.700565994,-0.63580566,-0.504818028,-0.446414619,-0.425957426,-0.422989878,-0.333385664,-0.240520361,-0.19544177,-0.215815085,-0.140921145,-0.121829839,-0.132176795,-0.072561503,-0.013689301,-0.129545711,-0.048847258,-0.099530593,-0.187154631,-0.085432911,-0.049169375,-0.381126626,-0.266686236,-0.1319292,-0.178347376,-0.279133747,-0.181819527,-0.287075156,-0.165478864,-0.158051149,-0.504864341,-0.331281779,-0.528147614,-0.69360875,2
-0.467258476,-0.299305926,-0.670211863,-0.515336874,0.6412220355968388,-0.596927146,-0.500627647,0.030797449,0.5483545995852874,0.2170466954019636,0.083125547,-0.408773226,-0.352138608,-0.249956991,-0.334767372,-0.180235732,-0.413478884,-0.258832778,-0.232539633,0.021221864,0.16197955341203502,0.2815115712211914,0.11000381056838779,0.069738363,0.12595605231989138,0.24475487607520285,-0.504565672,-0.424217453,-0.324803138,-0.39523932,-0.30982518,-0.343668613,-0.28935952,-0.261821595,-0.204304009,-0.128173899,-0.144451463,-0.18892175,-0.185573435,-0.205906518,-0.1204486,-0.051560856,0.023257508,-0.059159574,-0.172854355,-0.078212344,0.045354031904223394,0.017972831849976955,-0.060015299,0.097693311,-0.215636039,-0.365384464,-0.417418924,-0.322921935,-0.444462205,-0.231921683,-0.524984342,0.5349714490350775,2
-0.506122127,-0.565454232,-0.447619614,0.20967062445334783,0.5358469847955639,-0.017688637,-0.215263817,-0.403404526,-0.098948064,-0.055141206,-0.035736805,-0.273003758,-0.109174903,-0.059628595,-0.057117775,0.04494663,-0.054416262,-0.180992406,-0.108066638,0.13607876344491274,-0.167486238,-0.229855348,-0.528926361,-0.540889998,-0.403065128,-0.625695681,-0.55869957,-0.423432256,-0.404597414,-0.372310975,-0.258241565,-0.236677696,-0.136729982,-0.181644002,-0.088789782,-0.052908022,0.040897028,0.10720095890170406,0.1901696194196013,0.17363642593042303,0.12358844180001292,0.055452643,0.11199433994610794,0.062917281,0.16950649490972258,0.21340860779997495,0.12394318243321494,0.072173635,-0.083985722,0.029742373250537715,-0.101440004,0.038866039,-0.240818682,-0.197649426,-0.001270022,-0.332492051,-0.542820819,0.46524318423292843,2
-0.402818183,-0.135216144,-0.159559056,0.6473959190839014,0.4926598412754312,0.4565376672117743,-0.232079629,0.2629864495203334,0.7148854054400363,0.8207485601237314,0.7739695604491215,0.555772057,0.5789749,0.27277711353058803,0.07117984,0.10548988616463466,-0.12394916,-0.08968116,-0.284300951,-0.234133603,-0.047006356,0.054900504504722766,0.051558364,0.16663736555497202,-0.180891337,-0.002932642,0.14386570856023762,0.053905125892936834,-0.228469576,-0.108816155,-0.301948189,-0.199304584,-0.117755451,-0.154595681,-0.058089975,-0.00885969,0.015163135371684382,-0.02997749,-0.153103973,-0.159570087,-0.113859871,-0.069733938,-0.007824714,-0.058667733,0.044431763,0.071279113,0.1520504148465823,0.24209364052940235,0.37539607148971416,0.19924315073668997,0.37717372727750603,-0.210709366,-0.062430065,-0.013028777,-0.018064627,-0.108174868,-0.488609023,1.083686421958345,2
-0.454921371,-0.273076123,-0.578556231,-0.304154336,0.6276441018574327,-0.251053326,-0.24956284,0.3242419383776571,0.6441605822836697,0.077434349,-0.38742482,-0.409793679,-0.268930486,-0.377393005,-0.393939861,-0.27460352,-0.152209867,-0.052107359,0.11395534190704146,0.27697047584119877,0.41267351708113764,0.085212454,0.18547914464061846,0.41285810963295455,-0.297157719,-0.357928657,-0.326283097,-0.311298182,-0.234268651,-0.186211717,-0.264117896,-0.32560893,-0.344913623,-0.264215622,-0.233745464,-0.237838005,-0.331274469,-0.251792577,-0.209817776,-0.155103096,-0.088093256,-0.212085692,-0.307756705,-0.289823458,-0.208341372,-0.283022559,-0.264861772,-0.365787109,-0.300715819,-0.210639102,-0.046070699,0.1401101396586106,0.19357379288600673,0.030505475663558643,0.1856530287572021,-0.178581021,-0.52318495,0.7198436196844088,2
-0.438600828,-0.19217725,-0.545822077,-0.264450772,0.6104478590607733,-0.224400512,0.1474708710679603,1.2370882796765015,0.5076259493495282,0.632919581,-0.179560043,-0.164172678,-0.28511362,-0.116417691,-0.079218687,-0.024192819,0.13593042142764203,0.17818021752678181,0.3480899170095649,0.13082665544478322,-0.029754846,-0.025343729,0.15053668721550775,-0.056577087,0.098421264,0.1134549826630673,0.094968272,0.24589307152501427,0.14234015490982282,0.076289045,0.1851075230240588,0.260021381,0.28581027890471067,0.3443868462373807,0.3987847389422464,0.2882860565016974,0.3783375755769691,0.3141007165903131,0.1912110990471835,0.1573089325921018,0.18134038461420376,0.26985799379657616,0.16878660885108465,0.24349096623233182,0.1456254194287721,0.12714036137396306,0.19779624559707004,0.33039675403808133,0.4449403240087652,0.3666478238824161,0.46111916410538034,0.47828287500480565,0.2594883923610349,0.32362742146190404,0.4291159467992313,-0.137930187,-0.515009431,0.21208741295409658,2
-0.453178771,0.15536338502284525,-0.388698136,0.20062224348912455,0.6668162542825911,-0.359801874,-0.30044179,-0.010206422,0.4053974255905587,0.007460545,-0.33418908,-0.185861392,-0.292249448,-0.209010845,-0.197129397,-0.158144712,0.042368703,0.1819073686986204,-0.129246622,-0.273885941,-0.206479916,-0.524070183,-0.663833724,-0.475158024,-0.306534787,-0.152802732,-0.329669455,-0.313897406,-0.22183697,-0.2202282,-0.102114915,-0.034025072,-0.025945909,0.076932395,0.11987939333232786,0.19773260910145218,-0.04111472,-0.049774339,0.028899051883525047,0.076123465,0.025716731945768567,0.05155464,0.062235593,0.003921584,-0.258326067,-0.266790382,-0.234167616,-0.127421502,-0.057115907,0.062504243,0.2223827436066284,0.052340191,-0.154075141,-0.067130593,-0.165418645,-0.230028899,-0.513254447,0.16007394666343994,2
-0.470714544,-0.546621282,-0.355963982,0.3449670475205933,0.4293963965587783,0.3659984133336199,0.13070685945816693,0.046681998323756135,0.38373128873035595,-0.070886159,0.040463109973221494,-0.476924954,-0.342055887,-0.575104141,-0.428697772,-0.296849253,-0.230452561,-0.244289331,-0.406547032,-0.212864836,-0.166016739,-0.121405285,-0.464203454,-0.251669559,-0.058657172,-0.306367115,-0.325103697,-0.214781905,-0.140281202,-0.165266195,-0.295010513,-0.366581431,-0.47414188,-0.401868484,-0.448400819,-0.482646342,-0.449472338,-0.37806709,-0.351817898,-0.262057101,-0.265768933,-0.231923784,-0.149753132,-0.078256256,-0.005304148,-0.11691106,-0.11727251,-0.036876378,0.10129659825317368,0.020207121495860965,-0.010359427,0.14958057889484347,0.043991383,0.15588978083659805,0.2747340089874642,-0.308404988,-0.515418659,0.5876254715736925,2
-0.427488724,-0.10106768,-0.467260106,-0.088251849,0.7270647014204825,0.020716606423170955,0.38751194498793234,2.1062196325440268,0.17468192823515394,-0.020661881,0.1769005143629556,0.38008313106398567,0.5271249898968696,0.7575445544042358,0.3530347783501305,0.3495031652376975,0.44460745043706595,0.748283028,0.3101068396839809,0.49626936,-0.041144546,-0.172444057,0.066815619,0.2637241788125602,0.45980269610973123,0.409029358,-0.065421139,0.056385347,-0.143172018,-0.146129812,-0.069924259,-0.058569671,0.034606488,-0.073063631,-0.09831619,-0.209113199,-0.111500103,-0.287828902,-0.1959199,-0.257775094,-0.254612073,-0.211256509,-0.111671331,0.006213968,-0.049856024,0.022402005,-0.095735556,0.011949357303531315,0.14720675231849878,-0.135330221,-0.04591561,-0.355741823,-0.22320455,-0.03826487,0.031849096,-0.189734314,-0.496666472,-0.093589007,2
-0.436792565,-0.559399749,-0.257761519,0.4984610581964723,0.4764928920252187,0.4922189666476468,0.20050218546120188,-0.381956027,-0.195191599,-0.330180702,-0.107782529,-0.054155195,0.085448542,0.051492897388940535,-0.666868713,-0.618863875,-0.5516482,-0.432767104,-0.256712676,-0.037751875,-0.435539687,-0.187082137,-0.190103541,-0.199246664,-0.225901385,-0.282637442,-0.216463942,-0.181926028,-0.153847016,-0.10711227,-0.200815913,-0.161865074,-0.123344676,-0.029508251,-0.034719174,-0.103212367,-0.035589352,-0.093444848,-0.061874037,-0.020757546,0.029701791,0.094298946,0.20822819375757684,0.27713591041131147,0.21191621261054053,0.24851804026468816,0.28437216994929687,0.3207525607945764,0.291799157,0.4478527775499527,0.4900809335780794,0.3814963397733002,0.31869857136831536,0.26965560146822115,0.009203901,-0.234907971,-0.497853502,0.7186971503519193,2
-0.395715856,-0.391079724,-0.624384047,-0.594048211,0.6487054101246349,-0.030879109,-0.606720073,-0.004683746,-0.159844558,0.085729349,0.34560208521035213,0.5374657862332589,0.4701807238814548,-0.029617222,-0.398812656,-0.351355796,-0.278189412,-0.613743654,-0.745352575,-0.589198515,-0.493888512,-0.307450835,-0.120942243,0.017812022055932665,-0.060387786,0.10433184880832717,0.11640831656897697,0.15271577858687937,0.2618788014457573,0.3167661723103454,0.3027431166120295,0.3009101226194724,0.3367904427079525,0.4460908910060965,0.26817754054088005,0.27975422958867663,0.32446985784658305,0.33842654137404293,0.2881390400386794,0.39193351328491066,0.49139029428028164,0.39122019325881024,0.4338917139465637,0.38250587683337933,0.32213965638193237,0.4235999600310795,0.3753393546380827,-0.401735656,-0.416819543,-0.554901437,-0.425238339,-0.434302796,-0.292068472,-0.100936069,-0.691480652,0.017556687661558847,-0.503225034,0.24372003892435232,2
-0.479656973,-0.737914163,-0.72258651,-0.621904838,0.4370841066836494,0.4644466608401588,-0.227014714,-0.107859296,-0.568587762,-0.362968565,-0.231840966,-0.342822967,-0.402370303,-0.436988103,-0.325924304,-0.314085923,-0.381653927,-0.239008425,-0.192010185,-0.206333375,0.059524509,0.28153974760381634,0.22220648737418866,0.3082668817402473,0.33617107369512544,0.19692503225211694,0.2340827528853039,0.2210021072624185,-0.042005723,-0.007393946,0.10854025528521416,-0.147931307,-0.203540686,-0.11503684,-0.074897091,0.022921518363829423,0.077339608,0.028328815692730623,0.12714628,0.1816830516072139,0.21984915303904434,0.1844286956193024,0.26514247081341175,0.16333026112805576,0.23992191843660873,0.3114873100822328,0.21719892735609314,0.089211395,0.16610480873305786,0.2032602642372338,0.38739153842133467,0.5109002272059294,0.7056762716319921,0.8965989766607907,1.1193966319476565,-0.309287854,-0.52329361,0.6391565182350089,2
-0.457226248,-0.412021243,-0.303589335,0.4423917573661871,0.6516580457392497,0.2800021529911972,-0.387162057,1.0610832250097455,0.2919656013902287,0.2843957073671895,-0.03251512,0.067148239,0.087459938,0.05029637,-0.132002076,0.032278658996846815,-0.164160281,0.037940681,0.049972637224479186,-0.314501195,-0.156833638,-0.153889195,-0.028947634,-0.287428761,-0.149530218,-0.001442139,-0.033676356,0.041626795,0.17982210620718383,0.15247015248505594,-0.141767941,-0.083183109,-0.126440104,-0.248665283,-0.23272406,-0.277203296,-0.426614082,-0.339618132,-0.272317638,-0.233960905,-0.370223259,-0.341107766,-0.407600006,-0.360350184,-0.287789888,-0.479956372,-0.448185607,-0.349836598,-0.400404003,-0.667202786,-0.692656499,-0.684425605,-0.622388159,-0.832498783,-0.935814195,-0.224639472,-0.516878969,1.215949244298404,2
-0.485526002,-0.766622478,-0.657118201,-0.42691877,0.42097817367593493,0.39339440319744096,-0.091634507,1.0466600565427076,-0.12343202,0.023057922200951677,-0.263390084,-0.254510988,-0.874655393,-0.785204964,-0.68731639,-0.554409358,-0.445024948,-0.456556156,-0.239813068,-0.067849997,-0.04441819,0.1418777281814785,-0.13481569,-0.009694564,0.056297821,0.14856787366166496,0.2600880654791916,-0.423439459,-0.448018574,-0.366007321,-0.335288305,-0.226415817,-0.182364088,-0.145573995,-0.068311161,-0.149741937,-0.08428293,-0.095974753,-0.00334757,0.065167259,0.10717438643021204,0.2030137347969797,0.2755740754471341,0.12337011788110717,0.015259934,-0.042333122,0.092299302,0.13633238564877884,-0.074268057,-0.312249111,-0.210240418,-0.243066029,-0.068564302,-0.068488336,0.12784056612821967,-0.31386109,-0.527294018,0.7759569054335334,2
-0.48098224,-0.322272361,-0.670211863,-0.475781376,0.6508048888046173,-0.940116768,-0.293572779,1.4605167699875536,-0.336110525,-0.178703794,-0.201009484,-0.065906211,0.044359446721915455,0.19183530994253745,0.2480481765899685,0.36371203828008974,0.6208740655426317,0.23079607489840218,-0.617694354,-0.57650605,-0.331378158,-0.0698659,-0.269504017,-0.114756766,-0.101550798,0.058515588849415136,0.19208114801888204,0.070728616,0.018180849,0.11135418233047954,-0.013728596,0.012607635730626914,0.082990817,-0.037220598,0.000154663,0.005893901,0.04661834,-0.00171126,-0.025685672,-0.052367139,-0.086154814,-0.024911044,-0.202350404,-0.255530734,-0.32407288,-0.288667687,-0.249821918,-0.118368132,-0.132181656,-0.236412079,-0.169687753,-0.661438607,-0.619697906,-0.571122897,-0.517243327,-0.252394464,-0.533674123,-0.149316357,2
-0.48087599,-0.626644599,-0.499994261,-0.013424117,0.5036902933673483,-0.069593248,-0.301431634,0.11621118739448554,-0.009497688,-0.175416523,-0.296210099,-0.326522836,-0.423380436,-0.256951936,-0.156182634,0.009201483,-0.2746675,-0.161747204,0.048411181,-0.157176434,-0.467343731,-0.288657054,-0.208708329,-0.151416589,-0.229962981,-0.320240701,-0.298878272,-0.171489514,-0.426922236,-0.364890652,-0.306071656,-0.430264692,-0.335871198,-0.296013438,-0.291778044,-0.206835198,-0.140622846,-0.139547001,-0.221182058,-0.124623185,-0.035771437,-0.081233942,0.026178859322021568,0.08916648,0.17391799341870348,0.2321752604370307,0.2682929406617732,0.3193597299085871,0.47658838699627715,0.4365306672789347,0.6258277638598528,0.38449031680013057,-1.029911904,-0.929986615,-0.776229637,-0.288162709,-0.527810103,0.2071770833928576,2
-0.522425503,-0.764742668,-0.846976296,-0.84272425,0.4112920363323563,-0.448462761,-0.52762854,-0.509932851,-0.263216849,-0.408352354,-0.274182367,-0.369902291,-0.248834368,-0.270264376,-0.32347411,-0.197550187,-0.541627826,-0.650618731,-0.543392061,-0.301619231,-0.269070608,-0.021420861,-0.037558875,0.097816776,-0.220680166,-0.472432795,-0.587605209,-0.560169702,-0.653562644,-0.674177801,-0.580787829,-0.486165544,-0.50788141,-0.512869916,-0.451738779,-0.420066207,-0.38718586,-0.508455014,-0.445362801,-0.37656959,-0.415878734,-0.356544312,-0.317944727,-0.437485212,-0.489533032,-0.416860126,-0.35328867,-0.39088128,-0.444154029,-0.406529571,-0.582834497,-0.572782816,-0.775894058,-0.585870286,-0.423531409,-0.355368486,-0.553682287,0.4294236184162988,2
-0.491618805,-1.077985366,-0.945178759,-1.195693731,0.3878472103655664,0.12173096869810421,0.9245402730403741,2.2968245970651444,2.0607960370400202,0.4586718007983055,-0.055300308,0.001162276,-0.281083208,-0.246932925,-0.103308424,-0.404981778,-0.534636082,-0.485800388,-0.356529727,-0.109833424,-0.140823031,0.10839723170939634,-0.066422498,-0.275849051,-0.10057786,-0.524042836,-0.546263848,-0.411876757,-0.40915095,-0.320963395,-0.215916074,-0.117129473,-0.06843393,-0.01076478,0.046194021690810286,0.1188086599103129,0.10589124630059707,0.032418721523615704,0.1030097961195882,0.073526712,0.1631907861746187,0.1538809552406725,0.19704191485552444,0.21069424883041202,0.09213431,0.22718195256077198,0.3519863707462949,0.2915040604751706,0.40278641313389596,0.34140736431336816,0.11629895457634946,0.18531364954043422,0.043613952,0.18594453173423256,0.27840691713194593,-0.348066509,-0.526978054,0.8229010876449118,2
-0.480183652,0.2544138567576415,-0.080997085,1.1229547727128848,0.7246247245812103,0.37183536012533897,-0.395732715,1.6734419746609388,1.8807516863930567,0.6916607069980761,-0.254535067,-0.100807891,0.033693948,-0.187078289,-0.012007649,0.085032473,0.3082425659046217,-0.476973026,-0.349456194,-0.258253634,-0.39309368,-0.191558496,-0.026630273,0.17782143533029005,-0.201668993,-0.1466914,-0.022943928,-0.249940183,-0.226623506,-0.132177153,-0.151304298,-0.053930761,-0.244064038,-0.279804022,-0.401714147,-0.371309912,-0.353561871,-0.271699753,-0.197377975,-0.117512136,-0.013189952,-0.180659094,-0.153292421,-0.047965368,-0.127485958,-0.254232833,-0.28639223,-0.150472628,-0.432613492,-0.37999198,-0.527270487,-0.436433604,-0.608688773,-0.452397592,-0.251837184,-0.288646278,-0.526925673,0.35309239534466846,2
-0.486691654,-0.737327073,-0.735680172,-0.637585904,0.5047045087145222,0.32243062484464013,-0.032388597,-0.452777599,-0.644559157,-0.573722562,-0.67164284,-0.538032844,-0.528476452,-0.416937591,-0.289149493,-0.386707662,-0.32462395,-0.106439307,-0.0346939,-0.156665569,-0.019156299,0.1865823313982551,0.22439947917988354,0.10309947467103246,0.04849015,0.1542886075019949,0.010763502024673959,-0.334568607,-0.232776602,-0.174282775,-0.078071545,0.00920159,0.037692656643276735,-0.043305453,0.060782292,-0.024133031,-0.00995252,0.092967596,0.029272323898754636,0.1328230691652675,0.11615442232764178,0.11917458824662816,0.067636302,0.068073448,0.021858334000504038,0.078807091,0.15953423662626967,0.2900536988721583,0.3977510739199285,0.5298087112403254,0.7027609180533843,0.5544698651673453,0.5301718264057409,-0.001809127,0.11592787848550386,-0.312835398,-0.529128546,1.1107535616767976,2
-0.468900869,-0.526212156,-0.591649893,-0.298198249,0.48602968485143794,0.42136179063799634,0.37662688567219726,1.967417487310122,-0.402112126,-0.232097428,-0.636685849,-0.505172177,-0.650860866,-0.574070027,-0.626194556,-0.494231398,-0.392368224,-0.25215159,-0.154287084,0.041044338584095466,0.26902836561152843,0.2713938123400767,0.047174972074651406,0.23193573050083552,-0.024502118,0.10781381822272998,0.18745178487298636,0.23567186465246237,0.071766287,-0.315603818,-0.384318348,-0.289695104,-0.347456323,-0.289159011,-0.29225092,-0.200425335,-0.212310117,-0.167800133,-0.213954186,-0.122985929,-0.020083709,0.020476164665142304,-0.007092474,0.055655849,0.18061276747916197,0.3099383279624835,0.3834209870242334,0.5036999463563541,0.23380967086658128,0.32693309865875114,0.48571113,0.5867528604984161,0.26687249867487517,-0.15611519,-0.394016066,-0.276057853,-0.518935922,-0.388157337,2
-0.438667542,-0.223988131,-0.211933703,0.6268952128356868,0.6971467708619005,0.10183651861989329,0.16941106251116764,0.6173376722082229,0.036527734066764586,-0.461061819,-0.273852263,-0.411315057,-0.297085038,-0.239863209,-0.14675525,-0.230627643,-0.325061075,-0.137053927,-0.024186597,0.10811234054405977,0.18440279838239002,-0.017063657,-0.069629525,0.043944821,-0.022752224,-0.466503164,-0.405392336,-0.349208408,-0.280035789,-0.304902797,-0.196217805,-0.187045564,-0.223280238,-0.126003151,-0.055613974,0.030405229,0.10019370709325233,0.052746964810899244,-0.026440706,-0.033745968,0.039091195567228655,0.01686449,-0.030081097,-0.170650545,-0.150768032,-0.031947258,-0.031080077,-0.035126071,0.032454624,0.13084215435476174,-0.157853251,0.009138672,-0.281161619,-0.783674539,-0.880753035,-0.205686312,-0.50414337,-0.136740025,2
-0.422550569,-0.212842442,-0.480353768,-0.137735369,0.6608427182647527,-0.008656476,-0.35753904,0.8197049937529022,-0.281132131,-0.182258728,-0.279033624,-0.160553638,-0.268410874,-0.337146836,-0.296092211,-0.4260323,-0.286230805,-0.353180474,-0.115034167,-0.163801636,-0.154760316,0.087517154,0.2995281939310358,0.044837077872849025,-0.318170622,-0.294092771,-0.270516168,-0.210290401,-0.350079059,-0.25310423,-0.225796073,-0.122238897,-0.103862642,-0.131389441,-0.064295866,-0.014368383,-0.014703556,0.04719391,0.1452217463133711,0.20312995878258336,-0.346045622,-0.252752723,-0.186332894,-0.108598469,-0.060489949,-0.003211872,0.11154172437565699,0.17678840794825587,0.1943662356420601,0.3598983523463868,0.46485500560011556,0.5282082326165967,0.6526551026117842,0.551142065,-0.546587907,-0.13716868,-0.501064874,-0.01077909,2
-0.440037366,-0.67426177,-0.526181584,-0.207777285,0.4715510045667005,-0.178921087,-0.128780257,2.1557429137599784,0.6288734256453394,0.20860069815256785,-0.543408937,-0.536534512,-0.432646787,-0.347372972,-0.215060657,-0.219126511,-0.135875226,0.063874166,0.30361344168366905,-0.115278158,-0.100239558,-0.459275235,-0.42175018,-0.336010637,-0.225472163,-0.12390318,-0.22949637,-0.278200238,-0.228065217,-0.288326412,-0.211159363,-0.193699142,-0.128798332,-0.180661281,-0.228625414,-0.250085525,-0.361566612,-0.269412793,-0.188717201,-0.227637156,-0.176873363,-0.093792136,0.001847244,0.07051985,0.1817299602569654,0.21311058959160126,0.10018854643689225,0.016487415934080544,-0.038993611,0.12851806406682248,-0.159640522,-0.192695927,-0.615641738,-0.454147959,-0.488576072,-0.204091535,-0.505568438,-0.334848149,2
-0.477176666,-0.512453586,-0.755320664,-0.717757828,0.6034096431342875,-0.143216658,-0.300898867,-0.006778859,0.1107347160344841,0.3079703977079262,0.5299353019488255,0.30420022421691695,0.15093740242066508,0.35931096610431634,0.35122173135224455,0.35708996812962407,-0.281658046,-0.523836117,-0.42499095,-0.192771194,-0.054885601,-0.029584115,-0.507880196,-0.358582538,-0.659764756,-0.719423877,-0.704820072,-0.608778612,-0.502504338,-0.544004131,-0.543432605,-0.476138298,-0.492919402,-0.403918749,-0.489456658,-0.544849439,-0.553291996,-0.513036792,-0.47018998,-0.451119823,-0.405196418,-0.30653496,-0.314187222,-0.228047438,-0.218046841,-0.161240931,-0.280139631,-0.1474628,-0.56979996,-0.552916093,-0.496539901,-0.367287692,-0.317822991,-0.684535474,-0.614072574,-0.343838923,-0.515632244,-0.306588399,2
-0.437213596,0.11056875137845308,-0.388698136,0.15058090911948324,0.6020723628399699,-0.614052299,-0.002974489,0.091797237,-0.430431215,-0.235621959,-0.074546408,-0.299181153,-0.238237717,-0.171124376,-0.319774866,-0.175137735,-0.486532826,-0.337582093,-0.242878117,-0.038249821,-0.075888309,-0.045667056,0.092940242,0.11635674026637415,0.30652937945286196,0.040129346125579994,0.14369681966747008,0.028608340013232134,0.008341907,-0.012881751,0.059061233863354705,0.13697356313452516,0.1512082577762227,0.10351078688118798,0.18988500376865647,0.27457869561411336,0.2806885948510292,0.055214848,-0.072191745,-0.059495589,-0.117502399,-0.076587139,-0.005724632,-0.002814702,0.065948168,0.12016953308051773,-0.004415462,-0.050205135,-0.003883742,-0.068301983,0.02964396,-0.110499653,0.080422091,0.20039183446757874,0.20166884528875262,-0.151128034,-0.511620162,-0.273477265,2
-0.515109413,-0.869943776,-0.866616789,-0.917262855,0.4490263463552522,0.37530618426015716,-0.422971435,-0.419213085,-0.081991282,0.041212515,-0.125224196,-0.210732919,-0.492125516,-0.35662934,-0.254795991,-0.270814527,-0.115527841,-0.156919761,-0.152315842,-0.412694328,-0.24935571,-0.017702638,0.065204988,0.1698360850762878,0.12894631344435478,0.17266835616347861,0.202777512,-0.174957818,-0.413428188,-0.380062876,-0.289636312,-0.212919483,-0.140978334,-0.060141503,-0.071448049,-0.055823342,-0.346720906,-0.283146244,-0.212421539,-0.22097177,-0.125606662,-0.086020348,-0.076000192,-0.119567244,-0.081255938,0.034908412,0.067866955,0.006567461,-0.140393709,-0.049815055,0.087599387,0.13989197302737516,0.24227623247483604,0.23333751327349278,-0.312023942,-0.472063269,-0.528125278,-0.217735785,2
-0.467798203,-0.523685311,-0.755320664,-0.743812359,0.5758469395362905,-1.011374211,-0.034407064,-0.013596441,0.5514040078971904,0.4788193786385336,0.3167681257665378,0.3400854780158503,0.2984457253460046,0.3448383169962889,0.032634042,0.2353746434223435,-0.109956627,-0.035854121,-0.106851807,0.13315606255439463,0.35428515411290284,0.082387908,-0.051802265,0.052226503,0.13484011977719004,-0.131416722,-0.072659393,-0.503741488,-0.398847808,-0.302102171,-0.196554136,-0.302431465,-0.337587714,-0.279167063,-0.44565597,-0.667773983,-0.714579258,-0.671872224,-0.60749366,-0.540094118,-0.486398871,-0.425435931,-0.335797088,-0.263368271,-0.162613046,-0.12965086,-0.147424561,-0.124012401,-0.194534969,-0.102488316,-0.289176279,-0.563105547,-0.444773209,-0.27652652,-0.148161351,-0.274778483,-0.518128955,-0.31874371,2
-0.448735547,-0.209142533,-0.244667857,0.5727068260813006,0.5458658212298418,0.23433487112634974,-0.439631491,-0.236813802,-0.201128055,-0.281571946,-0.213994035,-0.133533086,0.030915392,-0.244927545,-0.275201994,-0.242445866,-0.095904104,0.14890180222922386,0.080593998,0.268725987,0.2331550134675281,0.4630556868156514,0.4518511123920814,0.2532761760918983,-0.326281277,-0.3554857,-0.229636659,-0.167469894,-0.05739974,-0.042305352,-0.125284758,-0.048065497,-0.043567408,-0.072644894,-0.02657844,-0.036862766,-0.099849601,-0.136460759,-0.112663219,-0.016156456,-0.043151972,-0.041360492,0.052131449,-0.011513023,0.096105915,0.14259370645380118,0.1677263356757177,-0.06890048,-0.086801586,-0.415396051,-0.330915194,-0.389494957,-0.20075455,-0.030064119,0.096997401,-0.148388361,-0.522034503,0.4844928414785871,2
-0.473954654,0.11065401144763154,0.2528912885480226,2.0054314169362777,0.5805140551037633,0.16234171972231906,-0.010724762,0.9422928085177815,-0.29967188,-0.062980813,-0.108107092,0.043889412,-0.336017346,-0.198762522,-0.055678688,0.13632215867978975,0.35832775390234084,0.5430106721927898,-0.040711815,0.1522769348315853,-0.023509764,-0.148062919,0.049163247976832546,-0.010224709,-0.493358959,-0.385361407,-0.313211851,-0.207085485,-0.397800799,-0.465004434,-0.376419992,-0.2718158,-0.289510611,-0.341660017,-0.354643205,-0.26494838,-0.275817238,-0.203802094,-0.107835838,-0.125432146,-0.063285143,-0.189613184,-0.214088675,-0.190437763,-0.25468538,-0.137706683,-0.078168729,-0.088610063,-0.130905823,-0.066833642,0.077249729,-0.165545722,-0.10473178,0.039924515,-0.219059515,-0.293721006,-0.520963594,0.051026775763501696,2
-0.468081897,-0.939905361,-0.689852356,-0.566065458,0.4434503793280389,0.683776156,-0.381635917,1.460900931315951,1.441087074449288,0.2590818182751486,0.2783802195788433,0.09292274,-0.184862794,-0.048378812,-0.270020077,-0.401511945,-0.318908186,-0.102515327,0.1330814263017247,0.2673988362521194,-0.645619696,-0.536409662,-0.342862313,-0.35003891,-0.185855332,-0.054610312,0.067730154,0.002985618,-0.202710726,-0.082654511,0.034918229210180396,-0.105330896,-0.067524361,-0.170586058,-0.076207671,-0.189560767,-0.187527556,-0.216048406,-0.188738485,-0.123633891,-0.019897818,0.084630241,0.17112513372041216,0.18794394609078732,0.3204812144517085,0.22308682107670516,0.11075853918810379,0.23775897923290568,0.39515221431003933,0.4003006277844524,0.5158037590966015,0.12473017002871208,-0.028194135,0.086573413,-0.079147728,-0.337514658,-0.508424705,0.6229202844161413,2
-0.494127012,-0.647759595,-0.388698136,0.33217123489161987,0.5160109254962207,0.25333354238507855,-0.206047981,1.8498556378080329,0.5447683909054939,-0.684789887,-0.602673079,-0.700649836,-0.607106847,-0.635795573,-0.498592852,-0.345808143,-0.31218425,-0.239391386,-0.146566196,-0.181955878,-0.150850738,-0.421129982,-0.360229456,-0.198378287,-0.407844836,-0.597601717,-0.736180776,-0.776220188,-0.676842335,-0.561578935,-0.524961728,-0.479772944,-0.453527577,-0.497062416,-0.520137974,-0.600019987,-0.597951366,-0.532013573,-0.458326825,-0.416587444,-0.384035909,-0.299893171,-0.199645236,-0.08875829,0.012061084115553197,-0.365706077,-0.660946041,-0.597986551,-0.57351381,-0.496071217,-0.726023433,-0.615677716,-1.027639476,-0.973019107,-0.982094772,-0.381277336,-0.523960735,-0.258645308,2
-0.49492542,-0.222111521,-0.336323489,0.47801831696589436,0.5567900224814352,0.5196848795076844,-0.27977862,1.6632252990577379,-0.011016001,-0.264382033,-0.229223554,-0.527984645,-0.599207828,-0.459654523,-0.395523196,-0.275210318,-0.203947867,-0.057954964,-0.062162702,-0.128253242,0.10372076042960576,0.28575981198421957,0.23414511932643728,-0.128525798,-0.013523948,0.15368344800900915,0.320427759,0.17761180656513728,0.26134466997440087,0.39185908222990096,0.40393117787300437,0.4063472255728004,0.3954083950826498,0.5014844022489224,0.23228994195400682,0.29159178816872344,0.16206342403131568,0.15999570505158817,0.1229928671717706,0.22612853645563585,0.224856899,0.3071695066663816,-0.248493525,-0.219976569,-0.318324143,-0.267033285,-0.188088878,-0.096022922,-0.067163283,-0.362008903,-0.642747175,-0.485563707,-0.702534515,-0.637620337,-1.140065619,-0.350557364,-0.530066359,-0.214619024,2
-0.489748729,-0.841037657,-0.624384047,-0.325218462,0.4455807178519665,0.5247617638343017,-0.092414383,0.5597194038804753,0.313275467,0.049702780615132766,-0.573179091,-0.494295007,-0.381326309,-0.274164671,-0.250277252,-0.280017711,-0.211971417,-0.160491984,0.090155452,0.30532749257908504,0.49143656216209025,0.588517992,0.5896393541354423,0.3767632281450287,0.2592574412777955,-0.494564719,-0.363744214,-0.336091018,-0.312782314,-0.189210228,-0.083067927,-0.023556169,0.050630142089625976,-0.390107904,-0.298563168,-0.273264031,-0.236514824,-0.150347593,-0.070862747,-0.060004385,0.019011557,-0.063700015,-0.09267407,0.003561526,0.098541117,0.19382158282778067,0.16449765562106877,-0.344736234,-0.732787056,-0.693057567,-0.842741753,-1.062385968,-1.09970749,-0.94041928,-0.807053277,-0.344300118,-0.526665164,-0.118978889,2
-0.502719424,-0.50650447,-0.159559056,0.9891785037341292,0.4778539977094676,-0.165148882,-0.274657609,1.065439789684104,1.8032525765332574,0.6372178794927865,0.4834887445578757,0.14601495935802325,-0.36519832,-0.460944998,-0.332638849,-0.373969453,-0.327874318,-0.205807394,-0.015939749,0.039288854320506036,-0.036902901,-0.155716081,-0.101094946,0.053051903312180196,-0.691989525,-0.63826457,-0.655448841,-0.703053054,-0.63460192,-0.603888478,-0.533127167,-0.484325845,-0.387152132,-0.35308894,-0.329125297,-0.24265409,-0.161648598,-0.127775526,-0.048219064,0.04189028,0.14689993134547963,-0.09114627,-0.039667034,0.045146667074870736,0.088499945,-0.561924243,-0.767066099,-1.069743152,-1.141991947,-1.09073419,-1.060912784,-0.894063513,-0.736345103,-0.754779418,-0.804636084,-0.358038135,-0.53482786,-0.099523093,2
-0.485119131,-0.419868495,-0.755320664,-0.695525872,0.6189591814133745,0.15990185928614145,-0.262761324,0.7522569000691297,0.9383228215526875,0.7406212448769263,-0.366393325,-0.294119621,-0.135077081,0.002052049,0.024722930779538122,0.18593339850947985,0.450024116,-0.274447579,-0.201758022,-0.508321005,-0.249128756,-0.003243426,0.059173348822933486,0.21061280745512903,0.3485397791553655,0.5133274180992706,0.6643762836501315,0.25882295398116745,0.38860139190344356,0.46843095792076506,0.49956869749146826,0.6130146048713467,0.4144697217523946,0.000837354,-0.007675709,0.06894174,0.091279883,0.11955414083314288,0.21254328223269117,0.20877155223310517,0.10914737853361502,0.193344865,0.2392871687462512,0.18754499513452583,0.27643924588988333,0.35499601028509614,0.10265149371327217,0.14014962155977226,0.267782813,0.22884013705131964,0.16556659658877085,0.29782736826168615,0.30208724497328215,-0.332145159,-0.425818129,-0.298049391,-0.529973594,0.22644543951103135,2
-0.467369145,-0.610525849,-0.578556231,-0.26734958,0.5720188814108301,0.6713522599732694,-0.374838068,0.9352566085331316,0.5027758020849871,0.008181837,-0.148411058,-0.337766079,-0.571285131,-0.460945144,-0.409075232,-0.405545262,-0.300670075,-0.438503965,-0.632739169,-0.398417492,-0.204099298,-0.094164974,0.060029728,0.056659366,0.2384042455985123,0.20658376815569998,0.1701715092217933,-0.167128632,-0.327661182,-0.211110121,-0.177332319,-0.298609323,-0.301144022,-0.454083055,-0.484286306,-0.393299811,-0.309737718,-0.357736388,-0.270899016,-0.187171231,-0.153863729,-0.116194726,-0.056497573,-0.272445815,-0.358379311,-0.33640367,-0.463316184,-0.383417149,-0.276635323,-0.194397917,-0.19710454,-0.190479292,-0.115939761,-0.037517146,-0.523772529,-0.329773805,-0.509138,0.3903794419068893,2
-0.51677649,-0.265815185,-0.480353768,0.15389651274775398,0.6293717637654351,-0.027162552,0.088940336,1.3551897186245785,2.009515389065359,0.087795284,0.31445470093538647,-0.111083453,-0.165435798,-0.623750427,-0.527678258,-0.518159675,-0.579166014,-0.568284872,-0.620173131,-0.449475732,-0.629495421,-0.379741606,-0.159998128,0.001602987,0.056102225314292764,-0.352532719,-0.255462574,-0.169447572,-0.039346805,0.037693244,-0.15682178,-0.235555795,-0.143899676,-0.109882593,-0.315715785,-0.371241421,-0.305100521,-0.225366192,-0.152043169,-0.065483409,-0.159218426,-0.258900638,-0.336964815,-0.377360317,-0.340736151,-0.274927994,-0.22889498,-0.179153747,-0.126298621,-0.00057952,0.088670104,0.18011162484267929,0.2428631930859816,-0.044300831,0.14944188591689989,-0.382173869,-0.544287313,0.16521052412099455,2
-0.403079389,-0.126368901,-0.067903424,0.8892131943529182,0.6622113783409308,0.1438122390728366,-0.461957043,-0.086747279,-0.621498818,-0.496134656,-0.290602804,-0.089308903,0.021301423628213387,-0.25473485,-0.226996933,-0.107581145,-0.100822794,0.022771570251844737,-0.216708689,-0.022709251,-0.301101309,-0.245395748,-0.092664127,-0.069696915,-0.22035494,-0.127079953,-0.252037914,-0.463329454,-0.373614955,-0.315251729,-0.346739989,-0.258283892,-0.238646602,-0.169839495,-0.33722626,-0.251910127,-0.197582621,-0.317858018,-0.249832189,-0.174827264,-0.195729443,-0.132943103,-0.070409575,0.035197849,0.052179703719131935,0.098115646,0.1576377897780633,-0.115118843,0.007330259,-0.032916623,0.12208631899974892,0.10366771587065629,0.10882202602642232,0.1779981702536258,0.3480463063228581,-0.114932553,-0.487324616,0.32341545145199996,2
-0.463682298,-0.301621065,-0.27085518,0.5518468244939444,0.6385538671859886,-0.201838536,-0.14691577,1.8463578759935428,-0.370809433,-0.168139604,-0.161212202,0.027073402465325448,-0.07669626,0.029613026,-0.104121281,-0.030071875,-0.079852273,0.026979501408056092,-0.166105555,-0.23688572,-0.303718269,-0.046499113,0.035622718737226194,-0.26747686,-0.095483973,-0.142063747,-0.007336155,0.094163577,0.15046509031184568,-0.052158351,-0.03023726,0.032029056,-0.03639297,0.030638184490937553,0.096627358,0.026418700291845676,0.042617248,0.13932084758503624,0.2171640755275872,0.23095937205008696,-0.069716634,-0.054605336,-0.075058911,-0.276114527,-0.224097297,-0.164708368,-0.84816441,-0.778883031,-0.66554324,-0.589499456,-0.656427434,-0.705828564,-0.569318441,-0.449191333,-0.367280314,-0.254917461,-0.517823947,-0.598465531,2
-0.476680653,-0.374168126,-0.657118201,-0.45270577,0.5457317384192465,0.17245372349081786,-0.236475089,-0.20590769,0.10567876784516068,0.12092694790033126,-0.039549912,0.042152494819750475,0.17024588249901623,0.054644157,0.053678558275172136,-0.17724822,0.026070134594025265,0.26648797222382375,0.31370458062545836,-0.083900913,-0.020647497,-0.498215725,-0.350862647,-0.358457387,-0.311695186,-0.351163513,-0.262084692,-0.37607723,-0.467687149,-0.461991328,-0.465608015,-0.452128419,-0.404325966,-0.312837935,-0.214922606,-0.19164861,-0.148392413,-0.12052851,-0.054059026,0.028196152022905516,0.07440901,0.11572159172399142,-0.109905346,-0.041875228,0.014522382066648848,0.045980323,-0.155103926,-0.27259771,-0.128364565,-0.1342466,-0.512954395,-0.487541009,-0.532355766,-1.083596514,-0.994795472,-0.314852343,-0.519149729,0.000363774,2
-0.476205324,-1.032149987,-0.87971045,-1.057881251,0.4676486259052567,0.058431596,-0.292229505,0.5368878466842728,-0.180931322,-0.077805601,0.084846614,-0.025305488,-0.2697032,-0.291986871,-0.333511795,-0.255549919,-0.201162285,0.02015823,0.21277697353036323,0.4263312393028138,0.6621759460425564,0.7851369286072175,0.987746408,-0.157377854,0.028482863,0.18736575478184392,0.23403702152249592,0.21868513502796788,0.088635691,-0.000375248,-0.284411543,-0.246746332,-0.312676533,-0.231235985,-0.414512898,-0.423658736,-0.350707446,-0.293275153,-0.302734449,-0.378563607,-0.362991175,-0.323215158,-0.460949389,-0.382720101,-0.322134986,-0.515306708,-0.479369103,-0.414796921,-0.309751001,-0.197253474,-0.197912769,-0.03545781,0.065776831,0.18324677268439535,0.28450138250565804,-0.296640732,-0.522036499,-0.301584886,2
-0.44941625,-0.641355888,-0.702946017,-0.653836476,0.4741224951116118,-0.35685215,-0.414060989,-0.141419237,0.036328015,0.3103400349442589,0.5265996011876977,0.6793000219585739,-0.235645665,-0.56527439,-0.448557645,-0.291961365,-0.101639151,0.003395301,0.23970428424394014,0.423672417,0.5243685140319144,0.4266397567444695,-0.240325233,-0.103293564,0.049096969196451186,-0.446021125,-0.511767101,-0.384573216,-0.390009456,-0.309282765,-0.273733638,-0.379795399,-0.302472521,-0.381159476,-0.404292556,-0.333983397,-0.317888906,-0.34906018,-0.261717188,-0.295549623,-0.279598986,-0.336400191,-0.260160783,-0.213335024,-0.138031994,-0.07808849,-0.194230924,-0.36425501,-0.331255903,-0.30135962,-0.680653205,-0.671097764,-0.660028437,-0.470786993,-0.440293538,-0.25528118,-0.505431866,0.12882877938174242,2
-0.41689867,0.12484996443722012,-0.19229321,0.6072543624552345,0.827026036,-0.395729466,0.077839107,1.9536569502459507,0.6896767471628836,0.6597750145935898,0.28253822462780265,0.034822859305298784,-0.08936348,0.011807803471457254,0.16382728756747048,0.2044526906073055,0.4072405060602985,0.6610350717468186,0.5480535374637687,0.18676128067651449,0.096912365,0.31732850346709174,0.087288797,0.062253001,0.20634173931665417,0.070672891,-0.339616826,-0.318101668,-0.296416562,-0.1809293,-0.511486917,-0.451272112,-0.358012085,-0.371721359,-0.426342143,-0.342610445,-0.308079264,-0.262320874,-0.326026213,-0.242805037,-0.181771898,-0.098241544,-0.05047867,-0.046498089,-0.097853942,-0.162330895,-0.106884376,0.014990733569286367,-0.162222637,-0.094352456,0.061116853,-0.170754402,-0.053066805,-0.186461756,-0.389460409,-0.049477913,-0.510756917,-0.038476407,2
-0.399883654,0.078822024,-0.336323489,0.1737047351975077,0.7042416906047257,-0.434412943,0.06275323,-0.130934173,0.23394504002837688,-0.156892548,-0.003193761,0.20990757518034178,0.2261148318628258,0.3287800409119906,0.5330254237295083,0.6825809075563118,0.937139471,0.065427001,0.29204174733878524,0.46480001328173604,0.6247991474529141,0.6591782978104368,0.8101203617160825,-0.178193553,-0.161279331,0.015731983041628362,-0.22982548,-0.175138394,-0.064155681,0.015352810874052832,-0.284385543,-0.495158003,-0.398276592,-0.409566239,-0.375695224,-0.314343695,-0.461137637,-0.37540221,-0.293862939,-0.287003715,-0.38794439,-0.310898019,-0.21473665,-0.175893909,-0.060296578,0.03383222,0.068415341,-0.013597642,-0.002125641,-0.161335316,-0.091705657,-0.134227283,-0.139691222,-0.028384477,-0.170024219,-0.0868971,-0.48915335,0.29044265500840644,2
-0.470871724,-0.66056531,-0.702946017,-0.593556306,0.5019599094314838,-0.977539952,0.18493983936962125,1.5951295811999966,1.3048797142558437,0.8549549811760196,-0.159597607,-0.056029258,-0.182940239,-0.241231369,-0.15006544,-0.580944192,-0.45501882,-0.264949269,-0.081604905,0.14455592433713427,-0.421219856,-0.211292166,-0.13762375,-0.216663233,-0.235972068,-0.127711022,-0.120616748,-0.403707658,-0.382977682,-0.298457157,-0.251224686,-0.169285509,-0.126638758,-0.477096945,-0.40958469,-0.3364739,-0.253826313,-0.251691396,-0.175313713,-0.087968993,-0.127352912,-0.162277172,-0.117015168,-0.030449817,0.052894407,-0.124488157,-0.048125019,0.091452656,0.10065120386461998,0.1059707737950466,0.035978774,0.11471332419523879,0.3233328538402842,0.17619381717408322,0.048867287,-0.312914823,-0.515130337,-0.638419973,2
-0.452039245,-0.648214884,-0.447619614,0.038861247134112334,0.490290087,0.2944555448669657,0.052727603,-0.33981392,-0.41600574,-0.266123325,-0.08384546,0.060199456,0.17094676644373683,-0.130092024,-0.026679356,-0.042246859,0.14937961279621623,0.4189755373510565,0.2723512624612699,-0.07409796,0.17757515874291332,0.096687537,0.00673466,0.062201538416539005,-0.185637004,-0.547189688,-0.625797811,-0.804914895,-0.724070941,-0.669676321,-0.598175896,-0.549247787,-0.486188997,-0.40456644,-0.368444426,-0.297178037,-0.234929442,-0.179382832,-0.179839594,-0.106291495,-0.065454909,-0.046663704,0.06495525,0.054409562906575636,0.10303869695478605,-0.378270907,-0.347694469,-0.344126344,-0.21766547,-0.37515635,-0.280306596,-0.146533107,-1.199509837,-1.291512191,-1.212074051,-0.275040794,-0.504478656,0.020298323479112944,2
-0.47604634,-0.749686068,-0.846976296,-0.969513714,0.536999412,0.062553245,-0.004219195,0.6198511275534527,0.4552835774837465,0.15022012966623471,0.20880070318658586,0.27481273444167026,-0.039876541,0.1090818474241222,-0.559566405,-0.593156783,-0.581798643,-0.459625383,-0.524366048,-0.325956129,-0.189516611,-0.00735393,0.021468916152803892,-0.865784596,-0.747656091,-0.674361669,-0.648773944,-0.607847961,-0.689446522,-0.578318321,-0.644977794,-0.542247025,-0.526526843,-0.44558386,-0.455355054,-0.373710902,-0.365298969,-0.450189707,-0.397314019,-0.464839268,-0.506893666,-0.416378136,-0.333466092,-0.228980368,-0.110640224,-0.037200306,0.095099107,0.20548117211359523,0.3579868591956481,0.5313886703942632,0.6567155536123863,0.7907716893334564,0.42907266794742016,0.618761765,0.1958693786551273,-0.314627282,-0.518930473,0.13247714657440773,2
-0.415347824,-0.478429202,-0.644024539,-0.591594012,0.5216842126656153,-0.456256133,-0.128874861,2.0696762311578527,0.23061824031863667,0.23989579423656404,0.33588803832607383,0.11744852047062075,0.3034946426040097,0.087313831,0.075709192,0.16494494155811243,0.34657270383632605,0.492198128,0.4598617148538391,0.10551921792857098,-0.533205257,-0.325555355,-0.15346231,-0.435042095,-0.259612488,-0.254857035,-0.278891566,-0.206332686,-0.180576903,-0.375029206,-0.354743441,-0.299947687,-0.506427286,-0.519046462,-0.450083094,-0.401058794,-0.336308396,-0.251992584,-0.196942138,-0.198151902,-0.131205363,-0.145468786,-0.101891074,-0.44422407,-0.349581272,-0.268527901,-0.176675343,-0.319846348,-0.463016455,-0.471154002,-0.653624453,-0.935724854,-0.856658321,-0.751754237,-0.634755594,-0.152948296,-0.49179176,0.12804083202106933,2
-0.462799107,-0.187903474,-0.447619614,0.072207689,0.6546125164288293,-1.464169524,-0.544808765,-0.090314995,-0.514696173,-0.427900071,-0.438894354,-0.37564756,-0.364405229,-0.251527115,-0.095899012,-0.209960888,-0.024496383,-0.117663083,-0.564918737,-0.403995731,-0.178051733,-0.368421224,-0.224342972,-0.040107708,0.0791284,-0.423904985,-0.290728398,-0.198419892,-0.14872401,-0.305615766,-0.497605529,-0.465530433,-0.617479486,-0.55421686,-0.472567713,-0.401676566,-0.343551943,-0.254713875,-0.184988796,-0.368040173,-0.370444177,-0.316857387,-0.28077078,-0.19489885,-0.22172495,-0.177425251,-0.165810672,-0.06638466,0.046292318,0.15483588658451727,0.2184905166123044,-0.796981276,-0.876920208,-0.790775948,-0.666760986,-0.201739812,-0.525828876,-0.660452773,2
-0.450501237,-0.133177516,-0.323229827,0.3678060905417146,0.5974136886173234,-0.037292428,0.4673026853473953,2.289762922206573,0.2061543641504006,0.028496985304639278,0.2269684703369172,0.064019947,0.13543978410781266,0.31624691580523745,-0.284015265,-0.187144896,-0.205765687,-0.055996902,-0.21139571,-0.137413736,-0.000233962,-0.377691314,-0.428732392,-0.606595542,-0.646459987,-0.55558994,-0.464800329,-0.427589795,-0.314055742,-0.595444019,-0.55300371,-0.577492457,-0.533280834,-0.51107193,-0.425720835,-0.390669832,-0.346046747,-0.329145091,-0.253563388,-0.195581225,-0.171710761,-0.073052466,-0.069602419,-3.75E-05,0.009830213,0.014873214,0.086618415,-0.098382593,-0.262665592,-0.289837272,-0.14466311,-0.304983422,-0.451487863,-0.256243072,-0.437673382,-0.252231761,-0.506909528,0.11194208991182036,2
-0.486210433,-0.808443649,-0.932085097,-1.174038433,0.5386451070983418,-1.305013673,0.090076118,-0.245071655,-0.005566439,0.065452416,-0.231773807,-0.281514514,-0.372996657,-0.48609289,-0.407176008,-0.617128627,-0.489092666,-0.38460182,-0.196625557,-0.056076493,-0.039082509,-0.292319807,-0.421387005,-0.514708162,-0.474795927,-0.39074624,-0.358269901,-0.378068498,-0.465067415,-0.433809984,-0.381641637,-0.523289706,-0.439145553,-0.408853759,-0.414375649,-0.589505417,-0.5133743,-0.506120414,-0.459602827,-0.372655591,-0.275078291,-0.244667667,-0.200072138,-0.172194149,-0.069387149,-0.095837579,-0.203636766,-0.549535373,-0.595983912,-0.621114296,-0.456017906,-0.780635229,-0.721236634,-0.835674695,-1.215811205,-0.345518269,-0.522959875,-0.511305856,2
-0.442689976,-0.424150171,-0.244667857,0.5527492095083205,0.46948104000902846,0.5458637999258573,-0.463945114,1.0721158515809015,-0.228136527,-0.273195012,-0.351219963,-0.177752478,-0.084396252,0.099015887,0.030784348,-0.038101362,0.01337598,0.22909875817513756,-0.035566884,-0.14777931,-0.07084004,-0.110705539,-0.323020452,-0.210123424,-0.094099711,-0.225433276,-0.479917073,-0.637112035,-0.712123757,-0.716609285,-0.641556372,-0.550348327,-0.475366743,-0.391183269,-0.440137859,-0.36948875,-0.282333427,-0.241839985,-0.216046307,-0.147891178,-0.052220817,0.016141780900340155,-0.016217306,0.058323583,0.13268747781959353,-0.20074889,-0.132634088,-0.116665244,-0.209309953,-0.540026803,-0.373314768,-0.655772559,-0.552362308,-0.839321384,-0.737185148,-0.275787672,-0.496001288,0.087476886,2
-0.453777907,-0.265061783,-0.244667857,0.5894321663712879,0.7028571265455412,-0.721358332,0.000218718,1.5811642126379173,-0.00385637,0.0645224,0.022705975173166332,0.14222935034715595,0.2159924183312359,0.1491115870496355,0.20248949620333598,0.31304912400132034,0.45628638689671186,0.39857695955677586,0.5763317465499674,0.5418239600229359,0.22512775520506098,0.11822397503557878,0.2532946305935672,0.3629770400017662,0.47984767453770677,0.4390766971836873,0.24820707399592873,0.049799616485424664,-0.222152477,-0.140538475,-0.106419035,-0.003117374,0.036414228,0.03456966,0.070664547,-0.010328455,-0.044012434,-0.051022649,-0.048374797,-0.04515297,0.019321387,-0.029756314,0.036800034,-0.176877277,-0.064170389,-0.022836354,0.067141754,0.14398769152365362,-0.199731614,-0.186586502,-0.109118454,-0.447438029,-0.835501964,-0.83025383,-0.814025908,-0.257750755,-0.508361949,-0.335753141,2
-0.440761212,-0.100900449,-0.244667857,0.5464037092055486,0.6150725843966098,-1.473934987,-0.153149806,1.5545053929459678,-0.02209724,0.080729784,0.044192674,0.073519518,0.2809743225847615,-0.069384731,-0.113663325,-0.025047159,0.20952912882662164,0.28085149166954126,0.014169838262132167,-0.001151836,-0.220547849,-0.030175117,-0.248224149,-0.135953782,-0.107692802,-0.472450456,-0.409654749,-0.514392446,-0.396144252,-0.347682066,-0.258210426,-0.219966577,-0.138810821,-0.057582698,-0.006241794,-0.010379906,0.015821591178775306,-0.015355008,0.074797194,0.16862020278473788,0.11949981615205423,0.12038659889286484,0.23848307475246255,-0.005729913,0.013042123599221021,0.073092869,0.13126447400151445,-0.036039081,-0.030643355,-0.295395853,-0.153618728,-0.126861231,-0.477703468,-0.6066471,-0.75643412,-0.136900692,-0.517215572,-0.58916311,2
-0.436817459,-0.436817788,-0.545822077,-0.269685137,0.5157555748151922,-0.401449628,-0.103404735,1.5049466715891335,0.6337614502815939,0.9059506904684188,0.20234478387466953,0.43770892644871695,-0.319735651,-0.209055784,-0.122140222,-0.056753388,-0.201825086,-0.087347889,-0.233557076,-0.025918858,-0.300479695,-0.521665603,-0.613494713,-0.465134193,-0.384327731,-0.24352123,-0.104414662,-0.130517578,-0.127865594,-0.166496665,-0.153057784,-0.051131866,0.027595342,0.086242799,-0.075333164,-0.003900227,0.07308365,-0.069022374,-0.027336638,-0.011831431,0.045422074,0.15424149748433977,0.17651975021815197,0.2453144190385602,0.16831283372717354,0.3058428504629149,0.4476638968744723,0.3241253005933214,0.037807633,0.004467716,-0.132788795,-0.58325199,-0.585584014,-0.509414436,-0.777657316,-0.209903895,-0.501706117,0.12956136341400556,2
-0.452909749,-1.045728323,-0.80114848,-0.907806796,0.37721203342055803,0.3035342046330985,-0.187635008,-0.233663194,-0.22467974,-0.542030333,-0.536103882,-0.3829291,-0.327389737,-0.26461818,-0.417531271,-0.434213114,-0.337474523,-0.445943103,-0.220340024,-0.35584716,-0.231016337,-0.238218992,-0.031755049,0.014442584840059005,-0.120314547,0.039022237845239324,0.1978577506462135,0.2851289796217564,0.28839706327532083,0.29221256250621624,0.342301609,0.45719731059154783,0.46090034340358244,0.095289442,0.11199363663463423,0.211964533,-0.108425406,-0.060794238,-0.038357838,-0.004604739,0.075652272,0.035552961,0.1233185580431407,0.21372160628458814,0.2799186534794981,0.3786090739097314,0.5211154645629976,0.404914459,0.44405555573441496,0.317816513,0.4792651822285344,0.6174812694161025,0.16457288054730032,0.31619625211564484,0.066062529,-0.201077053,-0.517526059,-0.016645628,2
-0.479801135,-0.775502079,-0.290495673,0.5524122262784915,0.3619803301249736,-0.024235909,-0.430864289,0.3181119207672808,-0.145031812,-0.819480457,-0.67236657,-0.591213111,-0.444661567,-0.414647736,-0.28514963,-0.180588462,-0.220420142,-0.337858732,-0.15228936,-0.091087669,0.12461562518565064,0.035017726,0.2586268853960936,0.16192178191019074,-0.021591739,-0.028282397,-0.180034792,-0.071271037,-0.061712643,-0.624274595,-0.51692037,-0.417882959,-0.348794017,-0.400606106,-0.379663224,-0.440694848,-0.50802954,-0.615566814,-0.617208446,-0.582197732,-0.578031175,-0.506020012,-0.505110148,-0.556438504,-0.508538985,-0.479589421,-0.44420771,-0.383925116,-0.410232065,-0.255296128,-0.190403976,-0.03940766,-1.10240206,-0.978461495,-0.911359492,-0.364304267,-0.514133675,-0.180748654,2
-0.425779796,-0.625340284,-0.244667857,0.497470529,0.43572486665894383,-0.364477623,-0.187549111,0.069495724,0.6551842923318286,0.43582167455413456,0.25795247570200075,0.3958554235627856,0.126435292,-0.145994338,-0.047289026,0.14183884165996208,-0.065174524,-0.085587061,0.12643949156252057,-0.226736791,-0.089809681,0.112720101,0.2438489995119097,-0.155838421,-0.186065498,-0.573481586,-0.466019411,-0.327543438,-0.203923493,-0.217465447,-0.307126884,-0.378504152,-0.383826298,-0.358390534,-0.402630135,-0.361422745,-0.273207566,-0.300136866,-0.217972019,-0.158351383,-0.147222376,-0.353149946,-0.262999181,-0.197201406,-0.082253176,-0.040006891,0.093786022,-0.047438431,-0.01211756,0.13082269177681155,0.020570667990972083,0.13442704520793966,0.2116441728448683,0.13961640457377225,-0.435713705,-0.208500836,-0.492091674,-0.4496328,2
-0.486608073,-0.828586417,-0.866616789,-0.994610245,0.5208861079798551,0.20188616520495628,-0.449566293,0.15724386116584058,0.48566033409361564,0.9146571233493626,-0.072720063,-0.090558504,-0.275009307,-0.139101387,-0.009671676,0.030789514034154364,0.2468564462294528,0.48152994507690183,0.4684487946515075,0.5053580587974424,0.5008237266826439,0.7439764526765261,0.732450103,0.8758031014135378,0.607623452,0.096569423,-0.236287444,-0.128193855,-0.402339308,-0.284301215,-0.264601597,-0.231610621,-0.130222645,-0.107594986,-0.174717653,-0.116780484,-0.072124281,-0.000164423,0.093853904,0.062230295,0.082407906,0.19329932733893343,0.2334788850209154,0.28894170682260595,0.16133193092926448,0.15813703077350508,-0.021685066,0.10461497137480376,0.2595269826429101,0.24225457223248897,0.14918025258003179,0.28947196019439303,0.28439812909880846,0.43185084054430434,0.5005774300564166,-0.366516678,-0.520110459,-0.759207046,2
-0.511227082,-0.920916894,-0.624384047,-0.26068293,0.38062264257664546,0.4526268407847185,-0.256770211,0.8623075554335431,0.8382141108822206,0.21763426027181063,0.3006515725287952,0.19975164736758846,0.10397815520432212,-0.022783359,0.11408473586929409,0.3187441167100931,0.3428160009828782,0.31796370806248825,0.5763936598725181,0.13887890832926955,0.057367182,0.2773268915231789,0.3280399116275318,0.4923469514191686,0.2925974775553267,0.30351274096243974,0.24539832437901127,0.3752227043430998,0.3392604782620398,-0.212179152,-0.249971512,-0.18310933,-0.343869587,-0.250817229,-0.289576765,-0.21931925,-0.332697911,-0.338234058,-0.398455226,-0.331796504,-0.310577805,-0.459200369,-0.369843158,-0.272934617,-0.188890226,-0.238553795,-0.160592029,-0.203102743,-0.217005767,-0.101544181,-0.075776377,-0.09552378,-0.089993503,-0.275756877,-0.540965843,-0.486237618,-0.522442954,-0.024741084,2
-0.464575681,-0.528384715,-0.768414326,-0.788054841,0.6063358230848646,0.5379038992832429,-0.444417963,-0.053458389,0.3489494518750862,0.099996424,0.2744689620501356,0.28896407552880193,0.20651771424884915,-0.019749798,0.096352663,-0.429129896,-0.539272327,-0.49344428,-0.514758191,-0.33717973,-0.175943072,-0.349985577,-0.308407991,-0.112259276,-0.105564925,-0.06202411,-0.307469815,-0.382080952,-0.392829275,-0.36049467,-0.372047127,-0.515781291,-0.432693383,-0.417457385,-0.42084818,-0.342714655,-0.373963277,-0.309572546,-0.29139514,-0.289058209,-0.307284185,-0.237938891,-0.200865871,-0.101097258,-0.016868857,0.010727598,0.057112797,-0.42453706,-0.300244303,-0.265640492,-0.333744449,-0.545177736,-0.54425074,-0.344248857,-0.954696014,-0.389038169,-0.497109197,0.12411928642854246,2
-0.50696954,-0.797274237,-0.866616789,-0.939551141,0.3690923466495277,0.3433891046925599,-0.347715167,0.091726792,0.32267779001367564,-0.052493828,-0.083584315,-0.225413677,-0.217199451,-0.281374272,-0.350152189,-0.231903091,-0.40004806,-0.388364923,-0.653524567,-0.819244223,-0.601645622,-0.63295363,-0.483621772,-0.272877099,-0.212405982,-0.052169422,0.067373574,-0.356281906,-0.299425591,-0.245665571,-0.144302754,-0.167192327,-0.117880233,-0.022816392,0.009860677,-0.163245701,-0.239916876,-0.282009439,-0.411724212,-0.357158883,-0.3078275,-0.228911489,-0.274923448,-0.259164088,-0.265758247,-0.348406454,-0.365519582,-0.388247187,-0.292537766,-0.38902822,-0.440483606,-0.443317234,-0.315105015,-0.150286675,-0.621444897,-0.425242305,-0.528391112,-0.135432684,2
-0.423424139,-0.427421246,0.12850150217894246,1.4793718266557405,0.5811156844302097,-0.7527134,-0.661524033,-0.073337982,0.025718116,-0.267377011,-0.061607983,0.010077918096372708,0.13665411080912276,0.2742939208831339,0.091618703,0.14793479398678086,0.39876613180816584,0.41698021019308196,0.5010441720404121,0.1451750944105049,0.11484036923882238,-0.039603402,-0.01620008,0.070384724,0.2080690032287609,0.045997232,-0.226113664,-0.106405363,-0.138991622,-0.070680061,-0.167162815,-0.088822223,-0.094076003,-0.021328932,-0.054993853,0.014875512,0.036233793,0.095071263,0.074339448,0.1674809869477478,0.25260794311818124,0.16509730028633024,0.17139707548171054,0.064804986,0.052837789565792624,0.1598059053633431,0.055096694,0.12031769347763842,0.17043794833709242,0.019468385296637886,0.14300540128489678,0.00931204,-0.235585236,-0.154839326,-0.418165659,-0.135787571,-0.502310594,-0.048581667,2
-0.507274009,-0.749444593,-0.611290385,-0.236648709,0.42038293652727377,0.42317565890156544,-0.212596186,1.0289814696114132,0.5373934118882786,0.1706448330425707,-0.107228411,-0.239988598,-0.188842867,-0.217293527,-0.131003624,-0.032647825,-0.023956881,-0.246634914,-0.060170625,-0.077288903,0.008781647,-0.036701854,-0.104384225,0.050982359,0.027900037132944165,-0.132642032,-0.041139077,0.018928773,0.13632869895806432,0.265622676,0.34383649573724895,0.42739144393569084,-0.024562585,-0.160590291,-0.069649642,-0.044724526,-0.062685073,-0.136996098,-0.183338139,-0.133633233,-0.045981176,0.054239303816724406,0.10680022155041222,0.18421786453136385,0.17694985768131893,0.26354236794870184,0.19544406649520907,0.29413244391182297,0.32578223772235654,-0.131107118,-0.160340845,-0.30730549,-0.26908514,-0.079513657,-0.141447356,-0.453866318,-0.524113217,-0.593994582,2
-0.504670225,-0.417249092,-0.467260106,0.15103523132730548,0.6067285597114158,0.40558321566947686,-0.549934745,0.4855251943104414,0.43717683053121986,-0.097070049,0.001530769,-0.073160865,-0.025945324,0.040272581,0.09170689,0.280266301,0.5676699862260756,0.7906495754053586,0.1903468922150775,0.17442452612216944,-0.535821249,-0.923215424,-0.80607723,-0.634130211,-0.65658428,-0.524464466,-0.490663916,-0.405461196,-0.554358959,-0.444390284,-0.489673352,-0.430843084,-0.502648293,-0.5188485,-0.445843997,-0.432253016,-0.508980408,-0.440801093,-0.351306389,-0.332182501,-0.270509752,-0.205812938,-0.225000695,-0.190555414,-0.087982464,-0.158228163,-0.364675554,-0.23144134,-0.110806627,-0.16030564,-0.072268181,-0.121568244,-0.019665057,-0.262154698,-0.388786355,-0.41156699,-0.528487818,0.4974696051681554,2
-0.471070334,-0.476759994,-0.624384047,-0.38036346,0.4892892367535284,0.36773131600675724,-0.218762428,0.6817465202300464,-0.381606845,-0.32938592,-0.276462989,-0.337504429,-0.388020266,-0.318215646,-0.25737596,-0.143485675,-0.030707275,0.16786600899939733,0.16293565184413067,0.28700651883177464,0.3653692731616904,0.330615039,0.4846397741544364,0.6164731612177047,0.8035819596927574,0.8769150463002806,0.857571741,-0.42536647,-0.418400392,-0.302049644,-0.376357408,-0.3956408,-0.318861928,-0.289759523,-0.215318553,-0.213471309,-0.147078363,-0.098119741,-0.18856426,-0.312257836,-0.255805073,-0.261344846,-0.154136763,-0.192107269,-0.071244163,-0.000964171,0.11566798375849764,0.073396392,0.1874759157044353,0.020549004762259918,0.1769888954821755,-0.089514169,0.10634994702673026,0.078296509,0.1719137493053154,-0.304782222,-0.516299215,0.33192800739831674,2
-0.468889294,0.46639008001297666,0.23979762682496153,1.9499699967662965,0.6930741584131044,-0.186591207,-0.176776872,-0.141156794,-0.716816271,-0.575409298,-0.479070542,-0.583827492,-0.685074799,-0.546422855,-0.46926664,-0.348193757,-0.211686525,-0.237477596,-0.062456914,0.18672084486889412,0.35669953922754377,0.3677957618100572,-0.042786165,-0.054097586,-0.397881654,-0.346371348,-0.230916224,-0.364759288,-0.32420662,-0.488477601,-0.417253996,-0.410741003,-0.347705846,-0.356213925,-0.430053312,-0.363941685,-0.315356639,-0.287404736,-0.192419318,-0.294211106,-0.228504455,-0.195067214,-0.147190721,-0.045584772,0.051536286,-0.111093616,-0.028729437,0.057033025064493675,-0.221234899,-0.086764343,-0.147302734,-0.03064554,0.11244881246666348,0.18008998444366034,-0.737624963,-0.28407359,-0.518114,0.41235634239937086,2
-0.48785896,-0.747645503,-0.755320664,-0.687821023,0.3958978065642612,0.5587235658630978,0.6079426528065895,2.1140001625660654,0.084240305,0.22055841939672044,0.4357363120125141,0.5742770066026402,-0.210854487,-0.529957174,-0.458482815,-0.373653073,-0.308665027,-0.338794013,-0.559782866,-0.399653959,-0.916285719,-0.758474971,-0.522219862,-0.348559395,-0.411644152,-0.311159525,-0.312474181,-0.308016277,-0.224312693,-0.116265448,-0.326516507,-0.254649979,-0.161313698,-0.145582661,-0.176994465,-0.308893282,-0.285434192,-0.271546627,-0.247703338,-0.353005322,-0.384622646,-0.292609656,-0.273195384,-0.336477855,-0.48674627,-0.524947928,-0.441373861,-0.455676218,-0.347066239,-0.243875038,-0.077511695,0.10800289924544675,-0.010874318,-0.32658551,-0.409831304,-0.456346891,-0.506584655,-0.159542892,2
-0.516564321,-1.002039128,-0.87971045,-0.949413831,0.3636756029598842,0.10457138684707713,-0.30407568,-0.596200474,-0.464862768,-0.582558205,-0.387586202,-0.79683432,-0.687006386,-0.571061274,-0.474222644,-0.504369763,-0.473028468,-0.551418265,-0.358723714,-0.108395163,0.10449043846456818,-0.192106181,-0.152231196,0.016545906049986892,-0.027788041,-0.141946562,-0.232725533,-0.215189121,-0.170398692,-0.183090423,-0.26901068,-0.169141027,-0.073724996,-0.035115956,0.065347644,0.12533130040595988,0.060149725276865025,0.12234041257101487,0.12322155892547022,-0.230062398,-0.196482038,-0.149884356,-0.303744169,-0.301093482,-0.228578393,-0.190016523,-0.087361978,0.033896419932019486,-0.217528126,-0.268394047,-0.671153889,-0.59903465,-0.963667748,-0.990943412,-0.856089342,-0.43486289,-0.535402844,0.38323432914841116,2
-0.428580086,-0.712988731,-0.932085097,-1.32026818,0.5274928060289128,-0.42075955,-0.116426602,0.7193614361327659,0.30317788286131536,0.2639719662352371,0.009426448,0.17659076112115082,0.2669961250984065,0.017125430085893366,0.20051525669576262,-0.061721366,-0.005229851,-0.267572391,-0.157923679,0.078746753,0.26753792675294225,0.5252565412865797,0.5635764257370521,0.32082913714733935,0.5117352804113853,0.6106783722915935,0.071614021,0.11994700075588874,0.057758987,0.086879097,0.069246865,0.051974942,0.16159844940785875,0.26025603049330737,0.3551314380732176,0.3802520458181534,0.42373788005240526,0.45502420015155864,0.5536969120510368,0.6083638914959827,0.7334028199936715,0.5053727811735254,0.5512069557843793,0.5452267353974581,0.6844549233721808,0.5261203644446655,0.5326711601494553,0.6759671539952642,0.8166087067057398,0.845635973,0.5724860702742529,0.5946881689654993,0.34985443432452273,0.040483032913840006,0.1198650420862539,-0.146682975,-0.504916651,0.5209413719344262,2
-0.480733001,-0.230253916,-0.323229827,0.46656272,0.5927779834162963,0.5984925205856036,0.2141609751901475,1.9998192073872159,0.5802782987067583,0.8997360693936541,-0.286800379,-0.355448751,-0.488433191,-0.33761037,-0.263883148,-0.099040048,-0.080508245,-0.388948749,-0.214309067,-0.13849295,0.013977165448377762,0.20440958894532252,0.24683139536976054,-0.306376784,-0.195189785,-0.192179169,-0.035148132,0.028649681162823404,-0.082777937,-0.062618673,-0.07059356,0.01440986,-0.254238822,-0.167083257,-0.106909992,-0.052189434,0.033760127684838256,0.099991594,0.17044370867151507,0.2612569149589476,0.24274123709415898,0.32836353640746546,0.3416480023441523,0.4046077414112826,-0.087324598,-0.155520782,-0.080451271,-0.335538482,-0.254325446,-0.204349926,-0.117495061,-0.164779186,-0.2970666,-0.150611447,-0.876485827,-0.38370643,-0.511957882,0.4588080363577668,2
-0.435298543,-0.728665631,-0.624384047,-0.483517584,0.49939331241980994,0.30523097328814447,-0.189598797,0.45813791877100196,0.4822183978215875,-0.14907164,-0.108419738,-0.018572355,0.18512734789363647,-0.030813288,-0.03582618,-0.293523027,-0.303339112,-0.468306196,-0.358275762,-0.179161451,-0.040031213,0.18904184831716203,-0.503592563,-0.380795517,-0.444661156,-0.358793424,-0.520849906,-0.383278754,-0.329986068,-0.329072612,-0.285591741,-0.280559718,-0.177640552,-0.125416159,-0.047434586,-0.251637663,-0.261102056,-0.298134381,-0.239906133,-0.274479451,-0.264443486,-0.222070898,-0.189984199,-0.147143869,-0.124600148,-0.123941795,-0.553620568,-0.653729873,-0.665872814,-0.900191939,-0.92177183,-0.841538781,-1.069098535,-0.979161005,-0.90734418,-0.220432531,-0.498283487,-0.037182095,2
-0.473114667,-0.506632155,-0.545822077,-0.161553203,0.5521541031883249,-0.309696094,-0.160901085,0.28032035103455677,-0.002392515,0.1580329142555016,0.018316646231576066,-0.047502844,-0.264826065,-0.128131789,-0.067196583,-0.319890528,-0.20653305,0.025849732,-0.488891673,-0.304788038,-0.159964797,-0.262253799,-0.170131207,-0.182631382,-0.066732111,-0.28501916,-0.280753464,-0.232695554,-0.180576536,-0.289441547,-0.220479225,-0.313619471,-0.295380694,-0.2520371,-0.332866226,-0.329552348,-0.347035941,-0.376188866,-0.347000699,-0.314111318,-0.250439381,-0.297593486,-0.208294361,-0.296672579,-0.337981831,-0.264949074,-0.170808721,-0.180771382,-0.196921298,-0.10760299,0.028270549878099478,-0.728293778,-0.588443699,-0.95922553,-0.921364187,-0.366694858,-0.507823755,-1.075312699,2
-0.4012775,0.19677687817053077,-0.355963982,0.12639631357214923,0.8015551347575299,-1.325804841,0.080522574,-0.5071288,-0.174297196,-0.072254509,0.007226011,0.2032481957155009,0.3954875414291524,0.5146029816735641,0.710977866,0.6868717905866656,0.6214585008898985,0.5673789204822295,0.7840242275004249,1.068490427240141,0.5600415112403047,0.39886447002439523,0.40164221247041054,0.4278236614130015,0.2270502955577712,-0.129053077,-0.00754706,-0.066198656,0.045088608,-0.093712186,-0.055560174,-0.312533201,-0.337885853,-0.268094621,-0.179541209,-0.132748644,-0.048028152,0.009316544,-0.180791532,-0.285865365,-0.245639695,-0.178050343,-0.075209357,0.043993844,0.087675159,-0.066952357,0.041033861648562105,-0.137680185,-0.49473902,-0.347104475,-0.273883398,-0.182823496,-0.157700985,-0.337388495,-0.340623455,-0.053931633,-0.496309015,-0.92332595,2
-0.509805967,-0.199113321,-0.499994261,0.07742621,0.6257834887684004,-0.779036236,-0.549005011,-0.407901293,-0.09021059,-0.627771863,-0.469951145,-0.394160764,-0.49407135,-0.457761734,-0.320792344,-0.197781897,-0.093599069,-0.034442824,0.22271029889969532,0.4904605612894673,0.704673044,-0.077840619,-0.138773514,-0.409556369,-0.272319859,-0.214150251,-0.097879729,-0.052244231,-0.004668973,0.087227403,0.17899258333473353,0.26184090943899363,0.048878312,-0.042336914,-0.076803224,-0.175639431,-0.086098645,-0.103544401,-0.269885657,-0.210967059,-0.273273418,-0.269438927,-0.16827797,-0.089771025,0.021206061070393432,0.072903682,0.097203358,0.19473663581197756,0.2353641312373153,0.3658419252090877,0.47711071066195854,0.6052565482811091,0.23469368697716614,0.26350988784100665,-0.072051116,-0.398003998,-0.535116248,-0.557261479,2
-0.454445081,-0.558520569,-0.735680172,-0.727769046,0.7060768573209449,-0.074600485,0.13893677704552834,-0.350654404,-0.669232025,-0.473089304,-0.436604016,-0.271131305,-0.212338536,-0.212608414,-0.566610654,-0.423732738,-0.48576011,-0.381492008,-0.314101067,-0.673492006,-0.418274447,-0.559952922,-0.403983845,-0.4159981,-0.256414148,-0.300455,-0.240297899,-0.250923017,-0.143648303,-0.018836206,0.06381373,0.13074501898890273,0.18289060447037891,0.11625424354589914,0.18159181267650565,0.062050288403008046,0.11168623570804591,0.21962013000684538,0.2886702819971097,0.30036992695069376,0.24804437829502896,0.011804259554691004,0.12773089684189812,0.23658887,0.3027846429170626,0.13828542561843624,0.27182425966835244,0.037792428174292236,0.049745644,0.2046688396198962,-0.331557363,-0.195173724,-0.231335611,-0.050791177,-0.327413361,-0.215876405,-0.516244862,-0.441754201,2
-0.512185406,-0.924733752,-0.624384047,-0.257774987,0.3666405029921677,0.4596965506542156,-0.77681364,-0.311511717,0.029255215,-0.186776084,-0.56654092,-0.401403031,-0.533694263,-0.550578235,-0.485618845,-0.698244283,-0.856617529,-0.777930942,-0.636308832,-0.435878548,-0.2201812,-0.166035831,-0.144116801,-0.113045497,-0.439977825,-0.392276708,-0.573947962,-0.469711497,-0.68232907,-0.589628907,-0.478240815,-0.570331278,-0.509554253,-0.608538827,-0.545829271,-0.488397165,-0.412142819,-0.478000791,-0.482040691,-0.4090089,-0.346515821,-0.255981083,-0.155716837,-0.202011831,-0.132129369,-0.122412026,-0.163442975,-0.029150362,0.118952706,0.060846345,0.19787076343173154,0.13903460760201192,-0.483025407,-0.550879714,-0.424434824,-0.42921645,-0.532264528,-0.604898507,2
-0.42732947,-0.00596637,0.017205377532923408,1.1980708582388084,0.5359386162053525,0.13314350493246518,0.14915294584377328,0.076118156,-0.210279453,-0.267409287,-0.078500027,-0.278877701,-0.129027531,-0.108518807,0.001294122,0.049077562207139706,-0.35996775,-0.317247105,-0.168808326,0.06799918,-0.168663784,0.055080626508472556,0.2329190384006293,0.45446186954803763,0.23466357273424635,0.28025022024942275,0.44473811184757733,-0.123467686,-0.221959904,-0.348322513,-0.35531041,-0.274701119,-0.232639068,-0.342767141,-0.298480977,-0.56573058,-0.595508038,-0.665963569,-0.599223689,-0.534973323,-0.497064371,-0.428668208,-0.385320673,-0.398046455,-0.359847044,-0.295561518,-0.270626181,-0.6469732,-1.03533749,-0.984855598,-0.939238752,-0.807707413,-0.910900972,-0.985707615,-0.872194106,-0.16599252,-0.500877055,-1.109360187,2
-0.447922738,-0.934231047,-0.814242142,-0.956221947,0.44055120556399313,0.5258630799913653,-0.521764948,0.5681890234049409,0.3524285013551969,0.13932924885454845,0.3928123100971007,-0.052985665,0.060881859367046744,0.24743831805877997,-0.260367288,-0.249110222,-0.250451174,-0.10770437,0.036148997,0.023732190321523034,-0.547241675,-0.320153333,-0.323964845,-0.120529544,-0.08467465,0.034134079502970954,0.10469130667042421,0.20972164533218426,0.2296233720422409,-0.173789422,-0.072581731,-0.119759238,-0.045429002,-0.017349835,0.058378378083206735,0.013734988152450132,-0.094428071,-0.087167324,-0.026859377,-0.200214053,-0.156199037,-0.10929213,-0.073982961,0.030234761855257922,0.072593071,-0.360303284,-0.47633368,-0.443611747,-0.406098208,-0.260755746,-0.454895131,-0.570637233,-0.676617583,-0.638921249,-0.485243368,-0.286966838,-0.498923873,0.26045482473313997,2
-0.442869554,-0.173233559,-0.369057643,0.22074565063735724,0.6485809002884314,0.14186385971978843,-0.163656377,-0.31208083,-0.143843889,0.14660663288294123,0.2539143025097143,0.048649446,0.061999184,0.18035362480154457,-0.110326757,-0.217853201,-0.245383034,-0.466479107,-0.462551228,-0.220342392,-0.071926537,-0.433128638,-0.531640583,-0.383378718,-0.260301422,-0.111892415,-0.045832197,0.025045817,0.12830250244382443,0.064842838,0.17481079747204917,0.10756579718143801,0.068331411,0.08758338,0.000131864,0.037376353,0.058872102,0.1635370618245185,0.2570809334623842,0.11099761410587751,0.092369581,0.15244487396218176,0.088018905,-0.013931879,0.084526198,0.1938054912057755,0.11147462050805473,0.063401167,0.19989391856344793,-0.198278571,-0.554357223,-0.370718785,-0.171447519,-0.532932303,-1.026456785,-0.235435213,-0.502626941,-0.283816642,2
-0.439227895,-0.673882313,-0.624384047,-0.472341039,0.40240317789080415,0.6459020059399981,-0.373331936,0.3157306281722875,0.36791824634069425,-0.266326023,-0.240474118,-0.227613204,-0.422086281,-0.563702249,-0.55942833,-0.442199602,-0.33067922,-0.211426233,-0.118345704,-0.264754892,-0.389703927,-0.149800686,-0.022612156,0.049718028259803725,0.086884594,0.18979613274175583,0.16888788644404634,0.19452509750635252,0.20668167797720519,0.2819126858644141,0.35028747479972505,0.3662704676173637,0.24387534871615477,0.2510163234159369,0.074868233,0.094909429,0.04942766,0.043320207,0.10809663700696236,0.16938670337441478,0.11757935369063864,-0.000794719,0.09863929,0.16138023012426814,0.20490059337650895,0.18555579342111392,0.20606400830022975,0.13164578098785243,0.22298120663909435,0.38394195690072314,0.5350833827999633,0.6363746269692568,0.6047892816166344,0.5396946511528402,0.36360332933152056,-0.255426819,-0.496390596,0.20657000461347222,2
-0.474072179,-0.185452847,-0.467260106,0.054252219,0.6926487880368065,-1.032453681,-0.266121902,0.5663319910266219,0.24714339120316378,0.3016424213673773,-0.062784009,-0.376004334,-0.376217127,-0.443247582,-0.41916472,-0.448052785,-0.756376466,-0.676981708,-0.537710964,-0.297916443,-0.13312662,0.081095887,-0.053112454,0.15383451467938924,0.35555345336062605,0.13003770022802258,-0.220333893,-0.28714619,-0.235108976,-0.147162447,-0.035615369,0.028352931151102486,0.063987616,-0.141314833,-0.140782008,-0.051388529,0.018332247031290515,0.068674256,0.13828588236391878,0.13506000431355328,0.24266374859928136,0.24864722042436382,-0.095295502,-0.163424962,-0.111104108,-0.08042833,9.216973751153443e-05,0.027644529,0.10401929324566836,0.11480250309736778,0.30003060712202073,-0.374535202,-0.242272413,-0.701312945,-0.547327888,-0.184520229,-0.539110837,-0.248266108,2
-0.485965282,-0.623303567,-0.467260106,0.091563451,0.5875515981694281,-0.337662283,0.6864434492301745,1.6815658824817177,0.35276329562927444,-0.037239668,-0.389049145,-0.205095825,-0.036708781,-0.597435177,-0.477936538,-0.566627781,-0.745435944,-0.614391495,-0.39003653,-0.231947879,-0.11574843,-0.009986052,-0.072497583,-0.121419411,-0.162947465,-0.069745358,-0.305693322,-0.254243794,-0.205329967,-0.210948121,-0.19980531,-0.240010359,-0.233749318,-0.157691803,-0.099535827,-0.127438596,-0.034646845,-0.071478613,-0.004360136,-0.125923592,-0.06760815,0.026420693090382905,-0.150897194,-0.09056673,0.030424688,0.066371435,-0.128258279,0.003304973,-0.043795908,0.097723768,0.19345093010752792,0.076048568,0.17107356132287097,0.22551634701185305,0.39351344783679737,-0.33041173,-0.524960918,-0.540774094,2
-0.513285667,-0.388799024,-0.11373124,1.1534399101110884,0.5771611590552534,-0.224626798,-0.466268972,1.6578488341890871,0.10165284199399627,0.045434414325827496,-0.032709006,0.1392151017670841,-0.234898881,-0.071468912,-0.569497082,-0.481495393,-0.379234512,-0.394386443,-0.231406066,-0.19436138,-0.034897304,0.10987879065473588,0.2736839501166772,0.4767957235256614,0.6222861084662854,0.3042678321476032,0.3428602844890734,-0.232908948,-0.148753465,-0.124433034,-0.188889082,-0.249778952,-0.214511487,-0.123575327,-0.216495246,-0.278790345,-0.330768908,-0.267525624,-0.214371904,-0.147076024,-0.227981868,-0.220496474,-0.290603484,-0.275524343,-0.36408373,-0.37921853,-0.423202802,-0.462189468,-0.44496745,-0.299177566,-0.255934922,-0.988668608,-0.842407067,-1.167236623,-1.03661549,-0.40411833,-0.53726408,-0.376369602,2
-0.475354874,-0.71828689,-0.513087922,-0.066007072,0.48395066725728236,0.082354862,-0.112140832,-0.088347104,-0.049050513,0.096995909,0.11699937,-0.008234052,-0.162871084,-0.083739292,0.049146106,0.1998670258356958,0.3819948727125235,0.5008969836518862,0.33426474611457735,0.42292652561222993,-0.597461683,-0.402384718,-0.330685189,-0.141710448,-0.248150357,-0.205156152,-0.225001002,-0.17112907,-0.366106841,-0.442528444,-0.514847185,-0.452484894,-0.401190773,-0.466755477,-0.452727353,-0.401003355,-0.308178125,-0.215971979,-0.177481946,-0.096809211,-0.232994329,-0.301623008,-0.213879801,-0.139604937,-0.044472297,0.007608196,-0.337000896,-0.243117594,-0.324556025,-0.32632799,-0.63807849,-0.503485935,-0.393938937,-0.356671864,-0.529859994,-0.345685633,-0.513557602,-0.577809622,2
-0.473274433,-0.739146048,-0.72258651,-0.639944035,0.4602887825070179,-0.119740502,-0.119084611,-0.272189495,-0.327856622,-0.144867643,0.084060086,-0.225919938,-0.106372068,-0.345279109,-0.231157581,-0.10648928,-0.022456022,0.071810524,0.2946281868408353,0.4498027106254327,-0.115668115,0.14564355082414251,-0.141497334,-0.002243935,0.10163383318455288,-0.051456141,0.002385571,-0.046939733,0.037799714126883814,-0.105528929,-0.102778741,-0.22890499,-0.269865515,-0.264841898,-0.198254897,-0.188122086,-0.100545616,-0.095941567,-0.119742272,-0.049343076,-0.028662309,0.084361761,0.17420876466340338,0.20544449115201738,0.16365055618800178,0.25512874627079096,0.20919280199445042,0.11109883692683897,-0.023345692,0.12399310822267702,-0.090429826,-0.496959914,-0.381616696,-0.55573513,-0.463710777,-0.24708628,-0.52770604,0.11117058514945899,2
-0.412052003,-0.685106677,-0.467260106,-0.134235782,0.4071308509320372,0.24904852087756957,-0.248916728,0.42083451889331835,0.001773111,0.2159771205705502,0.29060944614306383,-0.059301298,-0.082878831,0.1112475670675062,0.1921622231759774,0.028541909685291612,0.13598355876307963,-0.171589244,0.04520001,0.086252868,0.291442597,0.35650814404350395,0.19206732101034515,-0.429581768,-0.245589036,-0.509838424,-0.3760936,-0.300415797,-0.214076226,-0.115378043,-0.131570769,-0.404212871,-0.369705705,-0.290585507,-0.235184928,-0.267401227,-0.200201246,-0.117185626,-0.062711143,0.020435066248669902,0.11664514379534482,0.11102877388043288,0.18859115547118843,0.2888810218931504,0.4218009539103648,0.43964075197801605,0.22895349112974273,0.37402622669801794,0.4991662441880554,0.3759028791347936,0.28045712854632987,0.30370176181490127,0.2221595870044497,0.26365765502151206,-0.278064264,-0.237469196,-0.475801286,-0.161177929,2
-0.460589746,-0.085648814,-0.225027364,0.665059157,0.6383152768562854,-0.343478151,-0.399068936,-0.254886954,0.16165275993824274,0.098404302,0.20377079240306073,0.19700849905640397,0.14868427833335002,0.32781917576722697,0.39253184709828315,0.5701501891513502,0.39017228190901193,0.62196917,0.47298864723548606,0.2288361043915729,0.34128995201769746,-0.339792724,-0.62010035,-0.43336591,-0.343613144,-0.203300179,-0.204675963,-0.282404046,-0.15493157,-0.189939311,-0.174987302,-0.151240957,-0.058146408,-0.122114734,-0.053344988,-0.207459855,-0.11121419,-0.058897174,-0.167722186,-0.210090586,-0.151761038,-0.046505822,0.064721188,-0.053541772,0.002263157,0.051698343,0.15895733993454547,-0.237311317,-0.58431189,-0.560740704,-0.460235206,-0.460489474,-0.779949391,-0.730482253,-0.559276031,-0.262271348,-0.514108011,-0.555960145,2
-0.475040634,-0.160583373,-0.225027364,0.714014962,0.6170204247155232,0.42114830636046385,0.078496107,2.1446652956448125,3.1186237829999763,0.8297910617217963,-0.015034371,-0.101778266,-0.274340403,-0.16159129,-0.47264305,-0.36213316,-0.245412124,-0.341637239,-0.136772368,-0.254193132,-0.00105428,0.20432964500172454,0.41754755167345836,0.082005634,-0.150822412,-0.073256543,-0.504565321,-0.403276666,-0.349064641,-0.310400836,-0.27207062,-0.213156201,-0.15087288,-0.080142807,-0.046263967,-0.01137515,0.08096499,0.1543622918677381,0.26552093446590813,0.346320708,0.44130086160007576,0.41450617049714633,0.3138609877072233,0.3264381997406759,0.4621492349650552,0.5335886033298206,0.3983381372433088,0.5374877925545898,0.2467799365756543,0.20033652843656868,0.050338733563033936,0.20302341709835142,0.3592490804543328,-0.472806263,-0.340985806,-0.393817538,-0.505605093,-0.71486023,2
-0.449016204,-0.453992447,-0.72258651,-0.707603576,0.5698037318390448,-1.007837802,-0.327955051,1.564707518245081,0.8070941882852309,0.7163247197607642,0.2600311212151917,-0.074534534,-0.065058171,-0.049093568,0.039482592,-0.235346035,-0.234941839,-0.134333831,-0.163027286,0.00626009,0.1758087955990762,0.073356056,-0.594130915,-0.391074383,-0.206597783,-0.496204613,-0.43644431,-0.492075173,-0.411305891,-0.363908735,-0.374150777,-0.297819897,-0.216033255,-0.200265759,-0.099972621,-0.151566039,-0.144365259,-0.044810071,-0.05633743,-0.015388168,-0.255335241,-0.150982374,-0.081325996,-0.052335504,0.061897513,0.13825134879508935,0.23103559449161234,-0.069518343,-0.353224853,-0.247512312,-0.158031137,-0.13248515,-0.036286019,-0.28886043,-0.113189795,-0.186993287,-0.516315181,-0.067435686,2
-0.49475937,-0.194495768,-0.035169269,1.3010070558168958,0.5747621043876482,-0.501351443,-0.174583449,0.6955062893734635,0.16463023011073338,0.5282217110956138,0.14266242046255906,0.222309828,0.4108776330974246,-0.506762723,-0.572533859,-0.733085425,-0.718294112,-0.611563307,-0.853506444,-0.623605618,-0.828312051,-0.595869,-0.67658728,-0.723358142,-0.641948665,-0.571119161,-0.516855099,-0.400495059,-0.341054473,-0.241331237,-0.182719005,-0.264210698,-0.334076702,-0.250453586,-0.172743878,-0.106981752,-0.027547404,-0.158298745,-0.155948522,-0.207421899,-0.27032309,-0.227014341,-0.137809643,-0.223528309,-0.207579898,-0.09456982,-0.118247735,-0.046062815,-0.37743754,-0.231528779,-0.103970905,-0.148354026,-0.174254607,-0.13962518,-0.340587535,-0.30558286,-0.537316132,0.010764888063457509,2
-0.50217696,-0.486278472,0.1546888256250646,1.8493931179306782,0.4928760131060087,-0.592918452,-0.322614043,-0.06334172,0.16502315560451133,0.1127242427605189,-0.086664043,-0.002586608,-0.350456929,-0.208728426,-0.172716654,-0.098038387,0.12646109272920664,0.06339862,0.14863243537806137,0.4229551694651344,-0.517963282,-0.57550925,-0.764305208,-0.708325617,-1.042046164,-0.897239724,-0.768130236,-0.794815958,-0.744865502,-0.688344777,-0.58088714,-0.521075681,-0.490233396,-0.428893518,-0.357446882,-0.270532062,-0.198952306,-0.161075743,-0.100988914,-0.116857328,-0.015404792,-0.127383342,-0.028433703,0.08108196,0.054376301656634825,0.15811125451982685,-0.095435916,-0.339718564,-0.225073991,-0.178671542,-0.126251,-0.144056675,-0.081142794,0.022413855509591143,-0.4754865,-0.406477963,-0.527001497,0.4736969078292443,2
-0.494659585,-0.608498846,-0.689852356,-0.48959326,0.5731902709285392,0.045751048,-0.591156978,-0.554552877,-0.293555836,-0.065074379,0.044637162957109136,-0.188298083,-0.285824839,-0.378288479,-0.216676711,-0.080654372,-0.005822557,-0.187451655,-0.071781783,0.10742600344891456,0.3248788010857896,0.3589106117632229,0.10464470448137962,0.12228676267607581,0.029930179547035942,-0.28229287,-0.520804925,-0.442557314,-0.336427312,-0.312177309,-0.229528289,-0.538000472,-0.4475874,-0.418300382,-0.55098158,-0.472648392,-0.403083609,-0.38757381,-0.320526268,-0.247161437,-0.176310447,-0.131002236,-0.109357581,-0.034834747,0.033496426,0.1356700655490787,0.095286565,0.10296531629824329,0.2163898687524133,0.21667239094749377,0.22158128206372557,0.343796751,-0.214183529,-0.299331584,-0.474216346,-0.347341274,-0.52955959,0.2069903202952039,2
-0.45474032,-0.726266994,-0.689852356,-0.603793223,0.5019685036992295,-0.008989501,-0.173525426,0.219241907,0.1981989621192281,0.3595249627969824,0.5133718639916377,0.34034070271369965,0.5055830074693076,0.5084057439393007,0.5378524174282738,0.23971064651400248,0.15790493944990724,0.22366705978460014,0.4871752022932128,-0.302559342,-0.046414087,-0.009502482,0.069823676,0.19205031716168774,0.077300021,0.2137322648314078,0.046455841,-0.146130214,-0.284709761,-0.339000514,-0.38718039,-0.369227794,-0.281504091,-0.18168912,-0.213698802,-0.14819172,-0.130010592,-0.141689635,-0.1150107,-0.049940268,-0.047974261,-0.075665515,0.014865193576822236,0.11173229392949588,0.12215724038870547,0.24315159459491442,-0.276641815,-0.173483664,-0.249045827,-0.326377289,-0.177095756,-0.051626251,-0.429211172,-0.344292864,-0.346906251,-0.254386339,-0.509897875,-0.336986928,2
-0.470587789,-0.568707478,-0.670211863,-0.505784205,0.5231551170017836,0.1764785526127138,-0.305932443,1.491240129162326,0.6399080390723572,0.35555306171717815,0.078987798,-0.223459718,-0.045640445,-0.370790665,-0.266520232,-0.145512323,0.019368594530799556,0.2280332492014475,0.25511867626726775,0.13226631374336847,-0.02014286,0.096302241,-0.108683276,-0.020659914,-0.006120072,0.16839711605562813,0.31605699791403746,0.38218138176586436,0.37044588962313046,0.15870198590469337,0.27219239294936076,-0.162684156,-0.128699443,-0.112347256,-0.103837805,-0.098280608,-0.093544866,-0.004024759,-0.047769054,-0.093932235,-0.140574112,-0.332158316,-0.348388313,-0.284635769,-0.432833914,-0.406769041,-0.311995157,-0.176164934,-0.500377648,-0.649769286,-0.567182174,-0.425033812,-0.893969443,-0.750796116,-0.682729408,-0.398787235,-0.500630303,-1.014773646,2
-0.470583189,-0.379550329,0.2528912885480226,1.9920721372714876,0.37900866356256857,-0.34922842,-0.459538981,0.031729398,-0.520480816,-0.30054638,-0.296684918,-0.320440801,-0.28668489,-0.596878455,-0.472148751,-0.410416918,-0.381059334,-0.511569975,-0.682932417,-0.659263531,-0.457558956,-0.202564981,-0.229022914,-0.176010559,-0.066088147,-0.14426184,-0.315749859,-0.209348962,-0.140734187,-0.03643427,0.046263938,0.10672327827143908,0.13963225453801364,0.16541173554445915,0.18693082548052356,0.17841346304383401,0.2550041759161004,0.046539247,0.041922006,1.6167393996333856e-05,-0.001233488,0.11071749560272175,0.20738358871100887,0.30456234238502944,-0.042669872,-0.073617167,0.058470949,-0.07038663,-1.322359268,-1.33561658,-1.219541079,-1.122754247,-0.950326023,-1.13625458,-0.956870566,-0.296527064,-0.517304456,-1.058001632,2
-0.478127984,-0.353293011,-0.611290385,-0.324085142,0.7266882052073482,0.30339459037393895,-0.297973378,0.42833280669931345,0.798856247,0.6369992722945261,0.24501361798283933,-0.314842853,-0.283096351,-0.26811239,-0.218781233,-0.070924693,-0.291140566,-0.104949146,-0.121169919,-0.303588284,-0.347920913,-0.107303259,0.049167810345204184,0.084687796,0.045320782,-0.162225968,-0.17686081,-0.031230255,0.034585906,0.10827701919961784,0.10653034315087946,0.089335918,0.11762045480298133,-0.15951554,-0.151556854,-0.131787744,-0.099628483,-0.014219276,-0.030994389,0.058939882,-0.151837117,-0.172411735,-0.078263829,-0.071368571,0.049826918,0.13383778799042895,0.16660909954896047,0.23164038954786428,0.04912155,0.18864263106050871,0.3363417466112255,-0.326329331,-0.619990381,-0.984662143,-0.960339266,-0.364314612,-0.512446604,-1.217518583,2
-0.429437811,-0.789490513,-0.657118201,-0.587142324,0.43277171110642076,-0.964181565,-0.05266832,2.1987698485445923,0.20373465265713425,0.4457169565623706,0.45136614417525334,0.7103138684281166,0.8435586930364206,0.5940456856551664,0.4002201710963806,0.3778800373858981,0.5663966474787747,0.717067383,0.060049371,-0.049400403,0.040444598,0.021913548244688608,0.20430077087795592,0.3476476341872718,0.4240534543508308,0.48675546174280115,0.6041720016790689,0.5468130124148505,0.6068228025502428,0.24952305152041762,0.1849119933622222,-0.017321641,0.054836326,-0.029162862,0.036805826,0.033084949,0.13628264301561815,-0.006752483,-0.070229894,-0.066851437,-0.121530441,-0.129504202,-0.038950191,-0.0904948,-0.021071673,0.013330908,0.14422985593680607,0.249453783,0.3577997295280541,0.39973994143824787,0.4307559998805881,0.5189964093655375,0.39635336148355044,0.5132707365103492,-0.695705748,-0.215849267,-0.494110872,-0.476839659,2
-0.451228751,-0.470275246,-0.578556231,-0.314996625,0.5862814510341537,-0.212539481,-0.057284617,0.9357653806733329,0.19690800178139897,0.4901612431661059,-0.020755492,-0.183486835,-0.070260692,0.051230226404167016,-0.129398112,0.008495863,0.042597588,0.20181906719198153,0.4530860705827525,0.44640047024317053,-0.078021346,0.10216420218267187,0.29223375870315005,-0.192674961,-0.588964784,-0.617815876,-0.517571183,-0.384872499,-0.536408209,-0.438072619,-0.355710088,-0.250343845,-0.182328534,-0.121372701,-0.119779022,-0.097549545,-0.043272372,-0.072164129,0.031287061,-0.093036889,-0.029983766,0.064423332,0.078348956,0.15726487124843647,0.27748355025814625,0.2469607879942165,0.076618909,0.20322758776005145,0.2991567431399179,0.3880570082361803,-0.370852795,-0.468759811,-0.439548371,-0.663074367,-0.896718859,-0.223235162,-0.51205314,-1.496593586,2
-0.462910107,-0.826241987,-0.644024539,-0.45714564,0.4209460598640967,-0.84399801,-0.484235274,-0.269627169,0.13413194479409127,0.4281883303468904,0.068781167,-0.228459126,-0.280616848,-0.313430261,-0.5387374,-0.619185037,-0.585156005,-0.408077067,-0.169894375,-0.004927017,0.050975863,0.051365289,-0.094444605,-0.144625773,-0.067919656,0.034281236,-0.13771563,-0.059151517,0.078495809,0.16440158378774358,0.084895025,0.15041290938667515,0.11193833842869505,0.16698474300029328,0.23841918618820535,-0.453141802,-0.371347107,-0.282654871,-0.314171186,-0.270031056,-0.224550303,-0.158857498,-0.109042565,-0.003154139,0.1232188627092361,0.15649781085285744,0.2967101461896431,0.360990788,0.2574465681177112,-0.162625182,-0.007225721,-0.37647987,-0.384561867,-0.273119019,-0.214389058,-0.26542681,-0.515482085,-0.342894051,2
-0.403788383,-0.16522644,-0.434525952,-0.072522816,0.6587049476872233,-1.257582984,0.7973488110028606,2.2840529744732136,0.6622424047189611,0.6512974105359394,-0.199603294,-0.058736698,-0.005534325,-0.1458475,-0.028605059,0.060261416,0.16674399567758555,0.003988213,-0.097708468,-0.273758663,-0.144623895,0.040870363254610576,-0.143709797,-0.350798872,-0.159357011,-0.000471536,0.084328113,-0.054364769,0.063233466,0.044103778,0.1540112002992013,0.15034162605388615,-0.023345846,0.039192209,0.054254843,-0.171486452,-0.106820358,-0.015900171,0.073264833,-0.001310468,-0.01361454,-0.020770203,0.089623241,0.14307685079720192,0.2507610713842453,0.3717325899747868,0.42531882583934855,0.4907935108678848,0.5569706486785535,0.6271506418089893,0.47464197116783224,0.6495679890304986,0.2040391865836587,0.1978860015295244,0.24116756271833495,-0.064017589,-0.49639816,-0.532542219,2
-0.447022169,-0.538710062,-0.624384047,-0.450059561,0.5460004851475024,0.3781793103512029,-0.274177482,-0.174978726,-0.013182815,-0.313779308,-0.362116798,-0.496232264,-0.403936187,-0.338122417,-0.182712228,-0.224975802,-0.154017851,-0.161809951,0.062100339365884986,0.2914884835531234,-0.10242682,0.035997888,0.190008763,-0.043591781,0.14443212172476888,0.3187354997172157,0.25075652692011136,0.3733886483980784,0.1259070168262921,0.02770341,-0.001724545,-0.088578107,-0.144707646,-0.078991591,-0.064460913,0.029368320983258818,0.1336746446702437,0.23927815613270853,0.051551162,0.154851489,0.21950130701162074,0.3262127346027948,0.3926435752909776,0.5151879500728683,0.5259368354665611,0.5425231950724906,0.6586098443753037,0.099546845,0.14044759024675982,0.28951857551299964,0.42461990336477723,0.6092494325339863,0.6108756161342058,0.3493242096370571,-0.280835985,-0.214129695,-0.510159369,0.4303207694486853,2
-0.464873475,-0.530771368,-0.644024539,-0.451476723,0.5537259366474271,0.23618712021321986,-0.318887534,-0.099376106,0.4295246546688559,-0.620572786,-0.589118315,-0.433089567,-0.353414408,-0.328176119,-0.175881429,-0.074842365,-0.255713027,-0.071823233,0.095894889,0.062487001215120436,-0.479927219,-0.354125781,-0.742850481,-0.635962451,-0.508148813,-0.48792997,-0.556178098,-0.41973945,-0.39755045,-0.332245027,-0.253619682,-0.240259338,-0.194556983,-0.199200394,-0.114930897,-0.062104285,-0.004242487,0.06807924,0.15834303001694394,0.16290617115887854,0.13506179848248798,0.12445789617467891,0.039856631,0.1104307612380798,0.16835823890153723,0.15205661063412457,0.14675998931112125,0.23272729518662516,-0.18032355,-0.267889644,-0.427270528,-0.493077112,-0.570402249,-0.66056771,-0.738851265,-0.235513132,-0.522491962,0.3415769076466192,2
-0.448393557,-1.185905471,-1.010647068,-1.481369018,0.3576164606950467,0.3318483330583839,-0.193104683,0.00613675,-0.632728729,-0.424360959,-0.258940483,-0.285534904,-0.113436723,-0.237323692,-0.274488833,-0.118247871,-0.215745162,-0.039858241,0.010499489843884562,-0.092325892,-0.015729052,-0.594009,-0.433560259,-0.220906479,-0.197426732,-0.021942982,-0.298592398,-0.20670947,-0.148161941,-0.088392812,-0.09759494,-0.037454157,-0.102154062,-0.169719629,-0.119348917,-0.180212156,-0.222146407,-0.131557455,-0.064028378,0.026998063771789982,0.054837791,0.092999836,0.050306959,-0.022175607,-0.305996723,-0.357456105,-0.339361549,-0.362629356,-0.248537794,-0.253507977,-0.504790587,-0.318335956,-0.907727341,-0.734200758,-0.7562147,-0.292143888,-0.498157513,-0.623140851,2
-0.441783003,-0.339249035,-0.225027364,0.6022545980993761,0.5373577714275827,0.18373823716733706,-0.576775359,0.071528293,0.6256232445772474,-0.306218215,-0.081902124,-0.105902296,-0.00089742,0.10433034347001932,0.18876356560147858,0.15397416845542605,-0.286690582,-0.134675979,0.082325396,0.34695671321700666,-0.16908045,0.021428655073175904,0.072823468,-0.028183718,0.04481006,0.044549023,0.13463846205609778,0.21428155431461005,0.035612467022092587,-0.180490423,-0.228124234,-0.150906384,-0.192438943,-0.096687067,-0.000582077,0.053389606,0.15431836735798515,0.06298717,-0.005517212,-0.164254228,-0.108932662,-0.039296421,-0.300551188,-0.233783868,-0.342097482,-0.268494588,-0.21663403,-0.099048754,0.034430758,0.16386289211946767,0.024102239684335874,-0.4407554,-0.599002289,-0.404118689,-0.442154739,-0.168317432,-0.512676842,0.10164025211083962,2
-0.417759282,-0.592466367,-0.768414326,-0.913961922,0.5816006641582135,0.076927893,-0.214966728,0.10424787866703249,-0.444370241,-0.331696343,-0.288655638,-0.092941146,-0.455309532,-0.642035115,-0.559025318,-0.413102736,-0.692565038,-0.576340715,-0.538961392,-0.3432301,-0.16109625,0.091661664,-0.129218373,0.001588252,0.083877908,-0.044002662,0.048687304117111564,0.16973136888498233,0.24631993083317322,0.17503140121915672,0.1570196252323792,0.22924095029161778,0.24788041113348247,0.31843338951705735,0.42730469607844584,0.47147608643426925,0.5354734216992366,0.017352197974140133,0.10799538306677031,0.024966158616031957,0.1281283695491322,0.054725346,0.10803023347818345,0.17879331260190542,0.28014357088788383,0.029354087818900133,0.020102843001390532,0.047718174,0.20182277509946334,0.13857741524200723,0.25239040910057997,0.038788384,0.11977077581811008,0.1322082996849486,-0.251425738,-0.115786866,-0.500302113,-0.121859953,2
-0.447404206,-0.566344798,-0.11373124,0.9190845218468138,0.4403960193913353,-1.337626367,-0.256144486,0.16720141351302942,0.7266063712548507,-0.00367919,0.1900100456760387,0.2873802042555841,0.43777587743793595,-0.19719364,-0.427564022,-0.354021335,-0.553088248,-0.402496947,-0.161383721,0.072390108,-0.125520391,-0.26000097,-0.378041512,-0.314433173,-0.150545424,-0.441612838,-0.623130583,-0.565944654,-0.517391808,-0.509617526,-0.410969579,-0.346465638,-0.331699377,-0.264379283,-0.349033084,-0.351119806,-0.293498876,-0.333962301,-0.248565024,-0.205314246,-0.215615824,-0.15526922,-0.074749,-0.03966938,0.058193177,-0.074463331,-0.141915449,-0.39538355,-0.325291408,-0.463503194,-0.299516756,-0.118751114,-0.097188169,-0.110622621,0.022843166159820336,-0.202870854,-0.512461827,-0.432122081,2
-0.460684481,-0.820071246,-0.447619614,0.065629651,0.4421653375009826,-0.239531498,-0.071771313,-0.429124696,-0.011815772,-0.509027527,-0.380336927,-0.52777722,-0.411551283,-0.259701396,-0.155568777,-0.143234719,-0.417480306,-0.443785628,-0.381585601,-0.381041433,-0.36808623,-0.324189547,-0.140185248,-0.177218038,-0.080647555,0.015721365,0.103259481,0.22413829666476834,0.14713595673720872,0.069462211,0.053152005,0.16932286918788741,0.076059358,0.16654067392138297,0.23036235869241214,0.1166336518711004,0.1873940219087021,0.20906204394635516,0.14284330313858531,0.1705768144576491,0.179503058,-0.048328954,-0.111385772,-0.00399116,0.076362729,0.12807459562330767,0.2661060915183576,0.4012163322769239,0.39527365309279316,-0.329318404,-0.31528009,-0.353600085,-0.484618481,-0.401805417,-0.525712154,-0.154326366,-0.531807031,0.2178788740008267,2
-0.490631078,-0.630968414,-0.735680172,-0.626394183,0.582196697,0.21560099543319147,-0.035904086,-0.411721192,-0.099777783,-0.15923233,0.061576887,-0.207580136,-0.254916685,-0.164071818,-0.110007501,-0.101752397,0.0577624,0.005857405,0.031029187733660615,-0.332647595,-0.360254698,-0.297016376,-0.124092553,-0.209907926,-0.791268462,-0.934278061,-0.837670854,-0.733381287,-0.653376306,-0.588999888,-0.49072556,-0.383958873,-0.303966372,-0.455510088,-0.442913041,-0.352057456,-0.304780125,-0.287243895,-0.247297698,-0.30909453,-0.336924554,-0.346031248,-0.288870052,-0.319412748,-0.31787261,-0.350271607,-0.438076272,-0.400492219,-0.332550013,-0.242029643,-0.197613914,-0.655394129,-0.731510671,-0.673044748,-1.043928787,-0.325685819,-0.529843167,-0.420183853,2
-0.449307444,-0.753043429,-0.702946017,-0.654139355,0.4829386540000623,-0.966796713,-0.384599888,1.8316453133606572,0.34969349580755343,-0.150126125,-0.009206329,0.2155933974972142,0.08611334,0.12451108341385722,0.3215164236724274,0.006762972,0.022049227868844598,-0.230579623,-0.049421981,-0.231161424,-0.317603812,-0.129164783,-0.016514693,-0.22104355,-0.054638744,0.10431293487936752,0.1766845485008011,0.12776493810751363,-0.037054952,-0.19977847,-0.210220347,-0.134252358,-0.259834735,-0.246245209,-0.225824733,-0.306718513,-0.305472856,-0.291522931,-0.280703739,-0.204627434,-0.190890591,-0.098254667,-0.052947134,0.042032824,0.041769158,-0.063158202,0.02958478,0.094260734,0.22910686195510338,0.23413453218292624,0.19462574038180785,0.29304852813453486,0.18214199668282094,0.241441266,0.4248004266066546,-0.241452194,-0.507021564,-0.592698945,2
-0.444455516,-0.315686842,-0.467260106,-0.037007646,0.6053677598729921,0.2660190386041021,-0.392903413,0.218760877,0.2979687971232865,0.3513632084761873,-0.496080223,-0.389260671,-0.295249455,-0.327183036,-0.261718326,-0.193239426,-0.204703106,-0.193990712,-0.264553167,-0.480571876,-0.304583065,-0.186069068,-0.017126434,0.15698641229458205,0.33812354111411635,0.517991592,0.3407700086709713,0.48252449067093156,0.6279522527161492,0.3148125115782098,0.40336072534465345,0.058916542182796246,0.16618819934038376,0.25237551159237154,0.093464263,0.034399333,0.10362787799462897,0.1799818953228831,0.1812345598466457,0.24227569699116622,0.3282305542497521,0.2713279734459269,0.12097277843192736,0.16602148259609498,0.29703705578847034,-0.016405162,0.08020508,0.18219912810176547,0.21874310590215573,0.391185599,0.5773026853510171,0.5868935846493533,0.508109562,0.6730524603140706,0.8538351394303987,-0.241939102,-0.503241825,0.5462527072668006,2
-0.461298259,-0.40303955,-0.670211863,-0.532369738,0.7004347358413278,-0.520822828,-0.029896166,0.001909312,0.08968446,0.24102463468972157,0.2927561892474558,0.40817678689377856,0.33158683008921613,0.24120139834538196,0.2403419855948598,0.4429924879587849,0.6114227469191214,0.4944729210292026,0.7855513243383214,1.048110762305981,0.6481964560868546,0.8051918844029424,0.44490007424645156,0.005000458,0.005438919,-0.242398737,-0.132325659,-0.041659116,0.025636924,-0.096236439,-0.074493486,-0.031624006,-0.138660706,-0.104294963,-0.120119016,-0.076381797,-0.054594491,-0.076352452,-0.122136829,-0.176737779,-0.195074764,-0.180473036,-0.094463616,-0.010868028,-0.111871336,-0.0603474,-0.075394164,-0.037457673,0.06604946,0.17655370882251287,-0.600399937,-0.482021891,-0.728172428,-1.355536625,-1.259369537,-0.230656555,-0.519987827,-0.901654295,2
-0.481330273,-0.403201784,-0.591649893,-0.261192029,0.6546972051383462,-0.082918737,-0.268151824,0.339067526,0.8464017533379021,0.45889764133231387,-0.369550339,-0.380094128,-0.215980871,-0.085923747,-0.199486619,-0.284073016,-0.345483658,-0.174361863,-0.155880779,0.097193997,0.26271393068291543,0.2875894961524941,0.323798167,0.29256270757904473,0.19662981021868914,0.23850097020800018,0.1698465495667981,0.11149847476997524,0.064516033,0.19069467853780467,-0.0260115,-0.184970509,-0.26019625,-0.230201159,-0.157706302,-0.070422207,-0.016793988,-0.002283955,0.023877762066523617,0.065699478,0.15271190364923556,-0.104420418,-0.091550354,-0.119459628,-0.006957904,0.045564983,0.059633783,0.19968511681033108,-0.204938173,-0.070953145,-0.211105242,-0.412664676,-0.253204382,-0.299779253,-0.380813491,-0.368752582,-0.515068396,-1.003334646,2
-0.478796782,-0.070965463,-0.126824901,0.9935213733422725,0.547166981,-0.190942709,-0.211506309,0.2637036965955412,0.35297469925008584,0.36926795884121105,-0.238998362,-0.157839096,-0.379486606,-0.212805567,-0.334497314,-0.317954349,-0.598433393,-0.589666658,-0.36519054,-0.367882622,-0.1469471,-0.026983295,0.12909318325734223,0.014103702631912372,0.095655881,-0.266791779,-0.110324925,-0.002164307,0.073662452,0.10224915821204264,0.21526724273207065,-0.274364103,-0.297825471,-0.260743524,-0.21123719,-0.12379751,-0.119373359,-0.236285711,-0.23420819,-0.302580891,-0.207415072,-0.111076194,-0.13935015,-0.029982864,0.095578759,0.063706822,0.1348709946056482,-0.015846764,-0.150323813,-0.188402784,-0.077353112,-0.020386121,-0.241945595,-1.033919069,-0.911698062,-0.256231182,-0.531020765,-0.363408604,2
-0.424831244,-0.54795135,-0.27085518,0.4249104697150781,0.6001365116774785,0.26689482916938856,-0.291703029,-0.505741821,-0.23500975,0.047331585,-0.275849893,-0.155678358,-0.079081954,-0.213282883,-0.111764173,0.057571968,-0.051986952,0.14975653185416812,0.30200852837996495,-0.088697068,0.12999123838902799,0.329320898,0.001348152,0.13417398278132237,0.13276137667615395,-0.112308274,0.034552488,-0.004044123,0.070881386,-0.062778037,-0.037440839,0.001623793,-0.127349598,-0.032469182,-0.243942437,-0.238189722,-0.163341519,-0.163913232,-0.164213883,-0.075005399,0.013654064271277211,0.11492909931698372,-0.080218218,-0.124438577,-0.056130804,-0.224751335,-0.144254863,-0.090126574,-0.126085009,-0.319531631,-0.315931763,-0.210087554,-0.063450281,0.028118997035175387,-0.277101647,-0.131475256,-0.503976709,-0.461661872,2
-0.442750316,-0.629774377,-0.578556231,-0.33976124,0.5276235245354036,-0.229282096,-0.268665542,1.548286525,0.4580703326419489,-0.366879152,-0.382052258,-0.193203322,-0.271707299,-0.133715447,-0.269438637,-0.573952914,-0.512508725,-0.396270245,-0.250584444,-0.078081193,0.1789354889610882,-0.602014266,-0.594676108,-0.554874562,-0.482944301,-0.501436081,-0.560016601,-0.514164533,-0.399374521,-0.317620706,-0.260653129,-0.232164223,-0.204783963,-0.592377901,-0.52098005,-0.506404456,-0.415491727,-0.521172664,-0.527796479,-0.462114606,-0.395945086,-0.404898264,-0.376106926,-0.355797993,-0.246522281,-0.415440942,-0.388276474,-0.391607817,-0.331724803,-0.264094029,-0.164929083,-0.348486419,-0.460671857,-0.949401752,-0.874763448,-0.207955423,-0.507050567,-0.656703099,2
-0.456263475,-0.655781422,-0.369057643,0.26318844278640463,0.5012780567445987,0.062001142,0.17780403388879334,0.5574515913132178,0.9156180865841717,0.9109871757418799,0.43262371741006345,-0.153450246,-0.321318037,-0.155832625,-0.538962751,-0.398284091,-0.292776296,-0.720714609,-0.597703915,-0.538907882,-0.945157649,-0.787410673,-0.567725167,-0.374125083,-0.349934787,-0.484987726,-0.333929274,-0.27501568,-0.196861074,-0.096781391,-0.039677642,-0.041098676,-0.069108027,0.033545343,0.063918012,0.079775778,-0.155249084,-0.09381914,-0.147950652,-0.0799169,-0.000333635,0.10552785794734591,0.22164089245957802,0.2676138077367398,0.187840833,0.27013620664969784,0.031532225,0.043428243,0.18256288186382463,0.2064649702818284,0.000203787,0.12689611978702245,-0.139656766,-0.81775276,-1.025165477,-0.268772376,-0.509383637,0.031776611,2
-0.435679918,-0.210335301,-0.211933703,0.6169928047059889,0.5993355014563584,0.27429207009095613,-0.405078051,1.0453759499833097,0.8279908699628308,1.1234504097628506,1.374585688501425,0.8487858587600817,0.33596734655799315,-0.119852863,-0.19180417,-0.153349188,-0.39841129,-0.258205991,-0.452944944,-0.206025933,-0.067367463,0.027888463507195396,-0.468775408,-0.340372236,-0.675758058,-0.569718298,-0.527682841,-0.625671607,-0.592161166,-0.505529689,-0.496534851,-0.411358763,-0.344295727,-0.297386285,-0.219848475,-0.127722486,-0.156963535,-0.073855325,-0.22768062,-0.149599112,-0.257122399,-0.220174892,-0.190777276,-0.10235676,-0.054087241,-0.113474065,-0.003025867,-0.011484049,0.042628364639272914,-0.378462927,-0.730792808,-0.673555518,-0.561606022,-0.484370449,-0.447185999,-0.184236256,-0.504797929,-0.207580069,2
-0.487098073,-0.797932172,-0.480353768,0.059451137,0.5275456561878313,0.4588712464568914,-0.088439816,-0.37222869,0.035082064,0.2863490186114602,0.37968657176633924,0.012870010062326024,-0.282762996,-0.202219376,-0.348375761,-0.363134652,-0.699185304,-0.769375644,-0.741538578,-0.515951261,-0.330591733,-0.072844275,-0.150191297,0.067481671,-0.152682827,-0.152107501,-0.439262536,-0.466243091,-0.486742253,-0.460818068,-0.41432239,-0.314253628,-0.394115918,-0.322268532,-0.245467745,-0.306146239,-0.350360936,-0.34114546,-0.249847751,-0.249801322,-0.35804068,-0.436766245,-0.395395979,-0.368062498,-0.264989917,-0.203436723,-0.202820274,-0.199242067,-0.454985893,-0.532216519,-0.446124489,-0.425660512,-0.284337575,-0.654026135,-0.45651465,-0.402211158,-0.514405566,0.685593039,2
-0.427850437,-0.475020244,-0.401791798,0.086763426,0.5645821789562436,0.20783309462300062,-0.295890138,-0.096081985,0.44976381287444295,-0.053787033,-0.264368492,-0.159127119,-0.030885675,0.032241083,0.058066651392175726,0.15559885791713443,0.38095882291412336,0.537862092,0.6627298798687908,0.6447765164610207,-0.020216916,0.086930369,-0.057000782,0.13657079536193417,0.17932817327779385,0.13773383629524902,0.21503053362940583,0.2590959299404342,0.153431344,0.217929137,-0.020115056,0.089186517,0.1567319787259474,0.13837695928648044,0.1041736336871639,0.14012751701761592,0.1386029912152702,-0.231482573,-0.399790839,-0.406609404,-0.386747804,-0.422891287,-0.37296538,-0.335238858,-0.243184298,-0.168133522,-0.074101241,0.059172226,0.21223129532540413,-0.178003892,-0.21597116,-0.625390246,-0.492810621,-0.498914948,-0.504472881,-0.153959571,-0.502824806,-0.398564825,2
-0.477446981,-0.724889816,-0.401791798,0.24248324555362802,0.3662262959885584,0.5091017393260999,0.050497284,-0.439092598,-0.088416734,-0.005269302,-0.354137517,-0.351228156,-0.302258216,-0.269281718,-0.193954228,-0.121995775,-0.045788599,-0.120694561,-0.329128016,-0.122525486,0.057646451351630816,0.12652707520636375,-0.277705485,-0.135925526,0.006242543,0.072994613,-0.117449933,-0.102618567,0.023541286,0.11764309490332074,0.21819176916183033,0.14735687294463576,0.18365078485383368,-0.087813885,-0.216441689,-0.180678687,-0.133568682,-0.076275271,-0.007187526,-0.260178659,-0.273685066,-0.20739119,-0.170272142,-0.28318922,-0.381424008,-0.277430385,-0.256437783,-0.138858937,-0.038830028,-0.100097012,-0.569772174,-0.472838571,-0.464005733,-0.366798054,-0.397262577,-0.343363561,-0.515744607,-0.034333521,2
-0.435921701,-0.892035236,-0.644024539,-0.534106715,0.4726149504453566,0.047768670105874156,-0.358628028,1.0211664180826663,2.007708244,1.1316231558427052,0.8203828288495849,0.25011225707760276,0.0958762,0.150675877,-0.04332293,0.033818074,0.20278777904370576,0.3684194083186457,0.07270889,0.2356204447916939,0.3614140102266608,0.49266211729608395,0.5837480599512448,0.44198667975751915,0.2443456866799113,-0.505627267,-0.379077124,-0.426276509,-0.305922607,-0.233791008,-0.178213517,-0.099908996,-0.041394726,-0.167106343,-0.111664793,-0.056800216,0.022772304167501898,0.033911736599379294,0.10932422790342372,0.12784815341165814,0.16758747483616596,0.12429265353888823,0.23896008684596945,0.13932129895747833,0.15943440169143117,0.2727075352958948,0.071960663,-0.146242226,-0.037653484,-0.272371772,-0.196645867,-0.403907793,-0.491131451,-0.397280291,-0.786896544,-0.188362011,-0.504385795,-1.170296343,2
-0.428440704,-1.0035263,-0.670211863,-0.624716307,0.32446974632458425,0.4666854246535368,0.22291006300821828,0.3599853026975647,0.4101827200858193,0.6515688235394284,0.32899385343514204,0.17297421750643577,0.20640791633733163,0.262297068,-0.08755378,-0.077920917,-0.125872562,-0.028796969,0.14684182238239413,0.040384989,0.22035130206029097,0.46626646412095973,0.48310155736742827,0.20261040667241964,0.092817491,-0.2529435,-0.415171136,-0.597986585,-0.598120234,-0.530257245,-0.421823702,-0.395724129,-0.338912858,-0.343150214,-0.373953674,-0.466799765,-0.377013662,-0.327696795,-0.241984128,-0.196317815,-0.183183513,-0.111454252,-0.086491889,-0.100184391,-0.103863026,-0.011871477,-0.191769198,-0.081573984,-0.222126181,-0.224280435,-0.190991751,-0.242147928,-0.175139792,-0.088456269,-0.022844683,-0.234913951,-0.490361113,-0.174121836,2
-0.415298488,-0.675568319,-0.945178759,-1.387557619,0.6963825233091946,0.3307640757446882,0.038924221,0.086395996,0.34104526706841387,0.6468502572090816,-0.119860626,0.030215854,-0.337198225,-0.273837738,-0.181154704,-0.010185092,-0.263728381,-0.282738146,-0.052940997,0.007451525,-0.236787606,-0.262791129,-0.223271157,-0.119414126,0.045835487,0.14410039877695807,0.073575211,-0.058634786,-0.002806696,0.067078887,0.06480613,0.18133933719455542,0.28500211052775404,0.068810078,0.14506122276475744,-0.15123061,-0.14530111,-0.070962035,0.024874264509329377,-0.12747129,-0.199094784,-0.112288194,-0.176756894,-0.098975678,-0.168129665,-0.151283719,-0.068244248,0.039300175,0.12693285271032578,0.28255182712378946,0.096810723,0.13389880811398117,0.21406388856691644,0.25083092615068797,-0.820796783,-0.172428535,-0.488849901,-0.34441196,2
-0.449352873,-0.206147032,0.29871910457873635,2.031713036905834,0.5981728285447155,0.34566851250690883,-0.099906425,0.2115629519861717,0.8677940674725168,0.40663329025700196,0.3053519063982295,-0.410869891,-0.350052909,-0.28029973,-0.274063087,-0.118986534,0.053868991,0.24698216062320724,0.26371721545723487,0.32200667074169986,0.5057124125081639,0.048915599,-0.328499992,-0.214403535,-0.478422044,-0.370499554,-0.320718734,-0.200498705,-0.3662883,-0.247543883,-0.282373561,-0.230824882,-0.249056352,-0.167824807,-0.144970372,-0.093303051,-0.047409612,-0.00766024,-0.059650132,0.024425410352122867,0.014529806006182578,-0.073782825,-0.033802451,-0.176703993,-0.178344581,-0.123006998,-0.20127903,-0.060058553,-0.100278372,-0.696131494,-0.598992429,-0.565255117,-0.645884477,-0.452832411,-0.310181292,-0.269011631,-0.5033651,-0.377940025,2
-0.458913409,-0.41213693,-0.159559056,0.8356815678377324,0.5279176870518875,0.14285777254260626,-0.263932028,0.046843016713055755,-0.146713868,-0.04274796,0.031040677494295302,0.019930357106431453,-0.157357348,-0.185524399,-0.014710006,-0.048979296,-0.273710363,-0.098357579,0.020849657081020004,-0.749152685,-0.613982594,-0.561586925,-0.607536159,-0.523690982,-0.475311687,-0.5481412,-0.61089237,-0.489687974,-0.3850319,-0.362191552,-0.445353437,-0.344371474,-0.355301877,-0.399980253,-0.360751185,-0.401968104,-0.347948639,-0.324068964,-0.284661982,-0.43580086,-0.346583358,-0.287658398,-0.307895351,-0.20286004,-0.171167035,-0.056317571,-0.1172797,-0.153497823,-0.085022529,-0.083597932,-0.130205267,0.021642313,-0.326666474,-0.580305133,-0.921833966,-0.303950076,-0.50572319,0.46672053617817866,2
-0.435710674,-0.574694399,-0.401791798,0.11100239969702785,0.5307732777855746,0.16884261886368074,-0.085123955,-0.372602248,-0.085865906,0.065756581,-0.020766938,-0.058998598,-0.041066119,0.050650551789182506,0.075706944,0.26165754473469627,0.33582725192239676,0.3978003862483076,0.079692501,0.3287637172699065,-0.29512859,-0.553272805,-0.538389388,-0.600850542,-0.502988442,-0.448379996,-0.298702386,-0.312649383,-0.283913025,-0.284724848,-0.201271024,-0.13353004,-0.112580674,-0.036198685,-0.049316679,-0.10786161,-0.041110364,-0.005249185,0.045259559594286805,0.049954913,-0.000178522,-0.0990227,-0.239841116,-0.581305753,-0.835732193,-0.797758013,-0.862722417,-0.777720194,-0.918367222,-1.067758077,-1.077675488,-0.907850113,-0.819852305,-0.807401417,-0.632634554,-0.23057838,-0.49720654,-0.281091345,2
-0.485597076,-0.656111543,-0.545822077,-0.123575353,0.4231984920421978,0.4173126081123218,-0.238535961,-0.34928811,-0.030673169,-0.455442559,-0.286845146,-0.128445003,-0.330406575,-0.439460403,-0.66882373,-0.572598499,-0.426666409,-0.402530569,-0.515208436,-0.30194854,-0.139571735,-0.367008877,-0.209954808,-0.018613108,0.13595759028671295,-0.514381378,-0.450744699,-0.313110785,-0.214501958,-0.11798503,-0.024216133,-0.286352261,-0.215121341,-0.174322822,-0.192465836,-0.13433436,-0.059077996,-0.025623884,-0.077144182,0.001574189,0.015897179908099468,0.077950591,0.093617898,0.08189029,0.1390267415177319,0.19859366892516012,0.10727380170740324,0.2248237481214666,0.19163549669850918,0.3222543467857903,0.3848806891136527,0.11613436409653997,0.23582576963991442,0.11549816701301108,-0.05406905,-0.30466102,-0.52904292,0.004480939,2
-0.464436449,-0.868246485,-0.19229321,0.7663724961196133,0.35042868615912515,-0.427522048,-0.01025237,1.1246881040196577,1.2938531498317714,0.3543302166735451,0.3957437982368623,0.5605532379259796,0.42029231286627533,0.3984071105376089,0.069490148,0.2661560119583257,0.33573053453382784,0.6312723435669921,0.5345422618590948,-0.015474475,-0.274943858,-0.123926785,-0.164849511,-0.017078923,-0.10574091,0.062636524,0.1287573433981042,-0.032976217,-0.010014437,-0.14867942,-0.224135055,-0.452292144,-0.455041585,-0.50623905,-0.441313522,-0.408865806,-0.361408045,-0.348245509,-0.365482156,-0.330970332,-0.25358179,-0.249293257,-0.149031434,-0.035136774,0.049742224815891266,-0.115102711,-0.039800713,-0.025950141,0.056065876,0.1300751553293672,0.2199790465206039,0.215126803,0.2741137605524799,0.2759545227446473,0.33542681286963527,-0.246065567,-0.519998586,-0.269812794,2
-0.501602297,-0.266641676,-0.624384047,-0.289752991,0.6196104189329757,0.3493439520838961,-0.415841311,0.46117247652793486,-0.448982361,-0.251336261,-0.120533016,-0.053243942,0.086669399,-0.539467003,-0.662236778,-0.637574795,-0.561698468,-0.384965122,-0.149697278,0.095455072,0.23393955263486005,0.4127382284934461,0.38127940549445527,0.10358849893886866,0.248169929,0.4179155993273443,0.11847243650232636,-0.06707549,-0.267175617,-0.345956596,-0.295171957,-0.211903678,-0.116812799,-0.144354666,-0.179408004,-0.08167422,-0.016870424,-0.494503305,-0.482503667,-0.401535743,-0.331796988,-0.332106464,-0.239182243,-0.213171269,-0.272511249,-0.288508254,-0.193070603,-0.078741122,-0.127711006,-0.640449798,-0.736709465,-0.88887088,-0.74534722,-0.644938684,-0.511165081,-0.426141749,-0.523029103,0.5595170895111707,2
-0.458661674,-0.312069203,-0.526181584,-0.152142698,0.6090699624406138,0.20264547453692114,-0.089743025,0.563488398,0.6671434812419287,-0.579129988,-0.561534175,-0.444829143,-0.324199074,-0.193186702,-0.171434671,-0.0393597,0.11293814260963224,0.3446020731044579,0.2550886075890281,0.18032806655432168,0.003578188,0.11212434805511165,-0.011091333,-0.257238207,-0.083447218,-0.16092295,-0.171514106,-0.241027899,-0.354071085,-0.233147087,-0.200046505,-0.090164198,-0.006014004,0.019968592,-0.191402598,-0.124104892,-0.1848468,-0.157771818,-0.073316534,0.028474889216331435,-0.287140639,-0.197159033,-0.229950346,-0.129335692,-0.114863868,-0.089730813,-0.100651497,-0.171380365,-0.159165467,-0.243186706,-0.593050406,-0.620647838,-0.778667548,-0.717275464,-0.702262193,-0.255928435,-0.513659505,0.3730562197843698,2
-0.427659584,-0.34201447,-0.257761519,0.46879289562340193,0.7149320115523485,-1.495026005,-0.185599982,1.735801574237395,0.3371062739608397,0.24858406464898472,0.35491664386099964,0.23351337691491852,-0.082188293,0.038749267,-0.101675307,-0.372565539,-0.317618321,-0.156029887,-0.070194085,0.12547822162877353,0.2968521411689967,0.079622677,0.25495967486998417,0.23058363880767122,0.025407448,0.025462540577250482,-0.08320891,-0.030730938,0.060577617,0.082220353,0.050734121,0.15055720349449403,0.12831544404029513,0.20108770700412837,0.066714184,0.16723407167279658,-0.139125276,-0.16970531,-0.117381378,-0.099231899,-0.086729623,-0.007192391,-0.097064891,-0.027264225,-0.013552273,-0.484622346,-0.40443255,-0.5425961,-0.448923072,-0.565573711,-0.566493848,-0.643073646,-0.506056762,-0.662875472,-0.814299273,-0.156187263,-0.502621475,-0.655371333,2
-0.486443257,-0.051183625,-0.467260106,0.093071037,0.7279334564922962,-0.010246049,0.091067224,0.5309635887750838,0.1797705043853696,-0.294762974,-0.175875866,-0.265047522,-0.290627343,-0.359495862,-0.249928654,-0.094833047,0.0068886,0.069369513,-0.099089943,-0.154505126,-0.307459426,-0.347812726,-0.383758972,-0.196237037,-0.228311761,-0.124881722,-0.646941833,-0.527109873,-0.409768938,-0.332109556,-0.218504864,-0.121370096,-0.356694493,-0.26246935,-0.195449834,-0.181852335,-0.096888577,-0.036014425,0.001986087,-0.074252239,0.030472078026862085,0.11097808583428075,0.19661521437990614,0.23578553349361503,0.3034616317240917,0.42843885753919736,0.45964219372177406,0.13957165515249087,0.13450451603426727,0.307092884,0.3133556412262997,0.18316899845308424,-0.092176832,0.057134729,-0.253208887,-0.244332616,-0.540117887,-0.008868054,2
-0.451971148,-0.285418792,-0.480353768,-0.049216482,0.6198810619053535,-0.356305941,-0.425077598,0.282805871,0.6874683816972146,0.23965659737814285,0.016714046,0.071120111,-0.018942553,-0.251237397,-0.309420305,-0.232800242,-0.044005977,0.20359525875655032,0.38155429415915065,0.6396817398978261,0.5452771933328638,0.5943315427668091,0.6382628278722761,0.6974670752932626,0.033600642677525445,0.12066636804200948,0.1042357557312742,0.22504466304431683,0.31116265226247825,0.091593416,0.178282777,-0.153127488,-0.158291733,-0.098956957,-0.038497558,-0.218486176,-0.152746926,-0.111586294,-0.089031245,-0.043566822,0.047858118,0.1158435758682795,0.1199509943406063,0.23971895788238146,0.2875964290659863,0.005562385,0.10099085996623391,0.20248274716663095,0.27178250598331594,0.14613602496302822,0.2599984170088325,0.20378153310369582,0.11907141839869877,-0.024447304,-0.483397308,-0.244189991,-0.509548859,-0.835839143,2
-0.495166722,-0.960226023,-0.591649893,-0.219522328,0.3532844604003101,0.049376696,-0.175034859,1.8176085927598893,2.421472642144623,0.991131709,0.45111532247176334,0.2573767160253709,-0.12416751,0.023663389726230954,0.17679793697846216,0.22881886343541633,-0.219034199,-0.123019056,0.087529621,0.24977618242090613,0.38832895053063965,-0.073028649,-0.254799978,-0.377230002,-0.33109613,-0.201325466,-0.485398081,-0.414102423,-0.432513182,-0.347860894,-0.32769558,-0.380066779,-0.385399726,-0.304230021,-0.20700343,-0.332402677,-0.243928448,-0.22391627,-0.133809365,-0.116901997,-0.231623287,-0.254062051,-0.255915583,-0.179974066,-0.08275014,-0.336519023,-0.213061975,-0.166956747,-0.080698549,0.046772822,0.2048114807055576,-0.07216544,0.10183445249248278,-0.256223031,-0.660821553,-0.352391174,-0.530007594,-0.900871707,2
-0.485321319,-0.814258012,-0.467260106,0.089533288,0.47667447269275054,0.3929540067067558,-0.448214251,0.6012120942401878,0.14596173228589868,0.29008129121926673,0.10108520294078259,0.2771630798103395,0.20473374594142743,0.090529312,-0.201484003,-0.423370195,-0.311974624,-0.149913579,-0.041836627,-0.062488598,-0.068750181,0.11100951370612662,0.18323604088162518,0.2970628714070078,0.3208026662647193,0.006400007,0.093383301,0.20128849044536445,0.19370236923475162,-0.046427015,-0.101167606,0.001952218,-0.065763109,-0.029021934,0.020761138437176068,0.017113977901882127,-0.15531787,-0.114320753,-0.142339299,-0.28197791,-0.227750304,-0.313236158,-0.278668805,-0.281280643,-0.38471667,-0.311680095,-0.195530989,-0.107909792,0.016854736912816876,-0.090233052,0.034850381,0.11564744262327746,0.2389081790619026,0.21598431904154178,-0.419948228,-0.354179702,-0.52089013,0.7160465076145066,2
-0.498606044,-0.720635315,-0.846976296,-0.908485852,0.44476554696905596,-0.011269076,-0.051608377,0.038732019,0.29755003966796156,0.5083004824163724,0.6707022146164839,0.055057241,0.17141935149836157,-0.004714966,0.16110879365396483,0.21668800009143338,0.19310140129009512,0.16192782481055776,0.23669708270708054,-0.012868488,-0.655344808,-0.518997224,-0.300900956,-0.281168188,-0.202034149,-0.201740239,-0.116564906,-0.11168867,-0.054433186,0.053885465,-0.023108476,-0.300224818,-0.254334092,-0.182658444,-0.085880203,-0.102881157,-0.17514613,-0.132247671,-0.097132126,-0.035239779,-0.1777729,-0.10884807,-0.083817295,0.017150919812295693,0.033696353,0.042149764,0.12598808635864694,0.03072345,0.077816517,0.074404126,0.057537101,0.2522377464907306,0.30054158352664906,0.4497375229030819,0.38138787969549603,-0.40098288,-0.52474104,-0.652136259,2
-0.488682502,-0.553953637,-0.591649893,-0.239112892,0.5423556898416262,0.42076867562346104,-0.5244359,1.0322792605553737,0.097722939,0.2306868184360685,0.3601461702002789,0.3898490032431462,0.1810583115100896,0.30785715009880626,0.42096138589056764,0.073751977,0.068474161,0.21442086873320065,0.3624038487266445,-0.46580912,-0.207720435,-0.211165546,-0.040714522,-0.083764345,-0.153999106,-0.228645299,-0.101070626,-0.101753528,-0.065684887,-0.018502375,-0.029509988,-0.160532312,-0.085820193,-0.075681176,-0.144264227,-0.221709736,-0.127673124,-0.049715315,0.014501155483291606,0.064411228,0.095340039,0.19207720342109663,-0.000718399,0.11538028225365565,0.14890907302697548,0.078726994,0.074821209,0.19353172299859087,0.15500324407446936,-0.051481618,-0.383302909,-0.370849502,-0.80715033,-0.970312184,-0.944557446,-0.366090169,-0.521849901,-0.546193242,2
-0.412744912,-0.427845786,-0.644024539,-0.598795787,0.6449514890276533,0.20227953369489057,-0.014190497,0.12922617914480988,-0.63367188,-0.45850701,-0.33027207,-0.150621571,0.017226101,0.12122925643959896,0.16575467553028225,0.21462749620103658,0.2776723961741925,0.47198446219135076,0.617747465,-0.162018671,-0.02547636,0.13471688809494595,0.29665428293634216,0.09163808,-0.264078329,-0.212888793,-0.10718631,-0.211824681,-0.180320756,-0.112864816,-0.004321188,0.046791552,0.051329828062492415,0.1133281658781563,-0.085352495,-0.011776915,-0.031128143,0.057908302,0.14981308938371946,0.25108991230120337,0.033394161,0.089893917,0.13302039646957792,0.12264226316981983,0.1139746159282452,0.1501971917716305,0.21798576591987787,0.3179277569902549,0.20733424987410992,-0.05267718,-0.20780163,-0.057630823,-0.139171884,-0.550320045,-0.406988117,-0.119174816,-0.495150413,-0.663959333,2
-0.475009216,-0.8680121,-0.611290385,-0.33331014,0.3389263445406064,0.47290621494202795,-0.221856076,1.6309701274463462,-0.013739667,-0.047765479,-0.3789021,-0.443346438,-0.456592704,-0.580222051,-0.594140987,-0.470458404,-0.534030261,-0.613524239,-0.592768498,-0.364096041,-0.481123508,-0.326754126,-0.216925779,-0.347957456,-0.285201334,-0.353756599,-0.206086808,-0.268153807,-0.355659311,-0.253544491,-0.297759164,-0.224821256,-0.193490353,-0.100665023,-0.232502856,-0.256229027,-0.178451395,-0.265185396,-0.316467841,-0.285546724,-0.296040233,-0.316899738,-0.447282962,-0.480887221,-0.374570846,-0.25858421,-0.3402136,-0.283348634,-0.372655971,-0.300817482,-0.59345815,-0.411008807,-0.993455874,-0.978191004,-1.402008699,-0.338493277,-0.51412655,-0.332129113,2
-0.474924493,-0.46844388,-0.526181584,-0.102825931,0.5228013757181856,-0.38632192,-0.463227388,1.3215242961927536,1.222802089207862,1.3231736449376292,-0.282374542,-0.242471362,-0.060062916,0.090004212,0.14881554332875646,0.27776826488025996,0.10853755112375094,-0.556205041,-0.368641708,-0.613750654,-0.489258943,-0.238800973,-0.121294922,-0.38470407,-0.20472908,-0.233416149,-0.315398988,-0.36051051,-0.314618366,-0.254030523,-0.409733892,-0.316458055,-0.221469101,-0.165621393,-0.184781201,-0.150711037,-0.108190041,-0.103098437,-0.313013335,-0.254069341,-0.365894845,-0.427790225,-0.615526304,-0.515938966,-0.643656676,-0.542377508,-0.452071413,-0.397848635,-0.335194748,-0.303156715,-0.239120182,-0.100058142,-0.209720883,-0.043140345,0.13437690743220976,-0.357418406,-0.51112711,-0.913454356,2
-0.462852773,-0.319899461,-0.401791798,0.19596813068957208,0.5858265359509537,-0.517386714,-0.22962105,1.2142995604970088,0.7703459989740526,0.3521610157039383,-0.265172976,-0.309806452,-0.456226319,-0.369672395,-0.416445862,-0.592158469,-0.475483167,-0.423905921,-0.363138607,-0.386668814,-0.178221907,0.05263919,-0.131299787,0.068066414,-0.011854768,-0.452669548,-0.504407705,-0.419884624,-0.534756915,-0.547058059,-0.487075876,-0.388307781,-0.294115275,-0.236955289,-0.159704707,-0.154194677,-0.086391873,0.008625286,0.082282109,0.19260966062923826,0.2655255519024278,0.066605661,0.091522692,-0.196092487,-0.231187353,-0.189369299,-0.229088797,-0.198338512,-0.313341431,-0.190654312,-0.342862562,-0.363566329,-0.405196207,-0.548346614,-0.640317649,-0.169100855,-0.531731762,-1.138905364,2
-0.47154461,-0.462845066,-0.558915738,-0.201746563,0.49417839639145544,0.058007343,-0.28867577,0.7653668494072126,0.10727388286679827,-0.004110192,-0.206269666,-0.286788925,-0.268130236,-0.274179035,-0.187968691,-0.104342872,0.023705085539060537,0.22635738143973175,0.4258485411738481,0.3171807034270861,0.10387623294312039,0.3305887140629097,0.3428705918412216,0.5536181346754054,0.7233885250289169,0.33091943750442127,0.3600093103674902,0.34945265352945815,0.3819133229285922,0.2617687494434576,0.37066521543922865,0.45223666004388985,0.47659885823382736,0.5700510139343993,0.6452480573816867,0.7602364575537955,0.5332104234643105,0.322490328,0.1528077910360262,-0.222393966,-0.417683117,-0.448696893,-0.408893151,-0.349172385,-0.321762754,-0.268871517,-0.609712718,-0.551894899,-0.679813168,-0.966089579,-0.889123156,-0.918712254,-0.74732983,-1.056300251,-1.177497664,-0.263943987,-0.523438719,-0.253972564,2
-0.455949777,-0.702314527,-0.467260106,-0.001866208,0.5401011473273135,0.5212613735564868,-0.226531441,-0.297646437,0.1110265640315902,-0.672652248,-0.491260427,-0.380724782,-0.222833594,-0.147304231,0.018129273931614086,0.1888049479843743,0.34627516008579545,0.5317772079770783,0.573499666,0.8121201122607146,0.9476313026132321,0.079287584,-0.051272029,-0.191439561,-0.008136501,-0.013190463,-0.078905077,-0.059079958,-0.348328611,-0.266303336,-0.366582189,-0.299586504,-0.246244406,-0.188728564,-0.098692541,-0.090730317,-0.151318209,-0.130843705,-0.063190819,-0.164587616,-0.093276432,-0.065351721,-0.043794086,0.03053508,-0.011183104,0.086226827,0.11504200730505745,0.22829727663586877,0.37058504655832697,0.4967059356060927,0.47530153347438003,0.6084313673331864,0.6471205685170435,0.8518740985538754,0.5967275275223412,-0.234586928,-0.514845437,0.093177532,2
-0.506935597,-0.625740362,-0.336323489,0.5182875303266716,0.5172886576080095,0.28377030224974986,-0.509896549,-0.294459384,0.044938896,0.20556518187883926,-0.16581412,-0.201647384,-0.269638612,-0.653260623,-0.779973243,-0.730199364,-0.7251605,-0.691719803,-0.486215223,-0.388660195,-0.354820284,-0.334326304,-0.610864661,-0.416045948,-0.244716293,-0.10561456,-0.096642938,-0.023254808,-0.024835141,0.076792847,-0.014278285,-0.089999652,-0.196291135,-0.181409356,-0.160139138,-0.256908974,-0.206220742,-0.133515805,-0.041925716,-0.187277289,-0.135468435,-0.428448209,-0.358691882,-0.398537606,-0.307865301,-0.26546339,-0.353048647,-0.439693638,-0.461593373,-0.758945884,-0.665742449,-0.629071319,-0.515765004,-0.473286226,-0.65245208,-0.438473858,-0.526294925,0.13143694775716724,2
-0.416619516,-0.506201907,-0.657118201,-0.622690257,0.606070808,0.3802691893150911,-0.375750405,0.14839562991598734,0.36964143181547787,0.539013079,0.5453828354531443,-0.086819398,-0.169521602,-0.137686032,-0.558991601,-0.44375003,-0.289008576,-0.256550654,-0.287427497,-0.185803928,-0.011071597,0.1124514384709783,0.34113891369838617,0.556250494,0.001952821,-0.000804546,-0.048408904,0.077273372,0.20887177276033683,0.33354632174054305,0.2335585151468197,0.34893239449408764,0.373553304,0.28924962450845887,0.38431098604313124,0.2936583669365592,0.4060674462081803,0.39194662943857717,0.4913507218296419,0.4711289507743137,0.4467362597402754,0.5630178471701643,0.6035551023982407,0.6071881041080616,0.7405290984167429,0.8862511348700628,0.9057644820174062,0.051249656622021196,-0.261769956,-0.101200839,-0.174436206,-0.251289937,-0.407380914,-0.293896519,-0.259909925,-0.122974082,-0.498060054,-0.264207983,2
-0.447905751,-0.433039233,-0.336323489,0.32436142463121803,0.4576872579018879,0.24536170244123703,-0.281947053,0.11261240165750556,-0.019531044,0.17623464945892034,-0.597175762,-0.435174066,-0.324786811,-0.259048096,-0.527179612,-0.414531171,-0.346548386,-0.235683354,-0.071220837,0.17365771107339917,0.25381091629442243,0.2364786577865924,0.45984347989121005,0.2438806846789352,-0.624745318,-0.562066714,-0.492264377,-0.356806553,-0.276085554,-0.300298763,-0.488265919,-0.470221592,-0.434788581,-0.342832372,-0.271642431,-0.205476007,-0.19576645,-0.140262947,-0.067974803,0.030684180351102586,0.073328285,0.1784854070976042,0.012085967912749176,0.045773738,0.025131536794708087,0.1559146796736066,0.068125166,-0.162304409,-0.198322355,-0.59987562,-0.541593589,-0.640980599,-0.44576918,-0.753669664,-0.565066948,-0.255916998,-0.504144672,-0.521547902,2
-0.448179223,-0.499757879,-0.244667857,0.5708659724452451,0.502105278,0.10410184360024198,-0.023307625,0.24560008203342518,-0.118498574,-0.00432932,-0.301703369,-0.515670331,-0.386687883,-0.3771389,-0.678469609,-0.547353369,-0.541420249,-0.59797601,-0.715285968,-0.646295021,-0.60950628,-0.719805136,-0.896976373,-0.727134756,-0.563241755,-0.536756614,-0.392123856,-0.315441939,-0.182100929,-0.225000703,-0.132043396,-0.18903936,-0.110491511,-0.072803569,-0.190223414,-0.272272343,-0.253111563,-0.232501518,-0.152167765,-0.210592815,-0.150319541,-0.04975381,-0.111428425,-0.19377594,-0.317073616,-0.253590062,-0.441725995,-0.338946211,-0.53790921,-0.439206134,-0.724746152,-0.879650713,-0.690540802,-0.509576126,-0.535125507,-0.258361354,-0.50384042,0.16200779928805165,2
-0.453976818,-0.857323588,-0.355963982,0.2910852274090674,0.3693046648226843,0.3788152116400621,-0.360906147,-0.052660684,-0.181560139,-0.006605866,-0.095106857,0.10755973909049302,0.14193900953673888,0.18271783795102864,-0.037945059,0.040066535,-0.024682281,0.22998694716656143,0.08736166,0.3418806475096242,0.5949941797776256,0.5079939874062032,0.34602757503446696,-0.010011062,-0.123518549,-0.209772212,-0.44472626,-0.638386779,-0.523432119,-0.498894929,-0.421442111,-0.415494833,-0.427942414,-0.342743912,-0.294421339,-0.323199689,-0.328713263,-0.28503385,-0.192604863,-0.192903414,-0.306452752,-0.21337582,-0.116005761,-0.192211492,-0.11573418,-0.09556044,-0.03338098,0.045384985739585014,-0.091300406,-0.127932333,-0.035118161,0.005471619,0.19176331696514654,-0.169441875,-0.777603182,-0.349697333,-0.494282161,-0.498115197,2
-0.502103151,-0.875037858,-0.689852356,-0.467855416,0.4482062819391109,-0.780747321,-0.321034322,0.5235871802795927,0.10689163670022626,0.4229773428584924,0.11195043087789937,0.20996254043037196,-0.422662255,-0.304339481,-0.296112325,-0.147723063,-0.076557628,-0.15197391,-0.105439538,0.12582938369412136,0.20703493688549365,-0.001437106,0.18373970729588898,0.32901684523014363,-0.126439713,-0.067751048,-0.214563832,-0.32818169,-0.510293996,-0.393120295,-0.279861108,-0.236001289,-0.321487647,-0.263288781,-0.250597449,-0.291365294,-0.229834989,-0.145513644,-0.382064581,-0.353582375,-0.35908221,-0.339461161,-0.251132231,-0.217097883,-0.121296322,0.002599991,0.120158433,0.2095202747485435,0.3200993480092428,0.3786806158415409,0.12311029198279895,0.1715074037477126,-0.090606365,0.083046632,-0.777547309,-0.356388425,-0.535054123,0.012755571,2
-0.486960075,-0.337596999,-0.657118201,-0.422719195,0.603579908,-1.266753551,-0.449842062,0.3314074739201842,-0.12488394,0.047881769,-0.463726033,-0.338494651,-0.19462941,-0.063420479,0.038885987,-0.15709231,-0.04861717,0.15493073592283244,0.3354222214525091,0.4850372522391682,0.43084952374323604,-0.25279457,-0.59719603,-0.427991346,-0.344031708,-0.221829423,-0.328460725,-0.330534315,-0.207599969,-0.096562173,-0.104554076,-0.009387105,0.073173147,0.17259184981438666,-0.027478598,0.050958285,0.059219983,0.10121626483243899,0.18863409827238442,0.20813487356829277,0.3212218092188246,0.31109740597906443,0.1896344714177241,0.20577445638910327,0.1719750553459794,0.2664297152140867,0.18516023530345127,0.12590863646089684,-0.026455417,0.046129018,0.020074945365124768,0.11396254493896978,0.3085892228249851,0.3702903998054484,0.025129197419054755,-0.278205756,-0.534577447,-1.08522454,2
-0.413678613,-0.688344456,-0.126824901,0.7695950361600445,0.5259119807024908,0.037443743761144906,0.051098014610053054,0.30723471083078707,-0.333608312,-0.246595818,-0.113335966,0.024641331431610555,-0.036978414,0.10524876160353802,0.2542870765412699,0.38664016406818075,0.38291754319811944,0.2893538647332149,0.016672148,-0.094825389,0.042030301365463006,-0.028838887,-0.164414092,-0.164343243,-0.096765662,0.025153952,-0.117218284,-0.100372685,-0.073408667,-0.175589517,-0.152660695,-0.102418546,-0.127843114,-0.14115331,-0.047565771,0.036432404,-0.004774713,0.071487524,0.17427790386178432,0.1964699387644503,0.20947658833348504,0.3055267660271336,0.36996341027995316,0.39666462160935817,0.47965161189270594,0.624534664,0.5371563196950397,0.2271412429397796,0.37408534698235846,0.414864907,0.3664037279771196,0.45623288558177005,0.5627551373544071,0.6336634254533771,0.5933653435949617,-0.143946564,-0.491608458,0.12292298163945416,2
-0.434289289,-0.591707566,-0.788054818,-0.922403891,0.45558631116193643,0.020490268505520593,-0.520862059,0.20544848225918053,0.5984818717934064,0.47773941546076537,-0.479932165,-0.352832182,-0.340990218,-0.175649316,-0.024429818,-0.052062964,0.12353064273994156,0.058916024,0.29947254089027553,-0.012248066,0.22295365305462975,0.4574460845154398,0.075493525,0.1396858692418561,0.05668869,0.044715479,0.1918688660698395,0.17725808905600993,0.26007263181887663,0.27074879193873297,0.3144169321844569,0.4188237861810276,0.5208911178722075,0.5423499115401138,0.4479330377127117,0.5567373609322243,0.44145211760415826,0.4435192861950878,0.4960054875357159,0.6154977918927645,0.6737922442442978,0.5475140570954111,0.6816757178511426,0.1244839133168553,-0.008238283,0.029476246500406412,0.038558795,0.077280097,0.18973829767090444,0.18512145193483776,-0.278875467,-0.425485893,-0.569583561,-0.393299083,-0.393526102,-0.135502787,-0.511560891,0.052424932,2
-0.440172539,-0.500809995,-0.513087922,-0.172407134,0.5192321243315936,-0.431241579,-0.020847426,0.11046712053532334,0.6710355934726622,0.38486027515579574,0.18268811779013047,-0.044984406,0.1260871947304961,-0.149568557,-0.35442319,-0.321489893,-0.722278438,-0.688900799,-0.589933747,-0.422682219,-0.213591363,-0.111334046,0.039673094,-0.136799563,-0.358748223,-0.20263106,-0.107420437,-0.003364291,-0.120683247,-0.034530233,0.066605289,-0.034426811,-0.003908753,0.077109831,0.1435955971817814,0.1570390033180253,0.1597022658331673,0.21539524626144266,0.27651111560930447,0.33551411336374265,0.3596908705214386,0.26336392499243955,0.315325055,0.4036087983345868,0.4813074621699592,0.545883789,0.334864277,0.4077280855181884,0.5166732443902219,0.015372303385124285,0.065171362,-0.037379968,-0.197936623,-0.386369647,-0.631648532,-0.144261115,-0.515326165,-0.455545451,2
-0.435571473,-0.894328099,-0.27085518,0.4595800705277402,0.35949508810329717,-0.040854846,0.3455582364006816,1.7127375078611677,0.042602736,0.26405446874707234,0.3443923237843622,-0.565415655,-0.405747524,-0.551743808,-0.405756033,-0.276096665,-0.334394744,-0.133708128,-0.039892168,-0.107278902,-0.085634373,0.16703788044486348,0.10843203126360842,0.2721141546118972,0.25337557805185185,0.24549145796654853,0.071726811,-0.063983794,-0.274115628,-0.211014417,-0.094364386,-0.042481708,-0.010760863,0.025641863846736855,0.10123212633998523,0.07677203,0.1339343047412039,-0.033618588,0.022862584231075324,0.10116939856497682,0.070405844,0.015330097943806496,0.11820669536667333,0.13068804597845807,0.097306385,0.2218441159089478,0.2914856654656596,0.42108500141106814,0.3170004614747636,0.4311241008674662,0.5382762744489998,0.7076849905147131,0.7410806872638372,0.8583926085621589,1.1039428860449192,-0.181557781,-0.505444467,-0.124165132,2
-0.500080314,-0.834697395,-0.480353768,0.10046140220560797,0.41944723180391463,0.40648577016834814,-0.515876431,0.4322151671503439,0.4133569118234875,0.5904000922880662,-0.321421382,-0.585700692,-0.439179803,-0.280030977,-0.395004244,-0.279134819,-0.51843275,-0.381220015,-0.261674731,-0.193536786,0.041273524415503596,0.25495351131995947,0.46076367465949963,0.43432904637236636,-0.005111005,-0.493042318,-0.649728875,-0.562890475,-0.517830738,-0.420992671,-0.391739046,-0.414746113,-0.411183693,-0.568588654,-0.480156512,-0.470926562,-0.392259595,-0.354306365,-0.323218251,-0.344922173,-0.345355296,-0.316702179,-0.229970983,-0.201430683,-0.141683201,-0.080941467,-0.018437496,0.036062418944116846,0.002901874,0.12961481732084965,0.31203909272249497,0.3410755549598554,0.295959319,0.5175031634092233,0.05985039,-0.426079238,-0.522243534,-0.454577904,2
-0.479683159,-0.271109898,-0.19229321,0.8188012669459006,0.5469279932027036,-0.334914839,-0.182365814,0.9567059724845249,1.0613850312499742,-0.151457121,0.006657655,0.10747816900925565,-0.098413764,-0.004980107,0.048773038,-0.474221326,-0.332540179,-0.200658119,-0.083656713,0.10700929274842788,0.056413399277044925,0.1790123342883422,-0.349306416,-0.397105233,-0.490187523,-0.346213271,-0.21692666,-0.26254219,-0.293653207,-0.442564324,-0.436459878,-0.357011587,-0.349162979,-0.320124096,-0.322612412,-0.272573324,-0.179249398,-0.100150368,-0.145322159,-0.043957389,0.061286965,-0.038417908,-0.000523604,0.10978252121967781,-0.185078735,-0.073322704,0.029906875861984938,-0.454310153,-0.390973648,-0.241265556,-0.303462833,-0.159135021,-0.103490365,-0.49291187,-0.37922792,-0.234103786,-0.535671872,-1.346226251,2
-0.450509956,-0.542887046,-0.336323489,0.33270920916729524,0.4664082375689541,-0.894597766,-0.549889536,0.2816776330257864,-0.481340408,-0.37352532,-0.174742333,-0.014313073,0.081070406,0.23268927761286398,0.2826945819338677,0.10954526539056753,0.14473427024316163,0.3834743766944212,0.2520852303246787,0.43665242253439035,0.5846026435674685,0.5424034141537355,0.7508525078398467,0.6399088586795152,0.3727705400979524,-0.087825139,-0.080514381,-0.019070855,0.02175287,0.089401025,0.11214025000799849,0.014829307770143667,0.063034923,0.077136452,-0.080554385,-0.019365468,0.037662599,0.059406106313720605,0.12783373825078348,0.2239814733314222,0.17978488806232826,0.22933799206719346,0.32705459525461517,0.4229638303992491,0.1727948266611707,0.2600113025699884,0.3984055935266232,0.34718647459068047,0.23779317640621533,0.399997593,0.4474123349384118,0.49734580427589364,0.36032778551692496,0.39759442302898523,-0.029230566,-0.255420063,-0.506560047,0.2000041056478907,2
-0.418602336,-0.248878798,-0.644024539,-0.582567081,0.7066889771592587,0.001546573,0.11198952161260674,-0.069235007,-0.011933259,0.18331040986010402,-0.294939243,-0.109479408,-0.336064853,-0.186392491,-0.167847557,-0.00412848,-0.07951798,-0.051816291,-0.082179814,0.16878248635226645,-0.133862799,-0.039255612,0.17602503877446402,0.34797117799983157,0.5428918086105243,0.1359914331539314,0.043348961503233426,-0.263861223,-0.186551927,-0.264734587,-0.200877343,-0.229935328,-0.134062247,-0.115262207,-0.031590858,0.030161645202451064,0.082999245,0.041986593,-0.067668178,0.036719507,-0.001245153,0.10564888503080956,0.17344653493849851,0.2891968163447158,0.4086020899512463,0.5183854350623117,0.2242131904389627,0.300248439,0.10617839751475877,0.009866171,-0.067230508,0.10873135887350484,0.034019749,-0.395343456,-0.472144672,-0.124281357,-0.499491793,-0.583890592,2
-0.483011421,-0.476630701,-0.336323489,0.43848823060858927,0.4505205255588651,0.31586547513456525,0.001466778,1.9761319525060324,-0.314607301,-0.722246728,-0.561772428,-0.676471397,-0.620749446,-0.5331722,-0.389576425,-0.296155278,-0.146447491,0.011953250496873558,0.050761240957404676,-0.316393025,-0.305809764,-0.320403414,-0.324309996,-0.172163739,-0.190230185,-0.0218062,0.050756072,0.14186725410823986,0.18895741183240589,0.18367308610416136,0.24267102262747733,0.3084031397823979,0.2168349980375899,0.2866113827486219,0.38095953,0.3724678673374263,0.4455518916548548,0.31100653637959175,0.26164218365063246,0.126141787,0.2376593009604451,0.32067319090549556,0.3739039619029335,0.46345965764507385,0.4251606037053585,0.46735076081632515,0.5873081926634051,0.5804608735084188,0.7236007589579985,0.41281593692841007,0.4796568596294068,0.5575273315920465,0.19219803046013342,0.3231695107430002,0.2960247612913707,-0.318642727,-0.524904151,-0.540076172,2
-0.424596376,-0.476043109,-0.735680172,-0.809042001,0.6209091014839143,0.1973712265082679,-0.013749184,1.3687275998171455,0.800679031,-0.194880482,-0.089194835,0.10204385343909894,0.12439937053863626,-0.055327736,0.036469402,0.16344002527502546,-0.005760418,0.18052340481552234,0.21797185073189965,-0.520048698,-0.290025611,-0.03271209,0.15393704259259092,-0.573308709,-0.534161234,-0.393890996,-0.337404844,-0.362297999,-0.369559392,-0.267532301,-0.204217097,-0.160105573,-0.359139412,-0.414074035,-0.358398159,-0.365105771,-0.314145328,-0.304708575,-0.270765553,-0.221277044,-0.156567924,-0.082619924,-0.195753625,-0.179447107,-0.058447979,0.009313471,-0.202228109,-0.117135828,0.012030879,0.049171604,0.093307344,-0.266481211,-0.082837067,0.071421837,0.16283726614203187,-0.113407579,-0.506646116,-0.229358643,2
-0.423533366,-0.090524784,-0.244667857,0.49018679003615995,0.6188492910077061,0.25803352639716753,-0.408945396,0.12475656792321686,0.4216129623759288,-0.062576952,-0.116720255,0.025981842527064862,0.037082044,0.19987166733279085,0.06533035,0.24190648170311235,-0.022638548,0.2088729901266706,-0.07931972,0.16876823898293722,0.2194678573054184,0.146144066,0.090859126,0.24692158114235152,0.3618625214107928,-0.112514339,-0.116052721,-0.220288139,-0.226256058,-0.25161951,-0.136712119,-0.146011136,-0.081740177,-0.069796531,-0.081253953,-0.109391667,-0.028959479,0.069495254,0.08704398,0.1775075761980732,-0.013823271,-0.009332389,0.087060431,0.1886582527526969,0.25187290515082106,0.20527316737580584,-0.026122301,-0.444069746,-0.338494177,-0.307387267,-0.303403709,-0.602247545,-0.428645041,-0.805099468,-0.814259568,-0.164645119,-0.497490392,-0.273789223,2
-0.406293674,-0.252655496,-0.048262931,0.9517950183766084,0.5472596830021648,0.4852543793028464,-0.014956712,0.2675003814916069,0.9884474304258003,0.365231438,0.4736640815176695,0.4507183666998454,0.25620883500677627,-0.036968177,-0.235606404,-0.494070901,-0.368237544,-0.309069721,-0.086276405,0.14490384764102057,0.036050209145270795,0.079898955,-0.040616599,0.085814392,-0.074692486,-0.216616577,-0.346277837,-0.362244669,-0.304643086,-0.185461328,-0.160810776,-0.166280186,-0.079517892,0.010325191814362839,0.087179479,0.12467025511447855,0.041443004,0.019662409,0.069816849,-0.248567823,-0.2259021,-0.214556909,-0.1264924,-0.168714901,-0.136711078,-0.16534974,-0.119821678,-0.065278119,-0.044014438,0.055229843458301814,-0.317745005,-0.229314875,-0.575284507,-0.602387029,-0.792530279,-0.134648416,-0.487374103,-0.275463097,2
-0.46213969,-0.22128526,-0.244667857,0.6173285094255965,0.6145561637175886,0.2619919601581568,-0.499659055,0.884995514,1.2651655811410516,0.2342630830475047,-0.112426534,-0.281588089,-0.112077077,-0.137264238,-0.560704045,-0.43173591,-0.334560986,-0.156273255,-0.179568896,-0.145453899,0.039682984,0.18217363559225008,0.26110751388581954,0.23784217996994356,0.36203652799816444,0.17403059685052122,0.06577015,0.057485696776866935,-0.140003268,-0.045805251,0.06177681,0.051767166,-0.124310659,-0.077528769,-0.124684641,-0.044524947,-0.178121289,-0.114684836,-0.042015332,-0.028350215,-0.013098262,0.058425981,0.14660601295249473,0.13622226315796246,0.2324938383643815,0.041873202,0.17123987335167928,-0.034910499,-0.035640506,0.1182401861481291,0.14613652288087908,0.24802874636057723,0.36485390799678563,-0.191502948,-0.43914232,-0.263525315,-0.51501885,-0.520343813,2
-0.410662036,-0.242230351,-0.080997085,0.8803871926469877,0.6700786811354562,-0.012951668,-0.135878869,0.5723509113166498,0.7061356707668943,0.22405578166132206,0.24390335356842363,0.46008452600787264,0.3632495190510166,0.1820195896209032,-0.404808946,-0.281103053,-0.089907563,-0.167472037,0.049200180206830604,0.31779541200216394,-0.058435515,0.20272593696509886,0.39805380918340527,0.4049293026825298,0.5039004252750229,0.32373965346668704,0.21482131790798992,0.24970868491930828,-0.182021327,-0.15726545,-0.122191183,-0.061777002,-0.019382128,-0.016634916,-0.029273414,0.035738015,0.077684053,0.15802743615896817,0.12623545186524468,0.081107245,0.18290726806957133,0.18075699918718185,0.2550012232985103,0.3625345093628085,0.471383975,0.6028131832097348,0.6910698376663803,0.7994602983233184,0.2516703271086764,0.28363967809773255,0.4406286558945695,0.2901279097590008,0.41520344577159984,-0.175059914,-0.073683227,-0.15221673,-0.488288747,-0.115729826,2
-0.482727877,-0.588428437,-0.447619614,0.13479626023834054,0.481611558,0.035617306,-0.412105994,-0.399779068,-0.070630912,-0.592215197,-0.397213283,-0.463753329,-0.314346524,-0.171355351,-0.290111928,-0.306552651,-0.155987961,-0.404192823,-0.308811333,-0.09992654,0.11719689916229184,-0.196103369,-0.354287571,-0.36727973,-0.333065539,-0.153893841,-0.133581992,-0.192258741,-0.134531609,-0.3090468,-0.33309008,-0.340559234,-0.24146367,-0.179493106,-0.24482824,-0.279216951,-0.197811838,-0.109282915,-0.189864657,-0.09201503,0.011828194376103662,0.023091674,-0.031958568,0.077170912,0.18179263579674845,0.2489189163338449,0.2981088959041653,0.3461857823046046,-0.040719515,-0.001865011,0.14351527075417367,0.1028002071687094,0.2329849081085156,-0.572984435,-0.402462652,-0.27538848,-0.531405551,-0.005102473,2
-0.443874779,-0.721297398,-0.833882634,-1.019476166,0.47727108614763886,0.24273174011851664,-0.14593973,-0.190389461,0.2395265382427305,-0.005481082,-0.003006512,0.1381526510574603,-0.342604879,-0.471992721,-0.604262358,-0.570384634,-0.63282959,-0.589578931,-0.474907731,-0.482012385,-0.683676734,-0.462320853,-0.561336617,-0.379007406,-0.45186104,-0.291216277,-0.179613581,-0.40660768,-0.297159574,-0.276938406,-0.220373537,-0.15848028,-0.115170118,-0.035569484,-0.017136797,0.043371514,-0.264382101,-0.17941682,-0.181231157,-0.103300161,-0.038600483,0.037827457,0.10131307035860189,0.11854924141483568,0.060189167,-0.250356566,-0.183291133,-0.051702177,-0.038722123,0.10986814014986866,-0.645199222,-0.467433459,-0.602652059,-0.536933933,-0.413257976,-0.254269904,-0.500881397,0.42510807093999825,2
-0.464510891,-0.899976653,-0.755320664,-0.752894859,0.43031891932699984,0.24115838832251593,-0.298531867,0.6802712430284277,1.0053313329570461,0.22848974792399177,0.15100121084042128,0.3662922234571257,0.12254078440003466,0.12209139886848867,-0.171622524,-0.326863192,-0.154709465,0.014643097961815859,0.23907004763527676,-0.249293508,-0.199844479,-0.298787126,-0.31142472,-0.096468148,-0.305473651,-0.205058957,-0.191218731,-0.176483698,-0.388790235,-0.38659768,-0.278097619,-0.235702488,-0.372374713,-0.324286985,-0.254944669,-0.175264823,-0.125123879,-0.065042584,-0.047547882,-0.197106088,-0.146049692,-0.112609543,-0.158087217,-0.154432298,-0.117097902,-0.174347074,-0.087634435,-0.035581846,0.022012174,-0.204757458,-0.611495627,-0.540566448,-0.426362605,-0.596834446,-0.436366833,-0.32306924,-0.507845958,-0.341776067,2
-0.467436431,-0.573054307,-0.788054818,-0.833269355,0.5533209967723776,-0.989418884,-0.311126029,-0.058561844,-0.048913321,0.13502200941549686,0.31911697518161325,0.31302784472737916,-0.355242317,-0.204605969,-0.149660559,-0.430794641,-0.508030458,-0.61192146,-0.678896199,-0.565168546,-0.30550942,-0.123497396,-0.942584808,-0.7306862,-0.680565348,-0.540650008,-0.40650886,-0.332666713,-0.708805793,-0.754728834,-0.682943026,-0.612692075,-0.590059009,-0.60303825,-0.5602342,-0.537942785,-0.520303634,-0.606355449,-0.648486736,-0.565588442,-0.553860386,-0.610259219,-0.671365796,-0.664677905,-0.688090285,-0.780772086,-0.772248963,-0.782473675,-1.224318274,-1.111256046,-1.035396539,-0.998198833,-0.979156489,-1.174583966,-1.202479957,-0.272767184,-0.518469564,-0.121978295,2
-0.442536013,-0.428465873,-0.225027364,0.6047498152774676,0.5496930229869903,0.051416239978552374,-0.516960196,-0.082174625,0.5016160791247612,0.6215485870127374,0.44056627057678854,0.4458082993035265,0.44591441733729803,0.5319249763514771,0.638542901,0.38587429769087755,0.4735108971401051,0.6885728651736166,0.3885991718178737,-0.162596466,-0.481778509,-0.685579754,-0.828473998,-0.69645627,-0.559592508,-0.521346553,-0.532427038,-0.440758692,-0.387956205,-0.309949146,-0.23997322,-0.245828923,-0.186299203,-0.095301739,-0.096378044,-0.099044286,-0.018763495,0.056476853,0.12040843161555899,-0.046804726,0.054607184,0.063675312,0.14460131897790066,0.22766617582502197,0.2057786292966933,0.189034523,0.15421626392919535,0.2823256896986499,0.31755448238422973,0.24313337692356798,0.087975551,0.12541544007125058,-0.186824231,-0.254465148,-0.193310692,-0.206005289,-0.507272635,0.3177094749943592,2
-0.429411384,-0.540681999,-0.833882634,-1.057140687,0.48025840467904135,0.33975298672558385,-0.286771053,0.8313147819077386,0.3768052670837042,-0.046926991,-0.213973285,-0.046632628,0.043531011,0.10243529550483012,-0.066965975,0.0774604,0.057691209,-0.128997515,-0.198288139,-0.27026555,-0.307241604,-0.145057852,0.097148466,0.3109397875869402,0.37885535965271067,-0.122273763,-0.194515163,-0.230049001,-0.205247033,-0.102525948,-0.11457731,-0.350692535,-0.249011903,-0.21205236,-0.178287325,-0.198794945,-0.240568833,-0.19042931,-0.196041595,-0.113763587,-0.008660592,-0.04375004,0.057463459,0.16167075776449652,-0.048128588,0.020443154410850078,-0.065950316,-0.153414314,-0.369436342,-0.292760421,-0.137319984,0.00597244,0.16411269229754327,0.061252151,0.2594863,-0.247656233,-0.489213906,-0.14718305,2
-0.487071105,-0.599011375,-0.72258651,-0.600823644,0.5843301546573937,0.23853411102149835,-0.206074999,-0.542351125,-0.359332789,-0.139018124,-0.055307863,-0.020159715,0.091012537,0.2819194001543882,0.099883794,0.30651332569687967,0.327589759,0.30813026142061284,0.41250572343071273,0.43192420060329584,0.12888724631927195,0.34062027152064794,-0.300794124,-0.214983449,-0.29499073,-0.192752977,-0.089506892,0.003436332,0.096426523,0.1493584394530285,0.1309320968454857,0.12938678138697637,-0.112128047,-0.13787159,-0.192064732,-0.1161794,-0.126431867,-0.113814769,-0.181811651,-0.165857926,-0.206511155,-0.415779875,-0.330870637,-0.316980231,-0.226429323,-0.152165967,-0.207452007,-0.195285938,-0.1447002,-0.112081862,-0.080434252,-0.008218583,-0.357512273,-0.222837678,-0.84865301,-0.383617307,-0.517921799,-0.05265396,2
-0.438862213,-0.005130527,-0.480353768,-0.088933105,0.7036360852825244,-1.015043549,0.024183552286574542,-0.173515689,-0.2655409,0.016398306683389003,0.061277269,-0.000618857,-0.133936499,-0.338423287,-0.233906239,-0.209466313,-0.13219884,0.081152357,0.090025164,-0.211449728,-0.006126315,-0.214007272,-0.100311683,0.11317917352755721,0.30881317684842424,0.31402115538495157,0.3993508071045418,0.47413513020485337,0.3189745545888105,0.424034155,0.33000531311867937,0.3116374605148639,0.2931605750869245,0.12665649943991805,0.005700235,-0.091752649,0.003863513,-0.082027888,-0.001790231,0.08873814,0.08361007,0.18422375962580334,-0.180371683,-0.149774551,-0.171608912,-0.17143246,-0.065228968,0.065602527,0.069468077,0.19070460149128884,0.2422831704856791,0.429468102,-0.183531125,-0.278632644,-0.142257297,-0.161011733,-0.511880681,-0.003444196,2
-0.489795961,-0.500825685,-0.388698136,0.3180345829691222,0.5417390129004853,-0.139201948,-0.380100134,0.7164378900526831,-0.299779077,-0.374078573,-0.363673216,-0.261433092,-0.4159139,-0.414613239,-0.300298698,-0.185403032,-0.218439833,-0.182325369,-0.042850564,0.17369085618839772,0.41355386303594477,0.3753485982873201,-0.352245222,-0.526047074,-0.358291328,-0.50646597,-0.397396643,-0.445887141,-0.434386461,-0.46022182,-0.57885547,-0.60561594,-0.558767052,-0.519864903,-0.536670587,-0.456609604,-0.412561253,-0.330829096,-0.335316916,-0.252245312,-0.183183431,-0.104363879,-0.206600172,-0.199546111,-0.417979767,-0.357049123,-0.275512119,-0.182134401,-0.117397865,-0.112164541,-0.053294553,0.011926035376747869,0.001052283,-0.115810761,-0.195205491,-0.306762608,-0.532591535,-0.676015424,2
-0.463835179,-0.727788202,-0.755320664,-0.754758604,0.4091050245766677,0.5991829698717995,-0.042966326,1.6812238146935852,0.8698265811874516,-0.027388558,-0.430797213,-0.348015779,-0.226931702,-0.330555857,-0.184120857,-0.004794139,0.095573296,0.23698628574285452,0.093467552,0.30975055120798783,0.5844128937784133,-0.014719936,-0.650859956,-0.509041941,-0.385263905,-0.335674491,-0.284035567,-0.142838088,-0.045348044,-0.079052095,0.002297489,-0.050274408,0.054816469952832375,0.120335829,0.099691211,-0.056581552,-0.104417371,-0.091641899,-0.082182357,-0.133780321,-0.101347058,-0.07138349,-0.023286011,0.032663917555411204,0.048326084,0.10179700730915599,0.2411911424478836,0.15733704937255566,-0.201153076,-0.443246183,-0.449934293,-0.280314523,-0.17463439,-0.49426251,-0.653975266,-0.28219113,-0.513222293,0.816225224,2
-0.483666148,-0.619559814,-0.355963982,0.387200457,0.5099364603554487,-0.844332319,-0.471885579,-0.259231657,-0.164479186,-0.207608071,-0.13997445,-0.274794253,-0.198068824,-0.210792483,-0.171002453,-0.153402018,0.015400991856480951,0.21388823912850458,0.4328851258765358,0.5899281308669088,0.7405215051311165,0.5786633826404289,0.8170662468201262,0.4753772898923775,-0.023347159,-0.205148669,-0.275430482,-0.355418598,-0.366693618,-0.305335501,-0.206258769,-0.133187024,-0.053370712,-0.136373285,-0.157523322,-0.099037675,-0.014492488,0.070371799,0.10703753146420888,0.16471261379038002,0.15253555684726325,0.25564306207675036,0.27912116240211604,0.3705907017721966,0.4525862770976137,-0.05002556,-0.028656189,-0.159413936,-0.182155403,-0.165860969,-0.028897258,-0.410651291,-0.239035086,-0.380611362,-0.5434909,-0.285760164,-0.530537768,-0.685034824,2
-0.446260922,0.033284409,-0.480353768,-0.06657189,0.667232572,-0.584845836,-0.300487284,0.12840864448981618,0.4688921398426678,-0.132109347,0.067985425,-0.185436869,-0.460247982,-0.348755955,-0.205166155,-0.308595608,-0.214138952,-0.111205869,-0.310183543,-0.070556856,-0.13376306,0.083038577,0.3276597340228984,0.4888448710881295,0.6014925780576943,0.10585992356971606,0.057682012,0.031803116,0.057164610288489036,0.040236487,0.077936941,0.028324545,0.043701895,-0.048162508,0.029968852990270394,0.04524535,-0.236964996,-0.217748762,-0.204895067,-0.306065519,-0.205799444,-0.126688661,-0.022305613,0.077548244,0.11117939374133812,0.11391301386507827,0.13517976950672678,0.24730538195972862,0.2797975983287954,0.20880325575276726,0.14641861119995245,0.2312401209082383,0.17806013399875753,0.38126189202519706,0.27198267743895316,-0.171774567,-0.51636989,0.15477827367072441,2
-0.464577575,-0.070471516,-0.414885459,0.1660961129903716,0.7998060330570479,0.1665698267823858,-0.176216292,0.60496251,0.5645790506765371,0.7721910105311549,1.0174621033374533,0.31236968908298224,0.095022838,-0.036742622,-0.476171673,-0.430070419,-0.371291878,-0.264168603,-0.015010372,0.09340088,0.21726170008570808,0.13477295311204193,0.16713531375420335,-0.488985807,-0.366926911,-0.257752118,-0.32057766,-0.310706458,-0.301965225,-0.493967677,-0.379648119,-0.305255867,-0.290685803,-0.24666308,-0.255515516,-0.161686296,-0.070096729,-0.027154612,0.043827600648103135,0.078107568,0.18361841039113835,0.18881312610083759,0.30980517692783643,0.18577845191988707,0.31918303790811203,0.25425182891891734,0.25369929240487377,0.38409214104031325,0.3883502285648419,0.4824951332281709,0.5994522906254334,0.4767383346339808,0.655031669,0.6377163583098225,0.6736808308490565,-0.209943722,-0.526491693,0.17005361671079297,2
-0.441719656,-0.789378034,-0.624384047,-0.465233995,0.4519111453654243,0.5409066574708404,-0.270629452,1.7652668213291467,0.7728262339125019,0.8190338744846208,0.31288186457748574,0.26522932894526585,0.4689478308553653,-0.063733801,-0.180976102,-0.091116406,-0.195919532,0.017477848537004077,-0.00111832,0.20272624334421802,0.25173558455585054,0.41370865288672504,-0.071093673,0.034914657,0.091163299,-0.193236819,-0.437253225,-0.36332566,-0.359681158,-0.265811684,-0.2216698,-0.148914055,-0.10028624,-0.057135843,-0.013856902,-0.168155812,-0.527037375,-0.454302011,-0.511908345,-0.422713067,-0.339379528,-0.26454113,-0.445417158,-0.582269596,-0.476510276,-0.502116502,-0.397016877,-0.303665835,-0.177555867,-0.014726114,0.06643597,0.17351379689254945,0.3781183291544451,0.26172367886268366,0.3717829568616444,-0.291685511,-0.492461701,0.7463859782252563,2
-0.461738321,-0.466201129,-0.179199548,0.7924617607616763,0.6079367118975392,0.13677107017848816,-0.299534509,1.722084345511492,1.1997440479608505,1.313018909007154,0.7322400480156291,-0.129973701,-0.086963467,-0.154200447,-0.122340825,0.020809894004531062,0.1471150851269558,-0.111242361,-0.03650196,0.059163062,-0.337852129,-0.288278494,-0.06600814,-0.113619577,-0.005034698,0.048964928,0.13634786715985595,-0.279967657,-0.231209491,-0.189820695,-0.168862261,-0.069923154,-0.467938184,-0.382048169,-0.318328786,-0.348932818,-0.255309583,-0.268401918,-0.199735821,-0.394873993,-0.304320447,-0.231934824,-0.127057378,-0.13190312,-0.023655137,-0.192656572,-0.1369265,-0.065173755,-0.269115775,-0.335153143,-0.324549093,-0.142918825,-0.16843955,-0.360788494,-0.202844681,-0.222984965,-0.521535867,0.6872196714369685,2
-0.427217567,-0.036691464,-0.211933703,0.5890813627312821,0.6368815327881053,-1.513674425,-0.432587412,0.4205459524551377,-0.082715917,0.063383448,0.13616169345912554,-0.361412183,-0.243295844,-0.24025028,-0.110854403,-0.202643428,-0.019768424,0.089247395,0.270703293,-0.101836715,0.04206013,0.17226163957754534,-0.163371877,-0.255072166,-0.394765128,-0.638444726,-0.53304744,-0.558871912,-0.698469857,-0.68170127,-0.585802047,-0.496205369,-0.429270971,-0.371048675,-0.27823972,-0.257599212,-0.409969005,-0.40276547,-0.310486783,-0.231686424,-0.171989653,-0.123006476,-0.044069148,0.04884307,0.023983866470810238,-0.073957818,-0.028745245,-0.217962459,-0.086678431,-0.648663822,-0.609390541,-0.524943301,-0.660949703,-0.514256688,-0.491695924,-0.11188758,-0.509502311,-0.416565325,2
-0.475368584,-0.405979336,-0.401791798,0.23582289886166974,0.5297627325883237,-0.377861594,-0.475740333,-0.359952232,-0.014750679,-0.126382671,-0.299169342,-0.233770866,-0.422239879,-0.434453929,-0.388581623,-0.27360989,-0.286454917,-0.426100312,-0.204249123,0.042404922591173726,-0.067517825,0.1935970684022635,0.2948823839701532,0.34802827055914737,-0.158668181,-0.18128823,-0.067502211,0.069209825,0.058150579,-0.005989475,-0.029968776,0.016646679917012384,-0.009113696,0.051090557801620404,-0.057723775,0.012713242002197913,0.095360662,0.14434990235533318,0.16121941192826733,0.093621003,0.15422178301983805,0.1508670983486047,0.192085546,0.3193897500942748,0.41133084063208464,0.5178039389013649,0.5114158054895861,0.571333597,0.6348657331332621,0.650030654,0.6015616367640307,0.5197387690392832,0.3709682800043251,0.5246742212770164,0.44048214680621406,-0.279148359,-0.524498842,-0.682604591,2
-0.417854919,-0.310695561,-0.545822077,-0.324852316,0.56650549,-0.097326672,-0.300873809,1.191990454956451,1.3691909759766365,0.565525671,0.025031521739961562,-0.153363733,-0.225309327,-0.268143924,-0.218266141,-0.197155758,-0.078772262,-0.283424469,-0.261954839,-0.115801934,-0.061188107,0.15523078760005293,0.22995598232703593,0.1645061031049101,0.3342162045424707,0.15014836304615306,-0.037079123,-0.08494919,-0.098391414,-0.160143579,-0.070449295,-0.17863735,-0.17800089,-0.084222116,-0.12038051,-0.275387855,-0.265070908,-0.213702596,-0.11939062,-0.076810469,-0.168362998,-0.129530869,-0.033392181,-0.006521188,0.11824011066548448,0.083445889,0.16165680122779152,0.300639286,0.4505035,0.625386443,0.7016767981401963,0.6942659748023974,0.7984764991218583,-0.549413148,-0.387624285,-0.138211256,-0.496380368,0.7589788932650046,2
-0.436919951,-0.163401716,-0.414885459,0.079825024,0.7361857885985311,-0.01197281,0.7106203688491056,1.9640557933980178,0.15165510040349076,-0.445251022,-0.273068485,-0.083975858,-0.279103103,-0.105947976,0.015757571,-0.135112155,-0.071602386,0.005409189,0.072308096,0.19633532597545797,0.3761075882428579,0.3372749302508088,0.50911152,0.5325944101107839,0.3579052816651576,0.2165219565857671,0.19326790577661243,0.073379005,0.17330376815999887,0.1405675328799649,0.20478765739350815,0.25026717385195113,0.34293604499694663,0.36543843734272746,0.42010484900025474,0.4706783685037401,0.3218436542152863,0.3974810548249332,0.5148167462398514,0.4659485291435913,0.49441888806962697,0.5028479198743666,0.6015270654458706,0.5179561749879231,0.6076395995207977,0.6788936305844929,0.545048305,0.31057628609737525,0.2354396324253498,0.3770309604222242,0.304835791,0.5019865146326546,0.5738468123690788,0.5253193356704002,0.7160234991346974,-0.192890308,-0.504293531,-0.273971558,2
-0.452298226,-0.570526343,-0.702946017,-0.645804177,0.6119075082705043,0.4972657999545825,-0.181091336,0.1576215317696564,0.22814314381871634,0.47956386804887396,0.5009942909125781,0.7646340097712663,0.8146254742861734,0.35909280766158896,0.4897221236349257,0.6746837180365178,0.9232376487602635,0.18475274873555783,0.16663856027963053,0.3656246241259784,0.5618206996888402,0.6556989743277698,0.8688919209491304,0.05069206,0.18526916417071795,0.20384774473004044,0.22777245194984774,0.1294042015897376,0.2105512962516928,-0.141846215,-0.180534204,-0.078002791,-0.072708013,-0.121098797,-0.613738118,-0.560499599,-0.555801111,-0.489635828,-0.403518855,-0.328969023,-0.262537708,-0.170092797,-0.284935088,-0.236541945,-0.165713194,-0.153825526,-0.151749735,-0.040840065,0.066315926,0.065653193,0.1651737268670445,-0.242996228,-0.222411525,-0.510834219,-0.317805646,-0.28928064,-0.502613146,0.7370114127173543,2
-0.427659884,-0.399910201,-0.526181584,-0.244263275,0.6225611583034619,-1.236518104,-0.231589127,1.6805069427273311,0.9730828291748381,0.15182843694606626,-0.086976346,-0.064898482,-0.271923267,-0.161233018,-0.084883448,-0.063389912,-0.123494299,0.095525311,0.2836112248956757,0.34353361075738426,0.6270522188261579,-0.165473346,0.020491720360828625,0.17999971922078722,0.32558037013650604,-0.442509826,-0.308877352,-0.27025852,-0.299133315,-0.502845047,-0.705855452,-0.669717989,-0.640872814,-0.560191254,-0.493916195,-0.470624888,-0.384897357,-0.359638116,-0.265873906,-0.170926975,-0.132781391,-0.231133778,-0.299142001,-0.500365647,-0.433052887,-0.40727225,-0.335889405,-0.217803167,-0.238616542,-0.092549626,0.057399927461647696,0.040601061,0.1171807840704746,-0.613626154,-1.042965458,-0.119760569,-0.508756201,-0.657874077,2
-0.394263112,-0.69678509,-0.290495673,0.2765034854540478,0.522148181,0.36269993578273857,-0.217240672,-0.181487304,-0.147708114,0.005067727,0.1370023338837771,0.2932078487419045,0.068979227,0.20835709632007696,0.012985905926926365,-0.01773941,-0.208261581,-0.259942095,-0.218852802,-0.088647784,0.046861539574968365,0.2297430010445291,0.40908302456568446,0.35322280949841395,-0.352680423,-0.281029904,-0.270057486,-0.249122214,-0.133158228,-0.189388268,-0.131095154,-0.243725043,-0.172325583,-0.082990617,-0.033529444,-0.024096726,0.020820743,-0.077292793,-0.030889624,-0.111524163,-0.151542341,-0.084740429,-0.063041716,0.00470782,0.027624970510535602,0.127875713,0.19152329288351536,0.075155871,0.1783622311093312,0.3427094226819351,0.41152196721955475,0.24931554143271564,0.097812345,-0.090972872,-0.405485031,-0.142968962,-0.475191693,0.3415993011681456,2
-0.510068676,-0.226577067,-0.146465394,1.0515597103467345,0.4917244729824758,0.1687853542974895,-0.27281641,1.8599454562518034,0.11249828769760581,0.38738907624540847,0.070602525,0.1695286032822716,-0.305469837,-0.181218914,-0.104988023,0.009512636,0.051458853057759754,0.2481693265285821,0.4763648565475356,0.028298289277854195,0.23154009828854366,0.006505444,0.2504233003538828,-0.145075867,-0.148528455,-0.117165996,-0.091250787,-0.009768185,-0.075237564,-0.267071287,-0.454164434,-0.426172048,-0.538599733,-0.495281252,-0.430540591,-0.345054937,-0.252350324,-0.161008492,-0.385059365,-0.294138518,-0.194217767,-0.145348808,-0.089819939,0.017527692870019505,0.10386113679401053,0.16061212148186477,0.27781064358651597,0.4241075693249933,0.4079413211193149,0.5123288929845525,-0.070173308,-0.295047471,-0.517997088,-0.691589944,-0.501750635,-0.389671299,-0.536939498,0.11106200195314511,2
-0.462817807,-0.707022104,-0.545822077,-0.192573027,0.46857469648506705,0.41066151054645017,-0.361947464,0.18773737950578973,0.3056631333259462,0.5085458852009711,0.19198155635582206,0.12673730945646644,0.036467104,-0.137158908,-0.033589644,-0.016828057,-0.474041147,-0.332931062,-0.364613027,-0.204724071,-0.49675252,-0.30996792,-0.08629317,-0.248913664,-0.062275247,-0.480174596,-0.329287044,-0.326354793,-0.306520083,-0.226659895,-0.135636971,-0.200244462,-0.173619769,-0.22579182,-0.177949955,-0.211275203,-0.114506267,-0.114008446,-0.323094687,-0.235330361,-0.280205844,-0.249475375,-0.267937056,-0.256341819,-0.169882468,-0.317443846,-0.23715663,-0.277547043,-0.204943804,-0.195017344,-0.368066954,-0.300434983,-0.441553404,-0.246035671,-0.20542546,-0.297248057,-0.510707839,-0.03215317,2
-0.485239302,-0.147373359,-0.179199548,0.8737380047270298,0.6122913447834846,0.36973286681112477,-0.350421398,-0.494066445,-0.194967287,-0.514331813,-0.501116778,-0.436996377,-0.592881589,-0.476861353,-0.448745461,-0.578285506,-0.567184016,-0.420942265,-0.334099584,-0.077802667,-0.331812988,-0.200855622,-0.163917907,-0.075696216,0.006311378,-0.179636286,-0.435025576,-0.333361242,-0.395364355,-0.444323977,-0.33178575,-0.234564915,-0.129195934,-0.051259835,-0.098279154,-0.328907018,-0.24415523,-0.382312155,-0.444968548,-0.383057712,-0.377224096,-0.294225908,-0.194927832,-0.311195532,-0.223987236,-0.418689567,-0.550450562,-0.501432249,-0.390438721,-0.39812104,-0.457912961,-0.36033355,-0.496358142,-0.542746857,-1.188552095,-0.353049722,-0.520945068,-0.674585228,2
-0.414700584,-0.687204166,-0.788054818,-0.973902787,0.5675971459504199,-0.959181412,-0.018717589,-0.188139732,-0.159731804,0.070548867,0.031275295,0.2559358433359448,0.014722025,0.11645774721910601,0.27427851030037753,0.3572913158701985,0.3915658513318432,0.26835452416762506,0.20520604167996237,0.092990024,0.20015183835099673,0.4580038738859131,-0.015191723,-0.260916183,-0.287477305,-0.450002923,-0.371233416,-0.299158549,-0.172229365,-0.420904619,-0.334036539,-0.287705737,-0.218920961,-0.157826705,-0.094681523,-0.004306072,0.094327346,0.17836857279086177,0.2114091066230622,0.31965065020327266,0.42394826735112245,0.073735337,-0.131726226,-0.134446318,-0.184134612,-0.073506351,0.050209517713132534,0.15544874895652708,0.12782210320688814,0.030471267626266896,0.048195232,-0.93814043,-0.88179256,-0.874873167,-0.85646206,-0.126937533,-0.495602036,-0.34661555,2
-0.460262037,-0.566467559,-0.355963982,0.3112272103189929,0.5429395189409306,-1.183470488,-0.216558862,-0.022784603,-0.510539776,-0.348830953,-0.357258666,-0.236073573,-0.091508844,-0.173886562,-0.012592201,0.020137116,-0.223862155,-0.03130212,0.13162449930250394,0.34758171862794185,0.11493801113856254,-0.420773521,-0.213702213,-0.165376902,-0.21620505,-0.063507418,-0.023301389,0.041108533,0.081588894,-0.006320318,0.039357736,0.024556689385065607,0.078686128,0.16221536507862558,-0.006741587,0.03348826,-0.045743444,0.041022773,0.078287164,-0.008466064,0.074305927,0.1807160198817674,0.1582096735920017,0.21904756422190277,0.3082859534634197,0.20509626219769753,0.31780520260431167,0.1290855934632223,0.2565304989224728,0.3928186865061463,0.4990510853839999,0.563715106,0.7390664492100354,0.22403313808002448,-0.171566261,-0.201336897,-0.523853081,-0.845630471,2
-0.436276499,-0.453669343,-0.644024539,-0.53310648,0.5745235446425234,-1.370918584,-0.32524931,-0.148800245,-0.181271773,-0.269624286,-0.130005226,0.011558910329225036,0.022366768970477763,0.12649676272540264,0.15872418932588955,0.3371683173468267,0.2841073085799032,0.25610641964021746,0.4949226663217357,-0.013082072,0.2093454620190996,0.19259295245341115,0.049260406,0.14659648478607923,0.17462396595273239,0.30064847915264803,-0.153272318,-0.453536827,-0.365671999,-0.352703611,-0.273197605,-0.245974085,-0.215507089,-0.178543911,-0.159750608,-0.275117218,-0.1814487,-0.086039398,-0.109179573,-0.011799351,-0.103159799,-0.062269986,0.025566412850209413,0.094116299,0.046841415,0.16811565394817501,0.2635291612530057,0.29726623169126065,0.37830715664522435,0.5440999869992033,0.7069272613528911,0.8065454700192886,0.6628195791348257,-0.099431793,-0.448608972,-0.13898762,-0.512474146,-0.868605322,2
-0.460720409,-0.520238235,-0.611290385,-0.375257033,0.45260183699671663,-0.733584385,0.12234909998321233,1.5877637800584767,0.6301230495067861,0.3458828771905593,-0.435263286,-0.379254161,-0.266383201,-0.465166247,-0.467221608,-0.441970351,-0.350886319,-0.261639997,-0.122664389,-0.112016087,-0.109272382,-0.084424237,0.085345308,-0.05102919,-0.09862268,-0.06293051,-0.002099352,0.10105564662533129,0.2055041316006235,0.27059019272459295,0.22398382082299126,0.25788912191299534,0.21997725285343495,0.13007562315257779,0.19893421894088495,0.16959886923073283,0.2123685285912538,-0.198261327,-0.169586771,-0.091806328,-0.187513819,-0.090195586,-0.028155508,-0.058963338,-0.079125138,0.036448436,0.16269728904358313,0.12197179541189358,0.00244482,-0.049729038,0.020022417974465086,-0.066412492,-0.271945139,-0.125841393,-0.363541659,-0.272838081,-0.512418126,-0.616664441,2
-0.489765866,-0.490653794,-0.611290385,-0.2894395,0.48916530802439007,0.18122928243327732,-0.538354102,-0.495446563,-0.630237327,-0.464574354,-0.393546748,-0.25872923,-0.484130234,-0.516271742,-0.492028235,-0.405756276,-0.249176263,-0.388216925,-0.146849712,0.022607270448027083,0.2451683199021553,0.17963190193635734,-0.078372344,-0.028851089,-0.177318895,-0.502421429,-0.373846601,-0.526872865,-0.447905771,-0.607132503,-0.555240902,-0.479551822,-0.38392277,-0.311251436,-0.216206391,-0.11916825,-0.207571239,-0.173406621,-0.103572966,-0.187176695,-0.215415707,-0.307795626,-0.315640169,-0.433558542,-0.545754287,-0.443085862,-0.332118541,-0.312463382,-0.415807999,-0.328554534,-0.24235628,-0.511883525,-0.640755111,-0.831614766,-0.751789025,-0.392979769,-0.518515527,-0.310748574,2
-0.442059,-0.501065766,-0.644024539,-0.516761671,0.5804423342573146,-0.38756293,-0.00507104,-0.16290127,-0.406078612,-0.471040144,-0.416772757,-0.554264073,-0.504606212,-0.469886175,-0.331011622,-0.301219997,-0.116780228,0.006136792,-0.382426686,-0.198725849,-0.044423486,0.15291531156856775,0.3877816992491619,0.087714809,0.23880128998024544,-0.033036636,0.10095450693236355,0.24682187952700926,0.31147455324073825,-0.210449385,-0.329302883,-0.300902151,-0.220953724,-0.252462859,-0.275585409,-0.212550428,-0.15887114,-0.129833395,-0.029745737,-0.010544139,-0.149599418,-0.107480921,-0.0427225,0.073095801,0.19250310658543565,-0.038048884,-0.169146518,-0.030943204,0.118501718,0.23165285793324086,0.2282869554738201,0.11901079402794597,0.26313254795225627,0.14411258834131274,0.2654401475826965,-0.217340113,-0.50490183,-1.423768783,2
-0.423950218,-0.351718694,-0.447619614,-0.046753262,0.5819471263111224,-0.578258692,0.22739234305708217,1.6832082180923256,0.6274155629804692,0.7013965991906307,0.1760905362136045,0.30865835176709694,-0.005712425,-0.026340942,0.048695581,0.18754044874105105,0.41546113142144464,0.6099650200936425,0.3705458802493856,0.3288970154664786,0.4572300654281738,-0.227869954,-0.291629493,-0.188998681,-0.072230058,0.07529805,0.1420360598506553,0.085739877,0.19452952796971462,0.2767064196808793,0.2980094966544801,0.2501229557025864,0.18030729587932098,0.2324128030769802,0.24513931322284507,0.13989299763639126,0.19732029663996203,0.2551033816997584,0.19217558063523185,0.18162232141288118,0.24815234359519608,0.2292057466522081,0.3367697163855785,0.4498871340289178,0.5353353258651092,0.5777765851953055,0.6350666617228783,0.7092491277604295,0.7006824228791034,0.8177944322765028,0.91354412,0.5435587580161713,0.6406564886268066,0.09690525,-0.208698648,-0.117711652,-0.505804257,-0.337003765,2
-0.416803364,-0.672172351,-0.388698136,0.08759325,0.4133271956349064,0.12896718270234075,-0.065804349,2.1204385058615465,2.278496647108714,0.6762984398730131,0.909029599,0.073025095,0.15775480604399594,0.2978350144776306,0.47289773202000346,0.6696024849812912,-0.100197831,0.1006007298861363,0.26959979044908683,0.2712119480209235,0.45710096241289955,0.3287964538356809,0.5789750520070022,0.1416024992846939,0.25462336938355823,-0.21516103,-0.077064268,-0.148197588,-0.187260155,-0.161204541,-0.060654234,0.029671702210982167,0.12917932555149236,0.10749145124159831,0.09254336,0.19771531104648535,0.23690900546033936,0.09498838,0.15064438166796043,0.099007086,-0.171098426,-0.084003784,0.024087552682413155,0.12001592656192542,0.027352393,-0.19679491,-0.247810811,-0.198793802,-0.047776909,-0.078175853,0.068751322,-0.334560514,-0.48546694,-0.311533657,-1.10758007,-0.151601394,-0.493700172,-0.201891946,2
-0.437605614,-0.908663339,-0.689852356,-0.651615949,0.35527551673459323,0.32820286389820064,-0.370859089,0.6642396719574727,-0.269063121,-0.054754744,0.16333271558965382,0.29364263120717904,0.015668254874995798,0.14456300559897656,0.24235808452780122,0.44080566220178613,0.1768716226714288,0.39039665574528476,0.043113565,-0.145345952,-0.184464619,-0.273208133,-0.374913954,-0.467165821,-0.525027104,-0.44487142,-0.388725635,-0.24964146,-0.178754491,-0.27739119,-0.296383716,-0.205553789,-0.101790029,-0.051245719,-0.222150032,-0.17529318,-0.112519834,-0.383386536,-0.508988289,-0.627173347,-0.654219204,-0.671173568,-0.606791821,-0.510045525,-0.399848259,-0.310066773,-0.220284528,-0.222119629,-0.308236586,-0.227999539,-0.111790432,0.002824953,0.19538087576342042,-0.060997726,-0.438585022,-0.299880215,-0.487882583,-0.22823375,2
-0.475426249,-0.709185914,-0.689852356,-0.545110135,0.4411944910920843,-0.06196273,-0.037432866,-0.243871308,0.18811069230341468,0.2226215390587443,-0.170425069,-0.216996649,-0.537120542,-0.571621654,-0.460592209,-0.320679699,-0.217617824,-0.177447737,-0.049856015,0.067243744,0.21633094589084514,0.36332066707499794,-0.407747219,-0.316417707,-0.157054738,-0.260894205,-0.355708684,-0.252113193,-0.213654556,-0.18993593,-0.293179231,-0.19402101,-0.094631604,-0.008426109,0.061233129556246275,-0.066251194,0.000684109,0.079863366,-0.09230011,-0.051357746,-0.082872957,-0.178423659,-0.138348555,-0.038404748,0.055180904,0.13738940136661615,0.26834124510891916,0.22674935856131428,0.309060447,0.4063891284065056,0.28963556226978476,0.19264745949628823,-0.427071203,-0.420739486,-0.278618375,-0.29180946,-0.522252519,-0.152957617,2
-0.439763594,-0.433840713,-0.401791798,0.12356429250891479,0.4378960050162111,-0.709243912,0.1419335978067891,-0.428925599,-0.275676516,-0.070212329,-0.134523472,0.065532653,-0.083874497,-0.148122797,-0.057436,-0.060831452,0.027798962,0.2814153961080545,0.2816372942273313,0.22701454462250403,0.48694422576804247,0.2978160154952177,0.4595401279123184,0.500450898,0.6482572652751064,0.16970473320970147,0.2702697128481037,0.2038744614696961,-0.004777261,0.098014965,0.15125860670104455,0.2450879491801985,0.13660794454751402,0.16020730947234374,0.24403008731844736,0.11963061715353393,0.2241695777015453,0.21949563221358914,0.32082272236273873,0.317030469,0.3762337044651593,0.35594297072708997,0.43290893733457364,0.5275069447547018,0.6008867145974687,0.6020486182319117,0.6910696967000943,0.548823006,0.33214855229778345,0.49336796319387055,0.5893943853737931,0.48589488918191726,0.020272465,-0.283012083,-0.533626942,-0.144284003,-0.514919432,-0.366669118,2
-0.463360842,-0.506148882,-0.768414326,-0.791386393,0.40846537861391424,0.2846661012199516,-0.666908098,-0.632538098,-0.462221612,-0.603049049,-0.558540583,-0.52088344,-0.538726935,-0.476272679,-0.351168739,-0.448163799,-0.305222342,-0.101038,-0.1779563,0.024341972161854616,0.26871089118951536,0.279097804,0.29443551110296173,0.3661559348237932,0.47508179357685953,0.2086300345992457,0.13519361947809588,0.23550671873007675,0.3129612482272889,0.02391993,-0.06736674,-0.206386164,-0.17994519,-0.203273483,-0.111323555,-0.069595321,-0.105049008,-0.100703821,-0.020041903,-0.016187776,-0.106807276,-0.019482786,0.004457527,0.12581341606059282,0.23495185282294226,0.26433802108850707,0.25514297903861144,0.4018446224249651,0.2808043858772123,0.39639858496922276,0.41146992720092274,0.26614548250575054,0.2907048588432581,0.2975339623615372,0.001254727,-0.296470359,-0.511140687,-0.231418453,2
-0.419078296,-0.41629905,-0.257761519,0.44112640995731506,0.5157102790482028,-1.23765331,-0.104094389,-0.092719712,-0.298084015,-0.164689776,-0.246109897,-0.213059652,-0.40982774,-0.360555224,-0.212873582,-0.154328593,-0.164079581,-0.632217738,-0.507635038,-0.420143074,-0.21357353,0.011305868939895597,0.1705870280613697,0.31249555660999495,0.3472514927146577,0.031697806694496324,0.14978763335492415,0.28581200265587114,0.30844982601989496,0.3159480440911415,0.3603805073710526,0.4511337310540675,0.3722073467293026,0.3802152194671931,0.10485804783182465,0.17296162240286023,0.2470489326991204,0.3347767407334019,0.4166721012066742,0.32652211855474605,0.42352439058014335,0.4919023737090656,0.6043622,0.4424825005385111,0.5064880356446791,0.5493035931643243,0.6710864296315426,0.7119035265251776,0.684336741,0.8183455446328545,0.7505696293051545,0.9573540842135169,-0.20943523,-0.144019338,-0.007485356,-0.10467382,-0.503530078,-0.292259704,2
-0.480211583,-0.614775649,-0.72258651,-0.620332568,0.548487776,0.24034472872214832,-0.320581039,0.050389269,0.5919205289781029,0.6437781417967401,0.8140984710353151,0.8162067689161145,-0.277461437,-0.312659923,-0.152792766,-0.094149776,-0.314043425,-0.140173764,-0.167806368,-0.121582129,-0.152428023,-0.042354693,0.008101226,-0.352850245,-0.286082818,-0.157672156,-0.122020493,-0.057626815,0.011776078915022222,0.071911657,0.022016613,-0.113353451,-0.100554484,-0.047909881,-0.081994604,-0.123054696,-0.233778963,-0.392037622,-0.372819015,-0.389684154,-0.345730587,-0.378223647,-0.331054527,-0.378958714,-0.270333246,-0.266908989,-0.427526383,-0.335186256,-0.354439038,-0.440244329,-0.431578671,-0.530332634,-0.594814753,-0.641211134,-0.611946371,-0.346911149,-0.517198093,-0.768607361,2
-0.465776299,-0.692794382,-0.513087922,-0.095296048,0.4171236598864301,-1.051714113,-0.34500885,0.23877143978497548,0.6172338839938267,0.5745582280059547,0.4707098167975642,0.4376179530828637,-0.097476302,-0.167319345,-0.103972833,0.084834346,0.010753807418595529,-0.324082488,-0.153757059,-0.010545342,-0.065490671,0.015298960495769233,0.1569895973021689,0.18381291430778712,-0.081811609,-0.235287542,-0.219098214,-0.154078687,-0.057464067,-0.177551187,-0.155983423,-0.068390421,0.019279751151460557,0.1237530137373287,0.19668147597253882,0.23849113700852945,0.29134804107587275,0.2012903123465229,0.097367614,0.099333598,0.1747649142651637,0.2885186572237484,0.3983134140739001,0.20986250686976712,-0.122350154,-0.071484518,0.042598082,0.001470769,0.1445078491771191,-0.048684712,0.078242832,0.15892495421910538,-0.075181975,-0.187001853,-0.164278241,-0.307941174,-0.511434382,-0.87590372,2
-0.464623153,-0.29584942,-0.545822077,-0.187154264,0.7103153299617643,-0.463805825,0.10839439614559811,-0.093467447,0.083942051,0.1756759908504264,-0.227658367,-0.140843768,0.019360031746580537,0.10112054511117965,-0.149501866,-0.006324273,0.13911070730452157,0.24983226989282684,0.015358628906754223,0.27430866325041914,0.29661525807795874,0.3609462339489587,0.5649589884881311,-0.120665105,-0.024066001,0.093543155,-0.282046335,-0.213976125,-0.21734451,-0.306217537,-0.240084815,-0.150347494,-0.071788554,0.010381105201687573,-0.078681621,0.017051350719809285,0.10659693311494763,0.061768447,0.13088767642081248,0.085363353,0.031991409064928034,0.1412979404928317,0.073567103,0.021420699560158924,-0.025979802,-0.051020613,0.081859812,0.10586459488080696,0.08500921,0.21104246403298685,0.40044712977005986,0.5271169088705719,0.5516721873085993,0.32557223713325617,0.4074891413839519,-0.257869156,-0.517934861,-1.309509675,2
-0.425929941,-0.486337549,-0.290495673,0.37630599605544457,0.6206570845224051,-1.470362281,-0.36097717,-0.352902935,0.004456091,0.3300965810405601,0.30048755358831164,0.3438641750905664,0.48596554013306137,0.686372328,0.7938096387320039,0.6313434033336507,0.9195911079325362,0.9609709882960609,0.8250099686353057,-0.130551441,0.073360563,0.29087160997836553,-0.925107943,-0.845169104,-0.725784684,-0.56364317,-0.451544317,-0.447004702,-0.347566133,-0.28323346,-0.362878317,-0.369811163,-0.297408113,-0.205813484,-0.123528764,-0.094758036,-0.027504866,0.010377209463501328,0.10523137778805267,0.099161904,0.21231368862057437,0.30323391468954575,0.3512567319848388,0.43908678404108376,0.5794609704089386,0.41994672836612423,0.4889072840464879,0.32120033757407096,0.22042162141292013,0.3715247386394745,0.39885926735023675,0.5499732556339872,0.19710318192433263,0.10566253603393755,-0.265940391,-0.151378434,-0.501735645,-0.063238452,2
-0.423525068,-0.320975993,-0.388698136,0.10821630717740675,0.5800953827510759,-0.50365409,-0.085097115,-0.08392342,-0.090215884,-0.499488847,-0.436451118,-0.362895539,-0.258748544,-0.142365366,0.010268863005698986,-0.217432254,-0.146529432,-0.007404538,-0.075341326,0.17260799448553665,0.16983475556275238,-0.042797746,-0.334836135,-0.1675812,-0.300583937,-0.184301318,-0.106250985,-0.072111188,-0.144407569,-0.105020954,-0.199281375,-0.099047622,0.007138065,0.028936109,-0.129228847,-0.183100437,-0.130604982,-0.194960768,-0.138580292,-0.074902026,0.031600001253972804,-0.014908255,0.038387336,-0.076074874,-0.258196854,-0.27581212,-0.16045485,-0.228331413,-0.18621516,-0.122299613,0.005499054,0.019535189989611155,0.15446764315185105,0.22672940123110613,0.20636968003867295,-0.154017762,-0.499235752,-0.09720714,2
-0.491366048,-0.878597482,-0.499994261,0.019252518473813783,0.378462515,0.090475649,0.010498472309731974,-0.310739175,-0.287935358,-0.115719578,-0.057521105,0.1246657873361716,0.3007580246139029,0.10670529525996687,0.10412908579041696,0.27107130090246045,0.5365425493504122,0.8025762857681417,0.8650079926231637,0.7683020555086657,0.41817712322071743,0.5036626937684384,0.3415028001547038,-0.588801394,-0.814768641,-0.852042969,-0.725842634,-0.749345301,-0.710391613,-0.607701375,-0.679199678,-0.57569138,-0.513711988,-0.446696575,-0.448878616,-0.437372092,-0.358590854,-0.280728622,-0.209092302,-0.14722266,-0.080680531,-0.031715335,-0.031836139,-0.036175855,0.068193736,0.039722188,0.1748489470118728,0.24816007042990018,0.031653836,-0.40464233,-0.401106483,-0.254507366,-0.212398672,-0.406207221,-0.823803859,-0.41419651,-0.515846218,-0.886435105,2
-0.44427729,-0.985727263,-0.670211863,-0.580532206,0.3586118053546972,0.3097697880684471,-0.345201898,-0.210313693,-0.131935696,0.096019065,-0.001180446,-0.404893448,-0.540807278,-0.521492119,-0.396706171,-0.69279503,-0.660315891,-0.663827314,-0.883734242,-0.725629976,-0.595587584,-0.593533711,-0.660506606,-0.787214871,-0.617793064,-0.493621747,-0.50746311,-0.405561156,-0.295987613,-0.287464397,-0.262851142,-0.183097579,-0.07833329,0.005731708,0.066435268,-0.07718784,0.015342984375004101,0.1122557518685544,0.18637924580970153,0.2215467593294422,0.3218504668479255,0.3432310882325342,0.44246800804493575,0.3899198442893804,0.32115780792184356,0.3624977138123269,0.1820441129119996,-0.259826166,-0.135342112,-0.050590875,0.052905048,-0.132065837,-0.117185582,0.056614667,-0.033104115,-0.240528145,-0.503199059,0.3592638129682241,2
-0.451498555,-1.140222723,-0.611290385,-0.402055416,0.20642325823077742,-0.538261723,-0.012485873,1.0881080433885004,0.3902962311215838,0.3142699078637094,0.064607357,-0.543582209,-0.439219952,-0.442166981,-0.397622066,-0.234040278,-0.16539501,0.066668565,-0.123936481,-0.033832518,0.13850492019272637,0.23069994089207976,0.44946938249916096,0.296957498,0.11857741949600312,0.28882076401274515,0.085390862,-0.198835444,-0.165896073,-0.098658136,-0.124913567,-0.070092571,-0.136845651,-0.042275722,-0.236993466,-0.157191578,-0.058924828,-0.228510474,-0.190059694,-0.109209781,-0.125416952,-0.030488831,0.064761439,0.1889912078309224,0.28376077900869295,0.2918644896162882,0.43399793599489855,0.13086191538465822,0.23633897932439665,0.36699995709976324,0.28215957561124216,0.18022382848651802,0.31525980262131553,0.12554442513970113,0.19846303273113503,-0.323221285,-0.496495131,-0.341362577,2
-0.476017418,-0.319027069,-0.558915738,-0.188272776,0.5275534552564219,-0.317629314,-0.425001232,1.0923718891674425,0.35179126474191647,0.5802110066873785,0.6872011361941605,-0.544827568,-0.450498218,-0.31420534,-0.160238522,0.012989711058287128,0.16842357342601053,0.17237581288750475,0.277908391,0.4785958686443874,0.7013708186181004,0.2518597536823255,0.49979051668277574,-0.20268445,-0.289258791,-0.377275833,-0.613192551,-0.594059206,-0.563628796,-0.486197276,-0.692453519,-0.775285339,-0.702200438,-0.680741909,-0.598205325,-0.542944006,-0.508889044,-0.497884779,-0.420588125,-0.413243031,-0.355876741,-0.277287513,-0.242526713,-0.258556138,-0.198383908,-0.107864063,-0.123539636,-0.331321493,-0.270190501,-0.594078344,-0.559109718,-1.006264916,-0.862310431,-0.738152347,-0.568717178,-0.365645424,-0.511266693,-0.296443852,2
-0.408409772,0.2896673190620419,-0.100637578,0.8210162634872028,0.7672198729184522,0.3546517749892809,0.078487401,-0.059855492,0.34217650596978777,-0.08365936,-0.287636845,-0.259694826,-0.152912971,-0.078193399,-0.210365483,-0.175147641,0.019113103143021653,-0.017132642,0.2016263787689164,-0.093712529,0.082814541,0.16429691455457182,-0.157038576,-0.057237078,-0.100968138,-0.050354207,0.11271956410268404,0.057927573,0.1816005429339767,0.18602870740482016,0.2194036669265131,0.20535280089090824,0.1819638003611288,-0.027141057,0.024834291,0.06264255,0.12164474528416165,0.09546676,-0.076965467,-0.077106527,-0.134604466,-0.064419242,0.033344647751858414,0.051986804404979665,0.022758922426271568,0.13774750079410245,0.14662202247497214,0.21456243029729188,0.33837136942054763,0.5027334339277945,0.4897882579719976,0.098330859,0.073839183,-0.890387864,-0.892984996,-0.122917372,-0.490512803,-0.302748418,2
-0.502451965,-0.913085764,-0.644024539,-0.341087615,0.34318949893966905,0.32169103551041983,-0.34717676,0.35584045927741514,0.1212133196494095,0.15842285427097225,0.3903593622943771,0.45450305425306214,0.11140267033535772,0.3139809590374213,0.25803301039711757,0.44668585582310966,0.14792473217305693,-0.019618834,0.16013577996180592,-0.209585468,-0.194835545,-0.230964431,-0.032530186,-0.77901213,-0.678968239,-0.554431769,-0.518505836,-0.466012135,-0.382932196,-0.474511095,-0.554482212,-0.456346247,-0.407666508,-0.424396325,-0.532493645,-0.492572169,-0.470440847,-0.384449989,-0.322605772,-0.313298004,-0.294954784,-0.375762849,-0.359233855,-0.272833408,-0.167126113,-0.487005799,-0.390238756,-0.350344121,-0.705621887,-0.609750753,-0.586875455,-0.915748928,-0.723235711,-0.825478557,-0.663924939,-0.437869729,-0.522674664,-0.383268048,2
-0.441859308,-0.863554461,-0.80114848,-0.937265533,0.3951073786087576,-1.571088619,-0.158471114,1.4922069413920456,2.0474477608941433,0.5188298386192856,0.5853282977305745,0.760885231,0.3744013731346606,0.42646350510045683,-0.536508387,-0.458307472,-0.361468795,-0.607193255,-0.774807676,-0.583408439,-0.342244739,-0.244809292,-0.046472478,-0.192871734,-0.594819953,-0.442120405,-0.357541431,-0.256418791,-0.201931927,-0.167262532,-0.0623149,0.024954104,-0.001386119,0.093825115,0.19485344000211907,0.24467371230861693,0.2957353796588404,0.3878639832453098,0.4284264051281745,0.4686724314966113,0.4157264044377494,0.27108391306902335,-0.021704556,-0.085504402,0.010979497281884222,0.021478197044546326,-0.015110676,-0.089942829,-0.076539101,-0.044714027,0.118249426,-0.282178388,-0.384600254,-0.241682067,-0.32070687,-0.235104314,-0.502205722,-0.461067005,2
-0.421944788,-0.491279124,-0.355963982,0.1901042686924008,0.603022014,-0.943067483,-0.13526575,1.2329732387584496,0.8764188164412847,-0.390241054,-0.454131061,-0.4085682,-0.235521416,-0.104200401,-0.081852558,-0.342564884,-0.504868484,-0.337563388,-0.127845513,0.092973918,0.092596785,-0.037200869,-0.255407906,-0.468816079,-0.49871892,-0.397377868,-0.31986359,-0.176859998,-0.079362195,-0.105098947,-0.220890961,-0.153929859,-0.261962746,-0.414320122,-0.35702552,-0.28964975,-0.235166064,-0.182116649,-0.697049313,-0.616089388,-0.75351082,-0.75199846,-0.941129372,-0.943816157,-0.874294027,-0.968959472,-0.895800642,-0.829286816,-0.741367032,-0.799262904,-0.703721885,-0.726985366,-0.994014263,-0.814968156,-0.637443311,-0.153868112,-0.497902936,-0.393732506,2
-0.446729276,-0.473258166,-0.499994261,-0.117753592,0.5275005133437545,-1.166882882,-0.351886843,0.5195198126474991,0.7262208816069873,0.36948265274305253,0.536704678,0.119988142,0.22568714280313407,0.36377868214187675,-0.210569045,-0.438684783,-0.304192852,-0.306530872,-0.60150665,-0.677760014,-0.453966379,-0.304576481,-0.246287907,-0.061163886,0.12248773037112154,0.14370629962707498,0.056610114,-0.106094813,-0.013365018,0.002161036,0.10612090612857217,0.1675715465913658,0.18918556532130962,0.2602215095204001,0.3572319699883602,0.29959767842931256,0.1970507661667125,0.14340854557328203,0.18700175398452346,0.2727253216314039,0.31235641708314854,0.12544652027337289,0.19296986206568847,0.020001406048840185,0.13836439847840892,0.13410134533627205,0.17034736880976337,0.2831062019998986,0.3439389362415312,0.439360389,0.6237620810331516,0.75893251,0.3677604312023021,0.3634907252697448,0.32275447687419556,-0.199536646,-0.512166307,-0.581375607,2
-0.472263435,-0.512725675,-0.480353768,0.013155000241897264,0.5580191862758788,0.029181358151218154,-0.180416391,1.4174743289451652,-0.08395388,0.22098178999937806,0.3126984477153119,-0.144914827,0.046753622925461424,-0.152626135,-0.408784516,-0.420567023,-0.467928246,-0.590795236,-0.398310516,-0.266992775,-0.528929931,-0.480358709,-0.343756194,-0.450257468,-0.336239975,-0.20898241,-0.204922228,-0.128948535,-0.265176749,-0.37446938,-0.296708387,-0.32935323,-0.239029993,-0.193228135,-0.105623465,-0.013448143,0.044966779,-0.144266225,-0.218850172,-0.148349049,-0.06597095,-0.059518386,-0.012915653,0.1061415032943882,0.20986204211010123,0.054113505,0.18617224009812253,-0.031040748,-0.010535866,-0.222251417,-0.455591212,-0.45258121,-0.374749414,-0.167766611,-0.552742197,-0.342197101,-0.51132603,-0.846467831,2
-0.517865657,-0.45286759,-0.670211863,-0.367091635,0.5292909959846347,-0.648026578,-0.46327949,0.096659663,0.5804679391159416,-0.473336468,-0.281663341,-0.092529869,0.014171663500935565,0.1670619388073653,0.2563669094591038,0.076222842,0.044594993086492805,0.2456700401734627,0.49557414092504215,0.7802515345150386,0.5927834880282747,0.8523007839998061,1.115258468658494,0.36400550849775193,-0.274583416,-0.172513755,-0.282542475,-0.188553963,-0.134621758,-0.2552766,-0.169261977,-0.209457331,-0.444085087,-0.419705215,-0.482365944,-0.454431739,-0.492566514,-0.41327787,-0.347979024,-0.336262723,-0.250489406,-0.162248884,-0.373057805,-0.326244921,-0.284606958,-0.17044259,-0.252769938,-0.149878113,-0.064365161,-0.06359649,-0.06130993,-0.54162884,-0.672696545,-0.807477285,-0.704993572,-0.412241876,-0.540080427,-1.230929341,2
-0.521304046,-1.012762438,-0.80114848,-0.71905477,0.3008624550544475,0.5563777639472625,-0.286065553,0.16282821534021344,0.789299753,0.1983835542842585,-0.07447665,0.094749729,-0.329465497,-0.538548015,-0.398034627,-0.359063601,-0.44023649,-0.460029722,-0.589936102,-0.457704331,-0.260400907,-0.056070747,-0.284405538,-0.283647949,-0.545624855,-0.422086137,-0.60242695,-0.582775108,-0.46961436,-0.435988814,-0.385469838,-0.381168081,-0.323855943,-0.440950962,-0.380755686,-0.438519665,-0.42173635,-0.358926581,-0.370874186,-0.364298399,-0.313497419,-0.23337527,-0.137335283,-0.120692444,-0.132441202,-0.174177116,-0.215058696,-0.12698956,-0.094582985,-0.079432231,0.066217136,-0.136159708,-0.480406072,-0.457793156,-0.389773208,-0.495532398,-0.529390057,-0.459646483,2
-0.479967545,-0.783955589,-0.755320664,-0.709963338,0.4373937144143952,-0.141067576,-0.473217453,0.6166398537673274,-0.053678975,-0.049700343,-0.364054792,-0.176281327,-0.077806976,0.048454823068601674,0.20873511660627606,0.34037167801669865,0.33827945306845997,0.28630679278622434,0.147024574,0.020356649,0.2153914994901164,0.4526970410271782,-0.101891432,-0.106697317,-0.573664855,-0.461813173,-0.334314481,-0.338228074,-0.24126005,-0.186672756,-0.139647457,-0.115708646,-0.085178663,0.016936466,0.11670980904798472,0.1224386689722256,0.039573866,0.11988664364608749,0.027664011465799887,0.022161865,-0.224135584,-0.165665532,-0.203010175,-0.155462219,-0.195051983,-0.091461936,-0.075974201,-0.555919798,-0.491063685,-0.37298867,-0.52939693,-0.509355719,-1.031136227,-0.939542568,-0.865687226,-0.306157286,-0.524090774,-1.809853992,2
-0.434931208,-0.632048019,-0.735680172,-0.781136559,0.5657135944243602,0.4203682934237659,-0.363887818,0.15201455814258522,0.009913164,0.15644099221182367,0.2508587094766037,-0.060007061,-0.092828225,-0.055649975,-0.073578805,0.080691398,0.28045638506015524,0.16271644110190878,0.42280807000046533,0.4772943497849518,0.5035089506095931,0.3973031714783487,0.23141575813467483,-0.582989123,-0.556352847,-0.398756051,-0.242063822,-0.361747724,-0.287745863,-0.187062436,-0.073009746,-0.042351745,0.001040439,-0.110122161,-0.060249184,0.006941507,-0.121489414,-0.035030184,-0.066332813,-0.001230919,0.058099554994219295,-0.346605413,-0.321592642,-0.259780855,-0.153737188,-0.041774752,0.080259242,0.15643744441145335,0.023438072312105963,-0.103105817,-0.04737203,-0.240259647,-0.17974408,-0.666745634,-0.584403286,-0.28313169,-0.488041146,-0.501766864,2
-0.513277369,-0.433227623,-0.513087922,0.052384568763468926,0.5684340013024785,-0.517448147,-0.349978743,-0.016822926,-0.204227529,-0.108189372,0.069226461,-0.258409858,-0.187685141,-0.135558374,-0.068552691,-0.355548877,-0.181354054,-0.144506432,-0.117404079,0.03748395,0.2839852392274483,0.35557203048986724,0.34037980123168865,0.3205926417871107,0.07723199,-0.039756087,0.061709091,-0.235101623,-0.245365219,-0.23548353,-0.476213438,-0.444973231,-0.401772096,-0.374671093,-0.334981155,-0.24749238,-0.26897874,-0.195780796,-0.25060165,-0.242877936,-0.204679264,-0.245466336,-0.550195536,-0.82760227,-0.733525614,-0.636011653,-0.581064891,-0.605040199,-0.503722057,-0.480747,-0.464299427,-0.303600087,-0.19436439,-0.945194852,-0.81006211,-0.390515262,-0.539612979,-1.001528809,2
-0.395764862,-0.516063934,-0.644024539,-0.645389524,0.5390880636096983,0.35557111881564796,0.079282396,0.093181112,0.7190174081598584,0.6294910460924541,-0.343707963,-0.266866151,-0.094841385,0.04899407,0.11309516039616913,0.25949971696972285,0.3340715477433396,0.1913625473114112,0.19445866409629456,0.40407886642440466,0.11381736993084943,0.25895527076768343,0.094237305,0.084309178,-0.015715923,0.011330128,-0.178889562,-0.185108133,-0.104608581,-0.14948013,-0.310494591,-0.219043572,-0.143216053,-0.237613643,-0.200400079,-0.183925887,-0.109194466,-0.043488834,0.018763225,0.036551056,0.10892740038080387,0.20365963903210732,0.3148646776589856,0.13224208402266058,0.25220266004661274,0.1013427421888251,0.18481673179166183,-0.119560971,0.011580152350416822,-0.027459223,-0.498682005,-0.408533538,-0.358290124,-0.330563345,-0.344300287,-0.132874879,-0.477961047,-0.27153969,2
-0.431117937,-0.732875819,-0.624384047,-0.495367771,0.5722012266929318,0.039748509,-0.27613079,-0.016013286,0.4709587157300144,-0.003108058,0.063725043,0.24121476438074893,-0.090005504,-0.16141852,-0.255636692,-0.167441336,-0.472146742,-0.41004717,-0.186861053,0.052174196,0.21167141561330652,0.30788438386532585,0.5444547734979521,-0.076624971,-0.070750465,-0.187816178,-0.15002306,-0.042205503,-0.120223699,-0.171340709,-0.087385389,-0.044148665,0.046025537657703855,0.094804611,0.1844636822293454,0.18997206798152833,0.21218685961168712,0.2779991234804678,0.2962994584750543,0.11902804140352842,0.083018789,-0.07302803,-0.045927968,-0.057421546,0.044656853,0.16208831867051596,0.2618821542468945,0.18867485856749006,0.3008061304258513,0.27649236306953784,0.3993124058451089,0.1648304405613228,0.2450250105771262,0.4363970379607164,0.41053536718433015,-0.174377723,-0.502972095,-0.360040128,2
-0.423640488,-0.822496786,-0.624384047,-0.516457929,0.36198014661747574,0.028743844472822536,-0.262819507,0.2030274984479776,0.10526651631603866,0.21422713825026396,0.041665376011933215,0.025627627380289963,0.091639986,0.16875220482034425,-0.022150036,0.109669036,0.32258488706802796,0.15719467734359208,0.10954325914985022,0.27635520063197905,0.4341409983076583,-0.149837716,-0.076859353,0.017130367793339367,-0.006246763,-0.02386337,0.11286091966001247,0.26143580392803845,0.15901837930150997,0.24280152809004635,0.030815973,0.083090041,0.15739730209126013,0.12871386962563408,0.1853210816941879,-0.065396726,-0.0249271,0.054603909,0.14555612575478244,0.21805354073628483,0.2975205245590935,0.41709450367553513,0.18040099612025634,0.20665648075500156,0.2987240827724351,0.1755833909207349,0.1275812285807965,0.085198994,0.21065446116090578,0.36468230332187496,0.3438965526407441,0.076106944,-0.307314852,-0.729494587,-0.529616451,-0.217739566,-0.488816425,0.41414934710647044,2
-0.444499922,0.006469393,-0.336323489,0.3134720759025029,0.6238421935501848,-0.056100428,-0.216446799,0.20894088393895985,0.671226428,0.054041746190898375,-0.371336355,-0.338676245,-0.477592502,-0.484458467,-0.427305842,-0.360830421,-0.257539057,-0.032616072,0.10779796205732398,0.3292536490306259,-0.016200572,0.21276401254406005,0.3927165389513327,0.4923226704536005,0.3016336147460209,0.4902872631909853,0.2844743561319595,0.13613509608909902,0.2506334707784462,0.021420486712462227,0.05067817,0.14449380037664647,-0.042038348,-0.039403243,0.061651003465097394,-0.005104797,0.06254258,0.015502214108281264,0.060739514,0.11069578735845843,0.14398269584365211,0.2020225486694808,0.23876768412005736,0.22448085214872848,0.21788234783089502,0.29111999733992144,-0.387898207,-0.505617327,-0.400747015,-0.403812841,-0.259857588,-0.127669299,-0.046815405,-0.546539605,-0.442460362,-0.208930207,-0.508849134,-0.803601751,2
-0.464538761,-0.682538146,-0.657118201,-0.487781969,0.3862162263235028,-1.388381059,-0.056465585,-0.320246408,-0.403769769,-0.197246652,-0.366870585,-0.320039204,-0.234521332,-0.318994697,-0.19018016,-0.102496348,-0.176192829,0.012454103929270209,0.14426370460472787,0.29964521383236953,0.2521971664936519,0.21025276559654887,-0.404902181,-0.407895636,-0.345853499,-0.165835243,-0.062780454,-0.135203308,-0.133648029,-0.178099442,-0.062999235,-0.074201622,0.00427702,0.044813199,-0.069371316,-0.055100718,0.043726637975960596,-0.091984597,-0.008036848,0.098788322,0.11193816912849973,0.17049614617579315,-0.024327861,-0.273945148,-0.306305089,-0.508534329,-0.44554588,-0.3163372,-0.33909528,-0.653519106,-0.646009944,-0.742095958,-0.593124914,-0.446068467,-0.59497994,-0.238179501,-0.521611425,-0.370797874,2
-0.468853517,-0.635455632,-0.499994261,-0.050508949,0.5302383840185974,0.17594217824566571,-0.265061804,1.0169671393678221,0.5577684043933077,0.1654034684214577,0.1400950921620732,0.16094472939967713,0.3162730959923915,-0.148260202,-0.0754189,0.043929617,0.14362823202720468,0.099700697,0.097594218,-0.113081385,-0.133336851,0.070028586,-0.243862899,-0.150513634,-0.194878071,-0.262735467,-0.119195622,-0.050939191,-0.188084615,-0.153526645,-0.139284075,-0.05773526,-0.144324766,-0.043177372,-0.100872747,-0.064641741,-0.018561596,0.036293052,0.1010637288190857,-0.12582146,-0.041423234,0.038093362,0.1501059423766159,0.1906220547170948,0.2598106220660689,0.078471019,0.094346175,-0.026320821,0.065114305,0.1490873051154926,-0.002057902,-0.152798474,-0.02772967,-0.39001594,-1.008504968,-0.313992969,-0.513061793,-0.276759806,2
-0.459570962,-0.767798798,-0.558915738,-0.237559489,0.41630515528400014,0.16023604763212387,-0.025755267,0.5393788361609547,0.21681510349767938,-0.10993866,-0.028071086,-0.425528148,-0.355467972,-0.290265246,-0.156305925,-0.058097873,-0.276751565,-0.119504407,0.11956844761079706,0.33911288825169655,0.5906455310355109,0.3017183099977794,0.29139700975823357,-0.598543831,-0.439268562,-0.301383189,-0.148785431,-0.010526629,-0.230455812,-0.347516853,-0.259003977,-0.218774093,-0.23761113,-0.297957764,-0.22636345,-0.138361908,-0.122728586,-0.114123525,-0.090377491,0.011722357730697058,-0.023622885,-0.135265429,-0.067638772,-0.13677695,-0.140831931,-0.050799517,0.035770133561273544,0.005155317,0.093149332,0.014551593,-0.402013195,-0.226507632,-0.689191143,-0.913328738,-0.90327634,-0.309452077,-0.50553038,-0.938558481,2
-0.476898414,-0.547953138,-0.702946017,-0.57642161,0.4966430855735494,-0.110498914,-0.19910652,0.38638977220356163,0.49674722108897557,0.31365836643658435,-0.068083263,0.023078074511099195,0.095042873,-0.212302028,-0.096950339,-0.180575197,-0.368264342,-0.478713056,-0.369119631,-0.1721071,-0.01366291,0.085609419,-0.174284701,0.035873696,0.19211907248373816,0.11645586300554793,0.19685442452484442,0.2331081530205942,0.2703030499254552,-0.142347183,-0.05746639,0.031212419,-0.002097063,-0.028169778,-0.084024471,-0.038499865,-0.048392711,-0.058903184,0.007812514,0.093273924,0.14044292779799417,0.19502082651965547,0.056133545043642694,-0.027658477,0.095852669,0.17762419415101666,0.1763323861381051,0.22368713210162858,0.22923398125999364,0.3803806664987394,0.47309543963662554,-0.028753728,-0.310641853,-0.127446405,-0.58117632,-0.260613793,-0.528710231,-0.618443006,2
-0.429879798,-0.242210793,-0.146465394,0.7719214519460375,0.5507161690323136,-0.593522136,-0.442700104,-0.031740778,0.3839854194929799,0.5899762299844523,-0.098169317,-0.090858574,-0.273116005,-0.260105013,-0.143295691,-0.48768972,-0.369876138,-0.696673076,-0.833462473,-0.744256676,-0.543149038,-0.370108031,-0.153882069,-0.002913006,0.14613992044875565,0.25914890004907876,0.2971253783853607,0.35503033063598766,-0.117755401,-0.002279614,0.1155487762659065,-0.040014511,0.055471615,-0.157149307,-0.267272559,-0.213059837,-0.128752373,-0.073679017,-0.069067447,-0.006129083,0.10408388722302434,0.078861499,0.077343936,0.19180453511876927,0.1541627599172386,0.19130887909369654,0.2248568346668465,0.1953615766933332,0.35230564046824325,0.505023518,0.5889233533630228,0.7552957629034959,0.24370476211209696,-0.393841105,-0.4098928,-0.12313536,-0.509854461,-0.328799417,2
-0.476254631,-0.821830987,-0.814242142,-0.880160419,0.4671315323654145,-1.160300976,-0.119887639,0.9451996416758275,0.5956157412451649,0.7418567514317458,0.8386030415132681,0.3544073058325048,-0.119354474,-0.255678839,-0.242234317,-0.438261254,-0.617189639,-0.504876958,-0.426109866,-0.442119212,-0.401863225,-0.308547652,-0.383572946,-0.18089063,-0.438552964,-0.284527278,-0.328751842,-0.220995266,-0.093877011,-0.016394507,-0.05210177,-0.183404243,-0.301167673,-0.254392962,-0.249473565,-0.155495243,-0.115070802,-0.019721031,-0.205025305,-0.238849332,-0.164467172,-0.227811231,-0.189619405,-0.22240046,-0.227319688,-0.237521178,-0.174414385,-0.200325696,-0.217302439,-0.076808307,-0.025580221,-0.320780247,-0.326011505,-0.279521981,-0.122790367,-0.292000726,-0.522885039,-0.878233267,2
-0.410134334,-0.054484216,-0.100637578,0.8268120139052746,0.5448231010515823,-1.119199926,-0.471503685,0.020581747921036578,0.5154061781061308,0.7174317281837033,0.39653463373684417,0.5673386894600438,-0.126904201,-0.046395322,0.043034695,-0.018348246,0.1181363792340964,0.26754019844257193,0.3408040104524406,0.24615494092520426,0.41895129072675946,0.47394207731410515,0.22583646008252972,0.3915790862812038,0.44511540198920735,0.3943718439243236,0.4564968349844952,0.39311520582182236,-0.095712709,-0.027179331,-0.183700062,-0.077799507,-0.034933427,-0.104542339,-0.196310623,-0.159409701,-0.076144907,0.019759607908666554,0.004625292,0.089407804,0.096891611,0.063790133,0.10906217694191435,-0.026379925,0.09690514,-0.094677808,-0.068692372,-0.018871039,0.080092524,0.1136386171285282,0.20446860578055875,0.2126670831678698,0.2779379000435947,0.25443111719377665,0.3410675049044533,-0.144048627,-0.488955105,-0.720902815,2
-0.454763229,-0.485318992,-0.578556231,-0.304619338,0.5731828388749444,0.28403954,0.041881614,0.799265491,0.6460060170827672,0.956168991,0.15457516299303323,-0.292523575,-0.18406998,-0.263972476,-0.154756205,0.031789876,-0.091519504,-0.022507117,-0.164077587,0.086200712,0.35272688983266465,0.24317414655449077,-0.532745478,-0.500036687,-0.381120425,-0.344264177,-0.296887186,-0.251090357,-0.228114978,-0.390364442,-0.354631952,-0.265260392,-0.28171703,-0.300947001,-0.238446494,-0.160163554,-0.24464927,-0.337127161,-0.289395216,-0.221781673,-0.187112393,-0.117277234,-0.252963977,-0.195086771,-0.134270524,-0.063558025,0.016670685945162883,-0.217852361,-0.068405319,0.088765719,0.10958357724104907,0.075935525,0.069304474,0.2347832372838781,-0.076656824,-0.249559682,-0.510996684,0.8323573866860432,2
-0.470982814,-0.872707856,-0.434525952,0.1332155229715384,0.31549295720774495,0.2841193202657689,-0.139335746,0.3061759892520172,0.1822085635316847,0.40774129562267086,-0.173200302,-0.316172636,-0.169839883,0.012341269783647028,-0.033644328,0.093287661,0.2981391046321414,0.19057972265595302,0.20027364113985724,-0.504155089,-0.361709621,-0.12907438,-0.57330451,-0.439185311,-0.464618424,-0.289961048,-0.182229248,-0.205731712,-0.196577729,-0.190792238,-0.072324634,-0.120648378,-0.046424558,-0.096197955,0.00704088,0.07249877,0.019821399098621875,0.012807111438350552,0.024740075843547926,-0.00894063,0.083653101,0.16442782143954793,0.22560301352710985,0.3369718912815709,0.40352007444660937,0.46169485226651313,0.4083130799778139,-0.158852526,-0.033977755,0.12359790905630694,-0.386573171,-0.24209714,-0.107463359,0.035213193323499904,-0.005804986,-0.338120425,-0.51086637,0.2761867812662802,2
-0.50333203,-0.594215166,-0.545822077,-0.068899392,0.5233280728169981,-0.010131547,-0.284600948,-0.095711575,-0.039188418,-0.132207932,-0.159667403,-0.183194401,-0.131631592,-0.34079249,-0.402323446,-0.376119889,-0.233238564,-0.226055509,0.014530629796884681,0.2639791693847663,0.34666963278018115,0.47525248240648865,0.7293465216646261,0.26623584806276435,0.4303395081542148,0.5673179845176233,0.15997695413205335,0.21556720051419767,-0.114966062,-0.436357803,-0.447909697,-0.458163688,-0.496316168,-0.475686286,-0.401284045,-0.318269658,-0.341717244,-0.444187582,-0.355739311,-0.339267986,-0.262593021,-0.182692118,-0.118560298,-0.170989409,-0.388655616,-0.315492064,-0.271509628,-0.486320773,-0.435357056,-0.373331583,-0.295069747,-0.335477303,-1.123882022,-1.139149582,-1.089975463,-0.414896927,-0.52649905,-0.154706765,2
-0.478489607,-0.97946258,-0.72258651,-0.62521167,0.37099944830427867,-0.027456779,-0.317287084,-0.022915864,0.34208192035219315,0.1639000584739294,-0.161672631,-0.2466976,-0.136125417,-0.110556626,-0.054399713,0.11853610368467865,0.2949208797749987,0.4737095769570102,0.5434948492828399,0.42051246535005327,0.4918719548358891,0.18715815715663053,0.4133720128606238,0.4008926978241496,0.33830115358005475,0.4594795109961553,-0.01852759,0.018060139658606537,-0.399305154,-0.277232496,-0.338723954,-0.30357734,-0.234441304,-0.16005754,-0.261284146,-0.25009963,-0.253243192,-0.21471803,-0.14073216,-0.052014841,0.021860780484366595,-0.048801597,0.042254766,0.11909957032788546,0.21295017599060925,0.3362586206733102,0.2309109411379759,0.37654358799694926,0.38661195147336663,0.002418861,0.17360877464661428,0.1289700154430804,0.2876328574473998,-0.854424889,-0.700111161,-0.321684991,-0.520051104,-0.29974794,2
-0.44979519,-0.33152357,-0.702946017,-0.652781482,0.6673438077497222,0.37282253127310705,0.19513156027182135,1.5414202012773135,0.20549425741199778,0.2578237366377201,-0.073880696,0.013656231256224146,-0.410308118,-0.353363477,-0.22025335,-0.330099415,-0.33522258,-0.318561593,-0.102614737,-0.081523243,0.15133829242120933,0.31394474573358955,0.540944263,0.7313599647816929,-0.307334643,-0.296038947,-0.199545205,-0.06622225,0.061519006,-0.002011828,0.008652562,0.011472794389427728,0.044151473,0.11573265126266125,0.16200590343544768,0.058957191,-0.011821385,0.044561123,-0.054863451,-0.092192767,-0.004307446,0.004637762,0.10032422136021059,0.1857284242703294,0.1966282896700996,0.21416067439369332,0.2993497947048281,0.45510353541394716,0.4075536731666225,0.5577622533253253,0.6869172584466511,0.5924586060569248,0.5510354530839222,0.005409417,0.18973763948388533,-0.219674277,-0.511184226,0.14481073109724665,2
-0.469447422,-0.510091954,0.29871910457873635,2.1115270523988503,0.47509673640918637,0.3040956578298231,-0.062135545,-0.046588674,0.45287642412072937,0.6885357223079215,0.47008391866348115,0.5602361731813097,0.23438126668335516,-0.213002238,-0.072658932,0.042660153342585876,0.2591365280515881,0.354314534,0.034409769834737855,0.1463954533671557,0.091242302,-0.102330045,0.11767636345453804,-0.230781303,-0.218581287,-0.073768576,0.033294839190849516,0.13851243883914902,-0.05750233,0.039756236,-0.333719173,-0.391404369,-0.447328247,-0.385897929,-0.307909768,-0.285385859,-0.225431721,-0.147179099,-0.086995485,-0.069020952,0.028881687145626302,-0.048682103,-0.027644163,0.079130535,0.008290108,0.077118889,0.1652766392301698,0.24021286587526314,0.35781378156420424,0.4768740958397656,0.4409363486512752,-0.116044808,-0.097569101,-0.444110221,-0.313633018,-0.333759886,-0.510409944,-0.451334933,2
-0.435118904,-0.15733374,-0.179199548,0.7023714564573846,0.6624663925915488,-0.006005468,-0.339523807,0.8593861394364493,1.0880070930396022,0.4754592305611372,0.609660211,0.24874352207556857,-0.267293778,-0.089988045,-0.185175981,-0.014471522,0.21592074331299432,0.4596658861243406,0.5437188012893514,0.36617324327824724,0.5207483167903851,0.6684871382475498,0.5388199712176859,-0.521695701,-0.421643443,-0.306348831,-0.17269057,-0.106825936,-0.182713373,-0.057883798,0.026556872,-0.116787038,-0.083496773,-0.01917182,-0.028271674,-0.010185414,0.020797919920044056,0.089876195,0.057129406,0.069365159,0.14611211003952992,0.2422951156425575,-0.053415747,0.000273263,0.11872798933723454,0.074756375,0.18691382848427887,0.29714407223299655,0.46250432845790296,0.3874198405056775,0.4649977185736958,0.005722938,-0.810639317,-1.129792652,-0.991199695,-0.219250753,-0.49871736,-0.447426671,2
-0.488395892,-0.333573127,-0.11373124,1.0633150180972126,0.5118891942075927,0.29074913615314507,0.023554926010882497,0.1978397889791997,0.22912095790766682,0.42551720679645944,0.5135294012349287,-0.52496315,-0.507041496,-0.494009544,-0.449718082,-0.292350097,-0.147099245,-0.387055584,-0.401503035,-0.217825185,-0.160363731,-0.079745702,0.14585111584377164,0.31637140761618754,0.4236329455338385,-0.200336896,-0.075405566,0.017840395355342608,0.11206501962172176,-0.063489967,0.001275928,0.027145314261052687,0.10771395060444497,-0.066053764,-0.199546935,-0.331384526,-0.251404069,-0.224498074,-0.237059614,-0.161824239,-0.411691307,-0.567703641,-0.706851818,-0.644253613,-0.77885406,-0.681018334,-0.676937961,-0.784132059,-0.938042486,-0.804122987,-0.773933474,-0.688763966,-0.514741441,-0.636350609,-0.758688007,-0.358443216,-0.523283511,0.15517182429964463,2
-0.417839406,-0.585289201,-0.558915738,-0.359535532,0.5265045875770388,-0.68119767,-0.257593739,1.3834686726443681,0.6266923867553759,0.6109904379528229,0.20566864499456514,0.056536330312232055,0.015961586653340007,-0.479984086,-0.454137701,-0.331684902,-0.16259499,-0.003645069,0.14386110498750532,0.22321092646080906,0.49799348382812414,0.6627834318753903,0.7752203226727326,0.5716337057133901,0.7005425460228787,0.7268025441258013,0.769831118,-0.264919915,-0.237138783,-0.155693681,-0.169552843,-0.069137717,-0.115694842,-0.127863053,-0.120357732,-0.078017875,-0.248439717,-0.220104769,-0.178411697,-0.125616326,-0.026186811,-0.153626486,-0.067287654,-0.17085315,-0.318738079,-0.36373883,-0.285555619,-0.26577732,-0.125351815,-0.052649407,0.006804732,-0.185090198,-0.193034452,0.018001111,-0.515034764,-0.140857316,-0.496382843,-0.329194716,2
-0.419720967,-0.326237529,-0.644024539,-0.579458612,0.649533304,0.089176259,-0.070191147,0.19317067720863618,-0.104277389,-0.393394342,-0.23888187,-0.125094219,-0.271104335,-0.216489131,-0.091747063,0.054970897,0.15038817859509615,0.2390572408062627,0.24145734111910072,0.4141975564838663,0.4472745301823764,0.5073715089145453,0.2698110032408573,0.22582540631305664,-0.33343987,-0.182492126,-0.120492482,-0.118187306,-0.094221522,0.017499618,0.008344089,0.067453255,-0.026523555,-0.030212579,-0.023980284,0.052564373,-0.100387366,-0.108937522,-0.030741205,0.049617862,-0.01004525,0.013471896930856297,0.080004134,0.19870593411691923,0.19128379975216198,-0.204802241,-0.459557102,-0.4179187,-0.317466066,-0.22667977,-0.290447733,-0.29848053,-0.418869562,-0.753697874,-0.635797351,-0.126779158,-0.50048099,-0.703994098,2
-0.479398233,-0.50837124,-0.526181584,-0.089136896,0.5801601303126674,0.21372576193203924,-0.009316399,1.2586488663035311,0.36345728171332614,0.6878536188315865,0.38204742083029675,-0.114383425,-0.122874935,-0.346755737,-0.201832506,-0.156363192,-0.206211892,-0.317924169,-0.116423548,0.03127559,0.022724164572517296,0.19949379123167416,0.20539006543694446,0.2414824989589787,0.14482067153074968,0.32951804007574437,-0.168204473,-0.106395178,-0.103446654,-0.359854286,-0.442287883,-0.404516389,-0.473087486,-0.464187764,-0.469658032,-0.542213989,-0.485715121,-0.770395687,-0.722149684,-0.702984607,-0.657169325,-0.57564791,-0.491166882,-0.494649085,-0.388878283,-0.329542833,-0.20686733,-0.070785608,0.004408555,-0.00727423,0.082983969,-0.425407456,-0.43890328,-0.358762412,-0.169830398,-0.29784229,-0.524955541,-0.421095246,2
-0.443716607,-0.506580955,-0.513087922,-0.161834342,0.6655757741925463,-0.599086619,-0.517855294,0.6722357532683854,0.4801826223640975,0.608624668,0.099970177,-0.205322939,-0.161234792,-0.024959723,-0.219806302,-0.245762178,-0.070578623,0.11853478561974168,-0.247600796,-0.167122022,-0.096240664,0.11286895270160906,0.36030982469614325,0.28912266310896206,0.32917607138470045,0.4245071124142241,0.3437895485586271,0.13381751338420472,0.2433599981742884,0.23711765643418248,0.3274568482312878,0.37661794954035643,0.34542022596386773,0.3655093233740028,0.13837723331657478,0.096165912,0.089531662,-0.050556537,-0.075178216,-0.055485636,-0.20889842,-0.18560673,-0.096603741,-0.241578621,-0.215501593,-0.110467236,-0.082674771,0.023792623,0.040348344,0.009793643,0.1522402613752382,0.32469689467059953,0.4600136067349017,0.5033677256485374,0.10545326695553163,-0.184025571,-0.511785712,-0.302671,2
-0.482205557,-1.027271354,-0.499994261,-0.009299101,0.3400821359211343,0.6031468355110784,-0.403667216,0.21691235255239902,0.29393462560941896,-0.326263095,-0.407036211,-0.498990886,-0.366659959,-0.281924788,-0.221087101,-0.238683364,-0.259610901,-0.089468312,-0.071244122,0.097263647,0.3349524696355918,0.18338540353669677,-0.10342885,0.09840251,-0.175660499,-0.110063473,-0.317399783,-0.330138796,-0.281164824,-0.194255524,-0.167723537,-0.09813973,-0.038298419,-0.067929495,-0.103130197,-0.038487759,0.041857248959119145,0.11530153639682861,0.060719329681502586,0.13585352050504831,0.2501311414066836,0.092459347,0.17591432270057006,0.2558947202567749,0.3902205643032645,0.050773249662123175,0.16272316027269348,0.23643890813920668,-0.707744942,-0.622419097,-0.811924659,-0.708208831,-0.685618484,-0.537537355,-0.825918653,-0.360362947,-0.517192055,-0.481136677,2
-0.510744899,-0.358430933,-0.644024539,-0.316233433,0.4831792017430646,-0.795031127,-0.430753006,0.282638177,0.7232148697824297,1.0356546313508623,-0.218638325,-0.379067999,-0.276691267,-0.29254574,-0.142091477,-0.033907129,-0.328891649,-0.250674873,-0.081040562,0.003531761,0.27438661693245175,0.4309816887233987,0.5642401730606852,0.5769555110690766,0.10777698929838676,-0.084340978,-0.263556389,-0.120635994,-0.104349296,-0.024299139,-0.02099082,0.030367126351490335,0.019402372115139063,0.1149712716006013,0.1758632509380913,0.14631129890876715,0.056201926147143116,0.088612299,0.044770556156107644,0.078248222,-0.009496709,0.093426903,0.20597010665048981,0.3264321599077466,0.4368176391363587,0.3965295893650758,0.4528614021334432,0.4834081881699194,0.6501694453846593,0.6758034773065887,0.8372108905316042,0.7084640427732908,0.21939038331918587,0.1567938744281602,0.351460022,-0.336633352,-0.546212041,-0.732343253,2
-0.465987025,-0.90487262,-0.689852356,-0.572018203,0.49795699924668035,0.4086935736608338,-0.366899253,-0.162050152,0.038875651,0.046577255,-0.105584035,-0.207124888,-0.182750471,-0.202348143,-0.333014588,-0.231907472,-0.183033273,-0.081365643,-0.410037425,-0.223485641,-0.032041629,0.18958153457552568,-0.157910617,-0.107737183,-0.273120495,-0.179626958,-0.186012236,-0.091531788,-0.079639529,-0.019042878,0.013924469749457907,0.082205715,0.10285132747318632,0.18803483019128364,-0.092511519,-0.175439817,-0.158400559,-0.088109642,-0.073135154,0.003392776,0.10116212352186287,0.1631827280619179,0.2102560495976903,0.33708360165372153,0.22034958315645298,0.3494148905143962,0.35395734568646975,0.079625838,-0.468926296,-0.328294042,-0.610939971,-0.432037844,-0.423959791,-0.483933481,-0.401939156,-0.316570963,-0.509735327,0.1515186625242907,2
-0.435153809,-0.558229431,-0.72258651,-0.745638143,0.5425718922567822,-0.039749284,-0.167134907,0.177323275,0.3220557039276667,0.6519515200635385,-0.124003063,-0.246090088,-0.14911931,-0.152663352,0.019432500736446263,-0.404266659,-0.347046202,-0.316518203,-0.080761799,0.010679979641725658,0.2536119766072235,0.4792987677533145,0.704074744,0.8380345111060309,0.7060837171002627,0.44335960758813003,0.606114382,0.7232383375190986,0.44169885355443184,0.12993917070430275,0.19457973170651227,0.13032972717301416,0.18272856926790584,-0.015091708,-0.00221013,0.036881658735714355,0.14220840558736028,0.20596582989609782,0.2175874777798954,0.061925009,0.080504611,0.1038020174597909,0.10866058272566098,0.18465121458296604,0.31546728840598487,0.40196589974720853,0.5329553638438341,0.2820418211884105,0.43026912753149926,0.5871794424912741,0.40253947445763205,0.5704649283929045,0.7043211681730327,0.5587382247874195,0.7249414309240059,-0.132591688,-0.513137044,0.6614670370727196,2
-0.444703523,-0.520850429,0.20706347251730886,1.7681795264008835,0.4639628778431281,-1.575245933,-0.443897429,0.4121358628173861,0.719347015,0.26453102091265956,0.089755944,0.18302790467431987,0.027477777711446886,0.033978329,-0.186459994,-0.155507448,-0.040142251,-0.017910377,-0.295644115,-0.079791555,0.086203917,0.10779787524148833,0.047274188,0.1402157551328481,-0.112775411,-0.092315096,0.063956309,-0.087371245,-0.055607699,-0.246796047,-0.301451618,-0.278486687,-0.244482853,-0.213253077,-0.136174122,-0.178150178,-0.115188855,-0.040308074,-0.052951609,-0.01715887,0.027533988143327037,-0.120941915,-0.049602138,-0.008853208,0.062866765,0.16769602459930916,0.245146151,0.24118644927749544,0.2047060630137979,0.28039395099270986,0.3722185592955456,0.2997197589332435,0.39978743113466453,0.604013861,0.7921392676400716,-0.154749175,-0.517666644,-0.045858344,2
-0.471486674,-0.543646081,-0.480353768,0.010747229,0.5160509301303985,-0.689816929,-0.312352282,0.5307874416292413,-0.177194082,-0.063699127,0.032770186314255725,0.22764652530892449,0.17764754525757315,-0.071420551,0.11252411992682672,-0.0997801,-0.389526805,-0.279716945,-0.193171983,-0.182367294,-0.028632786,0.1872239534826668,-0.564102803,-0.414632198,-0.575214492,-0.424144255,-0.301440268,-0.283180462,-0.388901992,-0.284003278,-0.517249495,-0.551717885,-0.466041714,-0.38152021,-0.288972813,-0.445303077,-0.379836478,-0.315855901,-0.227187088,-0.142162037,-0.05634304,-0.007064428,0.095248086,0.18461708085814255,-0.106097298,0.003908157,0.1341562485496794,0.1506950056219793,0.13659279207039643,0.16683488048888048,0.224266837,0.39275097473087245,0.46735302,0.6727484338508913,0.9041028829459041,-0.227578027,-0.529380435,-0.482450308,2
-0.444408494,0.086313515,-0.100637578,0.9437759128679409,0.6329716609038961,0.3332395261295343,-0.174630962,-0.241118663,-0.00712522,0.044326273551977644,0.1135261547727058,0.2981512933820375,0.18703560612717865,-0.118964069,-0.121066023,-0.006297585,0.13584550877354104,0.29040073006899064,0.5504638590519193,0.1579635518088166,0.1492010461248258,0.139026957,-0.065961951,0.11967450667781365,-0.000821594,0.065700472,-0.157124911,-0.080632253,-0.094885385,-0.049698697,-0.123162981,-0.107984877,-0.00471797,0.001611952,0.091707756,0.18023833931704927,0.20936946457578384,0.2496620394154644,-0.26794698,-0.173427449,-0.269877588,-0.244877072,-0.196772467,-0.240263943,-0.273701751,-0.231940575,-0.143527516,-0.050460119,-0.249369061,-0.221622297,-0.138819959,-0.120791981,-0.013433616,0.12447037443562586,0.2105922342127914,-0.25214186,-0.501152297,-0.109289968,2
-0.446515694,-0.58986326,-0.545822077,-0.241123297,0.5669074636103589,-0.196492684,-0.084041918,0.4680619457554141,1.195461158041837,0.15710375093695778,0.3841071965395335,0.4069691865287437,0.2723522604054146,-0.16136477,0.016333626234705134,0.1579193575124365,-0.397066084,-0.631271788,-0.657299928,-0.564479886,-0.789675284,-0.775936757,-0.915009974,-0.705851654,-0.633500402,-0.459160338,-0.315535342,-0.323874966,-0.214929944,-0.200947857,-0.20282881,-0.218707791,-0.250534249,-0.267337569,-0.183084958,-0.152319296,-0.106403302,-0.130300031,-0.13327182,-0.278683724,-0.321018128,-0.23286321,-0.334866144,-0.336832037,-0.251037907,-0.165796898,-0.148649687,-0.312679252,-0.238441109,-0.259578898,-0.42502299,-0.370117224,-0.200231267,-0.490653431,-0.33402834,-0.207041194,-0.510597373,0.20217475425075093,2
-0.462523981,-0.320510786,-0.388698136,0.23023429427297779,0.559871389,0.16129440119606875,-0.074240987,0.31184220856335526,0.9118706660679016,0.30572903433367493,0.3384204535121768,0.2512340996475428,0.16484868211824294,0.16752982392781748,0.32494955208346515,0.4794989750939379,0.354336311,0.44730949791450075,0.7126734231701216,0.8863325277535967,0.9571850711597633,0.8894740046578302,-0.254016756,-0.227721805,-0.695340278,-0.555393038,-0.443374992,-0.316231838,-0.730040786,-0.638259879,-0.570357831,-0.486940759,-0.46854475,-0.406858914,-0.327949759,-0.321860795,-0.325380571,-0.231380527,-0.158282893,-0.285538851,-0.318256983,-0.356916773,-0.275670878,-0.261680522,-0.266220816,-0.165616107,-0.06013519,0.049706173299380055,0.1576184901248618,0.28541928810044226,-0.183529254,-0.202565539,-0.180154149,-0.151920105,-0.108893881,-0.273783166,-0.514069301,-0.066653775,2
-0.423078241,-0.648772219,-0.755320664,-0.865193868,0.5722582363551032,-0.718571142,-0.465781427,1.2405326688455152,2.2090505380061143,0.4374454158276512,-0.064412924,0.041390176317628584,0.060940281460562636,0.16240407617494754,0.063233578,-0.166352606,0.040240303,0.23941009803286983,0.18426153872148396,-0.078552551,-0.009392682,-0.325928349,-0.396605181,-0.232574314,-0.046890878,-0.364810143,-0.275676098,-0.299501187,-0.343339955,-0.274462723,-0.1564406,-0.08358514,-0.102832602,-0.173248255,-0.26335121,-0.220949992,-0.15336666,-0.397203489,-0.305346973,-0.254817609,-0.217576363,-0.111009745,-0.016897765,-0.040201989,-0.148478863,-0.155322659,-0.075355281,-0.163990898,-0.193558595,-0.214682595,-0.188841056,-0.075630286,0.065668662,0.093440086,-0.126301993,-0.140597298,-0.500834848,0.010093731096541977,2
-0.498533767,-0.581268382,-0.657118201,-0.388633195,0.5074386174856931,-0.67344257,-0.224822929,-0.556512173,-0.423623513,-0.447270431,-0.531614862,-0.488025302,-0.394518998,-0.351587487,-0.209296567,-0.111364619,-0.106513101,-0.224368145,0.023345514641923384,0.24672686365211716,0.36863676018720626,0.5561133980503825,0.6598802374569658,0.24017078399913858,-0.243901957,-0.232510075,-0.19722593,-0.072453983,0.049429105,0.10944137050895447,0.041735869,0.14235812800763106,0.11831724197060675,0.086024504,0.063374364,-0.18393866,-0.092114437,-0.206579962,-0.201792251,-0.16075769,-0.104884018,-0.131536322,-0.070383628,-0.021324252,0.010729446696524703,-0.046382565,0.068773027,0.18231688509020597,0.18408685814787565,0.24866551054830136,0.19087086091721625,0.16683226812676594,0.2097491087099208,0.4170015506917036,-1.122960637,-0.385043603,-0.527408144,-0.41706069,2
-0.522958857,-0.881301429,-0.833882634,-0.804981593,0.3942325066203987,0.45253620158956936,-0.64125767,0.27455804163176745,-0.219936446,-0.67470855,-0.691025577,-0.62233663,-0.492475637,-0.422664612,-0.323839445,-0.208196545,-0.34004841,-0.382753801,-0.335629849,-0.161938757,0.094499909,-0.553192248,-0.48910348,-0.285199304,-0.287550437,-0.191214014,-0.090142351,-0.254092812,-0.316391512,-0.205453286,-0.1087215,-0.008783095,0.013223248322702894,0.084715735,-0.135318328,-0.050444631,-0.007002029,-0.110837097,-0.118772982,-0.044065406,0.002110672,0.066098143,0.10624732342155571,0.081480784,0.10977601365765577,0.22795834670590437,-0.025329714,0.0392829,-0.175593587,-0.209233294,-0.16229932,-0.00616256,-0.106632351,-0.108834212,-0.287508009,-0.431498449,-0.541529973,-0.115123678,2
-0.491097958,0.081216504,-0.146465394,0.9836320234078367,0.5909143730381551,-0.480033269,-0.316930922,0.8642903770590659,0.047792078399310656,-0.010949912,-0.261473547,-0.181362775,-0.076014359,-0.130207633,-0.031015995,0.152363942,0.33487645943017674,0.6337399098562856,0.8504492806149904,0.1356198852233422,0.070466214,-0.27597856,-0.165965807,-0.464461809,-0.426806657,-0.251668094,-0.387642581,-0.294810489,-0.395067016,-0.311672344,-0.313856138,-0.249771824,-0.209476085,-0.319058299,-0.242277643,-0.165818755,-0.10943359,-0.054698225,-0.046095229,-0.093308128,-0.04517886,-0.045463606,0.033720111,-0.036303569,-0.362085796,-0.465269744,-0.353011334,-0.370376085,-0.260274383,-0.120705948,-0.105634027,-0.545023718,-0.360630718,-0.404161006,-0.209190669,-0.32182148,-0.531269741,-1.107607428,2
-0.435956817,-0.329934399,-0.257761519,0.4957364537306234,0.5760844899901839,0.2063233976900716,-0.317766687,-0.38971072,0.013565590438875303,-0.174859686,-0.04013663,-0.258747733,-0.625292637,-0.497745866,-0.453396666,-0.344386812,-0.234674947,-0.578716895,-0.470002551,-0.589397585,-0.649025906,-0.392575461,-0.368682881,-0.258687813,-0.622684736,-0.541173073,-0.591977188,-0.488838636,-0.380986209,-0.406889629,-0.389486254,-0.326640759,-0.261988868,-0.205931465,-0.135722434,-0.107788766,-0.029619526,-0.073743232,0.018883304676332528,0.066787393,0.14799785525200726,0.12727610483877744,0.15848135222794685,0.20192305979577513,0.251778877,0.32434323846800606,0.012749090030137541,0.040190491015057166,0.15506148393866526,0.16607006664589555,0.059452695,0.004120897,0.14056111545072256,0.35739601028319784,-0.228358458,-0.175601241,-0.506782608,0.3506524604149667,2
-0.438189538,-0.826904546,-0.670211863,-0.597587844,0.4356778275707384,-0.68600209,-0.091647995,-0.191730189,-0.334047493,-0.295522831,-0.164076714,-0.042755817,-0.517372173,-0.360134943,-0.211602183,-0.179837387,-0.058517221,0.099342611,0.36100183858752793,0.5223569140490322,0.6969488964647944,0.4308213483626576,0.1841830488264479,0.2841593758540515,0.43499522187599887,0.24608746784087332,0.2773016769966493,0.23203544483439353,0.29948802188092527,0.39234005490374807,0.4524689043557462,0.4187468647708025,0.33618276751699394,0.2031587198415069,0.2751486716348642,0.27897175931449114,0.19881665956917835,0.065746095,0.070396264,-0.049951076,-0.000196009,0.11479374920983754,0.21278843292540453,0.28659126001731144,0.3355599273042411,0.35402075228579805,0.37689301846884726,0.5139763479863958,0.5191833220001004,0.5426422535150043,0.7293284028123554,0.8809877414741871,0.8245928936677759,-0.060612171,-0.084163333,-0.179859179,-0.507699385,-0.368955344,2
-0.488627813,-0.482853721,-0.558915738,-0.150002031,0.4868794468973874,0.44002616775946585,-0.435513797,0.583191881,-0.047877743,-0.379530811,-0.349530251,-0.439794518,-0.327770438,-0.458808184,-0.308792517,-0.145680464,-0.068687505,0.15162040335648383,0.060850909,0.15651922126380116,0.07222332,0.1678074545416622,-0.163036062,-0.147259341,-0.004100761,0.011231496,-0.222802867,-0.080044317,-0.078538347,-0.052954956,-0.028771773,-0.241427043,-0.27564732,-0.23097357,-0.25967924,-0.282668554,-0.237979819,-0.286720351,-0.257604321,-0.165459815,-0.095294064,0.000795975,0.074884046,0.13661550687900714,-0.146346405,-0.040993795,0.074166049,-0.089622695,-0.065127309,0.044528627,0.22096936907601886,-0.601866901,-0.546142707,-0.376911954,-0.881566904,-0.380951846,-0.519517269,-0.35084942,2
-0.433742496,-0.66141326,-0.624384047,-0.487933261,0.5434159044011889,-0.146102406,0.071064388,0.50812094,0.5407686980613109,0.6180315228578585,-0.104334591,0.063931585,0.027339549126002394,0.041072360443997515,0.084898359,0.14316267385955372,0.22913024118327782,0.47407654405656036,0.009201974,0.16667269470679555,0.43772116306665176,0.6095152434290397,0.7479844824062075,0.004004175,0.054960678,-0.131141492,-0.031056174,0.028137168446228655,0.1648650720714114,-0.252098367,-0.214332154,-0.123057391,-0.153980642,-0.084126001,0.020419222078869086,0.032470060829168014,0.13844683228213447,0.046617226,0.14999848429578574,0.2534699056770057,0.2990068712066238,0.34500157511423135,0.433520639,0.43668820256257534,0.5168053255898003,0.6598442262471798,0.43498877626810256,0.25962498557235403,0.3426311639471403,0.45459149322704473,0.10562218258252513,-0.48585555,-0.857797477,-0.98860194,-1.101754942,-0.14372349,-0.509872943,-0.262685647,2
-0.465785619,-0.620602054,-0.067903424,1.1068774129245276,0.3735230128080874,0.5278887877299978,-0.374130978,-0.476708568,-0.221487782,-0.35608032,-0.293760559,-0.130428966,0.031085497,0.20439841115336152,0.33194444674572643,-0.292599415,-0.21179308,-0.169276068,0.035630942,0.22569068447237062,-0.013641977,0.159033171,0.22488128221680395,0.372547517,0.5142001060233107,0.039937127,0.000553761,0.012881591773049095,0.13931264045115824,-0.446508029,-0.362007456,-0.30983302,-0.268607469,-0.276975297,-0.267105085,-0.23477024,-0.196327354,-0.159090533,-0.151688092,-0.194761166,-0.142160228,-0.044302662,0.059663474175258094,0.10584844932685311,0.2092074667086373,0.2903084350917838,0.43413454798841594,0.087115109,0.19161338412583687,0.35239988190620375,0.5227786968492744,0.6223566010527779,0.23665101076647785,-0.44305164,-0.364892117,-0.29945029,-0.512907547,0.42933435456789953,2
-0.469114602,-0.677799652,-0.689852356,-0.563126893,0.5301710061828926,-0.003170526,0.003447622,0.31897866981274925,1.0832408323994738,0.880364988,0.2855071934035518,0.014466311979938078,-0.142710855,-0.12473561,-0.477748087,-0.615688623,-0.57969838,-0.486817338,-0.544066884,-0.665747128,-0.4443312,-0.364182141,-0.264340739,-0.218279253,-0.274190207,-0.375333217,-0.274155785,-0.253329116,-0.127829341,-0.054897514,-0.027364641,0.064058091,0.12444323852328841,-0.028183464,0.008279856,-0.069083324,0.007128711,0.067530788,-0.004876659,-0.06220256,-0.177243591,-0.129467893,-0.24402637,-0.137965421,-0.070912468,-0.019042621,-0.174269847,-0.184243946,-0.209839834,-0.301387525,-0.178503896,-0.351156293,-0.371875888,-0.592130411,-0.43792584,-0.263917666,-0.521408058,-0.316508222,2
-0.496576983,-0.785242357,-0.702946017,-0.519842126,0.411215024,-0.088167899,-0.040144223,-0.482213316,-0.14129432,0.11555116611724334,0.3490977880725076,0.24276635151187614,0.41814554104428786,0.10498268614353916,-0.156683935,0.018276612255045028,0.1362723451447342,-0.181536273,-0.047290569,0.055775810300392935,-0.027895996,-0.130193339,-0.069902423,-0.752962059,-0.745446135,-0.738940896,-0.827679405,-0.839905006,-0.862793469,-0.824911259,-0.74161159,-0.730012675,-0.640994754,-0.568836496,-0.507519291,-0.517376567,-0.426577122,-0.461133065,-0.550998663,-0.46664621,-0.380794252,-0.601670183,-0.729545378,-0.706245454,-0.732424213,-0.741765929,-0.725195192,-0.745482736,-0.779063508,-0.699183705,-1.137525957,-0.96291432,-0.990793385,-1.150108444,-1.108410989,-0.409953989,-0.521807055,-0.382461627,2
-0.417968294,-0.011656213,0.10886100959435087,1.4074918991383176,0.5546895345102215,-1.436442542,-0.188816178,2.101546152955042,1.4946076208770742,0.7647912445891388,0.7307959956187279,0.9312461323297244,0.6731681906646778,0.6614617081881053,0.3160350059828154,0.40963049757790027,0.2711234776698051,0.398292431,0.1741226730889177,0.3434603300514517,0.3405668051385051,0.22110271633604806,0.47141424310644237,0.3169948042965519,-0.462628635,-0.511508785,-0.408957577,-0.512669177,-0.408897678,-0.616861098,-0.522895529,-0.461730511,-0.41002926,-0.36287279,-0.349471426,-0.291991897,-0.195613592,-0.143630922,-0.083647334,-0.017705549,-0.065405235,0.014890468271784727,0.12189810486936381,0.1307543355331969,0.1612084174341506,0.22745173058090598,0.28813642791111466,0.058251447931930316,-0.109775044,0.042091723317292724,-0.380874186,-0.357992504,-0.580822501,-0.477647857,-0.350359164,-0.154888476,-0.494462077,-0.685504721,2
-0.451789705,-1.030900865,-0.72258651,-0.699939392,0.39751600625074784,-0.478490734,0.25792582490778165,2.4525554333224657,0.3062071230126972,0.189536436,-0.061983826,-0.152703904,-0.063236058,0.034260215,0.1795189408186627,0.38268136320350976,0.6437200660030942,0.6698473208592353,0.9518045311339448,0.25846188058275144,0.5106144930147303,0.7418244009153444,0.078351773,0.1379782975187166,0.07335267,-0.549440136,-0.786129987,-0.738972475,-0.724179453,-0.611169297,-0.64841939,-0.612184506,-0.532930699,-0.458505072,-0.365921222,-0.414626066,-0.342412815,-0.257862147,-0.186278168,-0.185685196,-0.132493297,-0.111527084,-0.279439178,-0.323738149,-0.24468015,-0.216022877,-0.344730109,-0.42096355,-0.441093596,-0.881728712,-0.995216985,-0.842888818,-0.923010534,-1.050445073,-0.883457034,-0.241810245,-0.509507832,0.2649796980491795,2
-0.44929638,-0.83739004,-0.689852356,-0.61906348,0.4505731616257073,-0.537834863,-0.139040876,-0.473375236,-0.090463316,0.1752407957283976,0.30250817736777896,0.46106157224821126,0.3841414443623015,0.5676130903496118,0.3071653574408006,0.5140275287523801,0.2137605811023944,0.24728673189545128,0.2705404444952458,0.5292705901831154,0.22323528339208185,0.087704728,0.22987336429300395,0.4377637570543078,-0.084806794,-0.059609625,-0.125100262,-0.033411822,0.03752742,-0.028076817,-0.053225831,-0.071849569,-0.093046651,-0.13428523,-0.107785015,-0.0120524,-0.080742524,-0.019409794,0.083987153,0.1801127087406581,0.16504830919502106,0.27015574824572597,0.20329991739907818,0.24100764310258174,0.10654423704518914,0.18655795317506207,0.28486970262231637,0.4406156851488122,0.5854909705669449,0.700562963,0.8631261279159878,0.7370634729603872,0.9159560371013191,1.0899094806055327,0.8049858377413218,-0.197241139,-0.514490339,0.2915748816099517,2
-0.460923889,-0.855576204,-0.611290385,-0.374663348,0.4841212068904667,0.044078493,-0.199343851,1.9936784680720516,0.44483493357821274,0.741819625,0.4333048746024262,-0.089810278,-0.190221295,-0.01805157,0.09340769,-0.032882646,0.13356993941348488,0.2342934863534936,0.400582743,0.6802289617073332,0.9169160086557384,0.9062046039476281,0.15154370671200762,0.3054415316799323,-0.070957154,-0.179558815,-0.040791633,-0.389918124,-0.357639078,-0.251085854,-0.264201915,-0.251205843,-0.156385659,-0.082264163,0.015027346465383314,0.040586143,0.081421262,0.16314408294982993,0.16524410201943826,0.073396436,0.086182537,0.1790123759698336,0.22677116024193109,0.16707264351367004,0.008327753,-0.16825465,-0.064943652,-0.005975761,0.005803327,-0.16375439,-0.050543499,-0.096653608,0.068314518,0.23458941022998342,0.1531516641544287,-0.334276609,-0.502763727,0.22893134602774898,2
-0.515153488,-0.67703123,-0.87971045,-0.953270897,0.476217019,-0.681213773,-0.092442934,0.7610672754572985,-0.134528258,-0.137577666,-0.140593187,-0.447183083,-0.312175696,-0.166088945,-0.020763269,-0.051585362,0.097489208,-0.284534152,-0.110446799,-0.176991646,0.052545034,-0.440078988,-0.292793129,-0.198952411,-0.176883102,-0.395176425,-0.261503141,-0.266210949,-0.169611961,-0.267404652,-0.236769519,-0.195827265,-0.190643611,-0.158867831,-0.189013772,-0.155351306,-0.083575575,-0.086051202,-0.000880269,0.09004592,-0.028854992,-0.145486085,-0.035733532,0.068388878,0.14323954297175795,0.22909024326107894,0.3116374146554291,-0.245245254,-0.228988472,-0.096474728,-0.234939553,-0.375382102,-0.413527843,-0.284308167,-0.272018428,-0.393732106,-0.540919345,-0.518346164,2
-0.464749547,-0.544291003,-0.447619614,0.078285623,0.6149058678362679,-0.669388128,-0.331450689,0.9536865061646226,0.9834998487866016,0.22029727033332022,-0.226003043,-0.216077953,-0.288594018,-0.270781195,-0.285366002,-0.173772603,0.006593419,0.19120249907330839,0.4385005196229716,0.12025022242022487,0.006409367,-0.052342709,0.16057710293525806,0.22999725252370604,-0.100088925,0.019664879626511964,0.12647851809840527,-0.244456112,-0.24651523,-0.143026385,-0.1945866,-0.161328722,-0.166663475,-0.077493989,0.007664092,0.021651015595252555,0.040682594,0.1350293719967289,0.2292016057076808,0.2974422422769094,0.244352628,0.3167236113695958,0.1915584610875106,0.2847574188399737,0.3822677257518268,0.4067050345222143,0.49645959977798215,0.5731970444506409,0.5268673601495756,0.39983685,0.5384683468950555,0.5670859355695755,0.7232106808826222,0.7659597402545519,0.2219307875868206,-0.203482925,-0.527165587,-0.228508987,2
-0.480285783,-0.410697702,-0.513087922,-0.050834313,0.567415474,0.4267040448256858,-0.501740056,0.3811480178596132,0.47569006013249726,0.32100270134727094,-0.147083195,-0.078293787,-0.295623794,-0.1660886,-0.000728084,-0.122745396,-0.3023126,-0.127183752,-0.699684371,-0.580745457,-0.470958708,-0.213610426,-0.001369057,0.2176265607828489,0.3745275251909776,0.009672322,0.16121464844835864,0.15632022387649944,-0.159659392,-0.136955749,-0.228870466,-0.311945513,-0.279568462,-0.433005532,-0.349880979,-0.276779492,-0.200229499,-0.134128833,-0.294946407,-0.312485516,-0.217524068,-0.15677991,-0.104010112,-0.033879958,-0.042247161,0.06241769,0.060867105,-0.117363005,0.004869262,-0.040736413,0.09620921,0.22468832884869178,0.3367405996665197,-0.38938954,-0.643261163,-0.348677071,-0.516784708,0.13122319397928175,2
-0.495529787,-0.676641552,-0.624384047,-0.307967787,0.47062918524388514,0.094806211,-0.027504865,-0.090167853,-0.054967836,-0.270580121,-0.127972368,-0.13750345,0.056967317158162785,0.18297277556022065,0.17287709867286713,0.1005097870797015,0.10409553245795636,0.32327733128616215,0.5868263884351324,0.365017606,0.5251885040454641,0.43494800719017984,0.667252949,0.698330134,0.1733568034042861,0.1726962140768481,-0.104753311,0.020479106014721853,-0.152394479,-0.034553777,0.034930266,0.086997338,0.14061176533496242,0.078508042,0.047445053,0.11099688301036768,0.10700196482432067,0.2148021438518358,0.2792326052585501,0.16280881005367923,0.27138734704745304,0.2959291693227315,0.3538987634062291,0.46645894951354516,0.5584029078343222,0.23565576192410567,0.23603530055772207,-0.10580036,-0.013436245,-0.069274959,0.057147869092283476,0.19007782942862017,0.22422021011648727,-0.080948956,-0.473626097,-0.330978365,-0.533550848,0.2348810847102573,2
-0.518555409,-0.666654542,-0.558915738,-0.057464951,0.5081592820080403,0.40653378429492876,-0.210630551,0.025539816070849514,-0.357858643,-0.341957889,-0.293067638,-0.388400729,-0.630853213,-0.522451219,-0.427155437,-0.65745797,-0.618910078,-0.69868485,-0.515467282,-0.422793021,-0.399387382,-0.3333286,-0.145320201,-0.04809126,0.083465024,-0.245634586,-0.084608644,-0.39077599,-0.295559797,-0.296814166,-0.329354195,-0.299112342,-0.46703086,-0.430944954,-0.359865123,-0.503275621,-0.453825922,-0.386259025,-0.307805881,-0.249792734,-0.192879539,-0.188543548,-0.27026411,-0.188796715,-0.251215907,-0.252273906,-0.175365386,-0.116349186,-0.573209923,-0.565701782,-0.394982753,-0.539589856,-0.834086302,-0.942137571,-0.968923006,-0.45816002,-0.533553209,-0.029042417,2
-0.431478717,-0.483027437,-0.290495673,0.394071241,0.5260740178216715,0.10774710369671202,0.2524324101699355,-0.07687305,0.28540240294963853,-0.159428107,-0.170237858,-0.295898277,-0.272478157,-0.193365841,-0.293625194,-0.229234877,-0.194722018,-0.152389019,0.062324614,0.186199382,-0.110868056,-0.026606921,-0.612789881,-0.748842443,-0.753137631,-0.581423807,-0.493204766,-0.389767579,-0.292673899,-0.277407676,-0.328104683,-0.344013707,-0.265154834,-0.169116621,-0.210804645,-0.344719687,-0.252771108,-0.179863343,-0.26441591,-0.313348881,-0.226530173,-0.144256831,-0.056104638,0.007437697,-0.253210393,-0.415626946,-0.304608931,-0.215871015,-0.135295192,-0.020362916,-0.081962155,-0.113946591,-0.21703286,-0.873637706,-1.161077535,-0.234268162,-0.493148885,-0.152216233,2
-0.432373664,-0.999963218,-0.788054818,-0.92747805,0.4167606514742722,0.12271637036082773,-0.283569121,-0.227068093,-0.183983141,0.014329242602236999,0.11646505043427276,-0.223180063,-0.181624002,-0.169457203,-0.026466589,0.10377470899286756,0.3247396198061064,0.3382890723395495,0.21163994865269992,0.3672181444700012,0.030219860857112327,0.12170968319104962,0.14263882954769305,0.28960009293145694,0.15563186472954413,-0.184328986,-0.080995496,-0.243968126,-0.518038321,-0.463617213,-0.369724325,-0.469586239,-0.409721486,-0.40581777,-0.31759122,-0.240420537,-0.153475864,-0.057313263,0.000680507,-0.084557983,-0.009556214,-0.081231482,-0.235274999,-0.159965242,-0.255231761,-0.16020414,-0.092590418,-0.081337614,0.006575716,-0.144456461,-0.385501274,-0.316674868,-0.192404445,-0.112873635,-0.330787571,-0.172125601,-0.504167826,-0.309992215,2
-0.431690285,-0.279784527,-0.499994261,-0.162738761,0.6589631427344413,-1.308414458,-0.165639641,-0.376958618,-0.105901142,-0.156521669,-0.236480995,-0.034736217,0.010101821641656164,0.13797959014967687,0.29576752188824845,0.5012085098533846,0.8026532415718648,1.0171059630881636,1.1378450800840612,0.9924234659183894,1.2000482462252584,-0.02372573,0.225338247,0.12837962868440514,-0.310695953,-0.210066479,-0.06220491,0.068738011,0.18278605351137076,0.29747816526407084,0.36521260954938084,0.4751102715914147,0.19367466312849593,-0.310052382,-0.265456254,-0.209587693,-0.232365013,-0.215596249,-0.225274743,-0.276928714,-0.266038686,-0.312404923,-0.222101915,-0.18835188,-0.13626919,-0.120111145,-0.120667108,-0.41176075,-0.457843714,-0.612192851,-0.60584481,-0.465410634,-0.464544918,-0.580803548,-0.520541036,-0.175114238,-0.50271866,-0.710032368,2
-0.436333893,-0.769634691,-0.657118201,-0.567856859,0.4831669984945596,0.4918019928493898,-0.492153514,0.7574527494979036,-0.034699331,-0.464593053,-0.410172765,-0.376719518,-0.313610981,-0.228161177,-0.141514585,-0.054321617,0.090866657,0.097659192,-0.022142763,0.033735732,0.038119495,-0.031549335,0.09585854,0.2605038430742173,0.35928290210833336,0.3694162789238775,-0.218323536,-0.241660591,-0.116901256,-0.06643318,0.037473295,0.012407590568534127,0.041841197,0.051005911465519777,-0.016727173,0.052656520129965724,0.11583697185539428,0.15050672542765717,0.24988153864474777,0.36658704309173956,0.23717232031663216,0.10908631204848435,0.19721245767383408,0.22849598588831477,0.18400719593923368,0.1341188780558045,0.10349567031366075,0.033193328,-0.260555929,-0.107071417,-0.232225348,-0.137478891,-0.02915614,0.11127009433020807,-0.442978106,-0.250988446,-0.49450772,0.28794583376520105,2
-0.402073863,-0.689641803,-0.434525952,-0.077620125,0.5195760173795598,0.11990044082729583,0.20700676502875567,0.7545152684072473,0.7511979379014859,0.45088675965264025,0.4931305586243324,0.3921663196749787,-0.03914351,-0.130700349,-0.286893815,-0.196166645,-0.062276901,-0.077278223,-0.246913875,-0.288735344,-0.190536487,-0.025251516,0.15733096407757213,0.23135250029183332,-0.020005533,0.075801224,0.20062239272430346,0.21078327849114828,0.2564890529540412,0.3751143369241643,0.3772507700989075,0.25398907189462255,0.35344730305162697,0.20418830779451405,0.2141201190548878,0.2443268993398671,0.10912556226855379,0.15578587114825695,0.018793784,0.080122869,-0.132681948,-0.15800923,-0.17490985,-0.29885534,-0.304534254,-0.278106127,-0.412677041,-0.28608687,-0.159068998,-0.107801901,-0.140855668,-0.160742944,0.027058117,0.20249516477665244,0.3336626005274318,-0.127566391,-0.484515139,-0.401083899,2
-0.412347873,-0.46064409,-0.211933703,0.5405206641203615,0.585399912,-0.21288226,0.21803769038598741,0.3536491947733898,-0.422435419,-0.370316228,-0.250763565,-0.258602419,-0.093781299,-0.10158512,-0.011683151,-0.05517275,-0.059258349,0.18544179594660742,0.076852214,0.1447057841561592,0.4150108356730738,0.5938024072740842,0.6741851063036454,-0.362444893,-0.275654196,-0.143926284,-0.261160662,-0.165877623,-0.056767011,0.052955133457043724,0.15471140650566215,0.082819697,0.11138308204754005,0.098580702,0.12569180380464556,0.12407172951366092,0.17252947223391726,0.27972136339683784,0.28923639254972805,0.3328493152660558,0.3508747446885651,0.47404619719346386,0.5316043732504299,0.5318426779213189,0.4632279739088788,0.45998390827548075,0.4888998128333588,0.5760706305259936,0.3738800272048243,0.4198886624131057,0.17489717741578267,0.3333843304111019,0.23493962428110352,0.34079615987032164,0.27395492107647057,-0.081383304,-0.501469577,-0.441319417,2
-0.453251258,-0.432663824,-0.11373124,0.9393463246695523,0.5269371759148552,0.017294772,-0.503266789,0.938380811,0.18290706738544657,0.5024199107842364,0.084990063,0.29104092162663814,0.38523802208066915,0.29833089966983634,0.43300232113888854,0.5989961652360177,-0.124878462,-0.129056288,0.10113601413675496,0.30175072490483434,0.4836439381588874,0.5552548639011669,0.5298940351771789,0.37808712757102236,0.5732971208496715,0.6947975561479044,0.8472420453515603,0.5652465,0.6378656858668905,0.1880236098483061,0.2262238778835934,-0.11250847,-0.037233486,-0.158195054,-0.123598578,-0.123036575,-0.107682629,-0.08980585,-0.193568139,-0.15452104,-0.086079722,-0.055548926,-0.120658425,-0.213920828,-0.143509661,-0.24882366,-0.199697957,-0.105844776,-0.008155814,0.090541804,0.25359818661134803,0.1913994563799523,0.2996011943542103,0.46105390954002384,0.1267398017349464,-0.308607268,-0.499981656,-0.316207235,2
-0.465456677,-0.867283366,-0.179199548,0.8052112576255551,0.49189559372272534,-0.131890952,-0.572997905,-0.323493807,0.13729327147181639,-0.284761207,-0.218764581,-0.500518395,-0.353033694,-0.345348779,-0.610675678,-0.617884881,-0.584698842,-0.4112234,-0.205586703,0.030331667,-0.148161924,-0.08743384,0.13420499839306194,0.3590788282795582,0.24555284522361745,0.23111257353810052,0.023972813,0.15318986811149107,0.26503238088110126,0.3570951212247425,0.10572071332459741,0.071250766,-0.036927512,-0.048052449,-0.291724141,-0.246876594,-0.18675234,-0.159783476,-0.075353809,-0.13917026,-0.105423447,-0.047482458,0.03648009,-0.021940793,0.089235531,0.012986162930676648,0.099904965,0.13386170424986252,0.2890342683013666,0.39322970911400357,0.38563656396576196,0.5141213517520193,0.6151444777008469,0.20220533784474293,0.4021320731217017,-0.189352152,-0.530527006,-0.312130317,2
-0.413463317,-0.135584319,-0.303589335,0.30212211703258945,0.6948973971420652,0.020803134871569078,0.007713786,0.27276619830943544,0.4153063866580373,-0.019532458,0.2060144464994284,0.41049551361754993,-0.134430313,-0.046907092,-0.376893306,-0.254774131,-0.075843395,0.080997836,0.2819564387823685,0.5160181946197577,0.4833141033545922,0.7020223735930625,0.3212674981428108,0.45629761524688234,0.1523656992601611,0.3389775517668901,0.5074492152039999,0.1704791222870481,0.23455899836312244,0.2608494939640573,0.10324152711303686,0.2166596846312538,0.083328355,0.065703656,0.15422205116965995,0.13298881907237095,0.12476507384750814,-0.17406354,-0.182349891,-0.087557038,-0.001625737,0.10243414403161953,0.21342045318973635,0.22399777520082037,0.21502401816204508,0.26242364279679326,0.39083926339691827,0.11678837344373205,0.11179125924364887,0.20299159308417541,0.025748982737330863,0.1223888277702211,0.1699443645423143,0.3512143260443571,-0.084694456,-0.146857163,-0.491579312,-0.472077341,2
-0.549611436,-1.35650026,-1.056474884,-1.352960451,0.2382276764353574,0.22333273829631126,-0.404009664,0.081774654,0.10615066627883107,-0.250640926,-0.294535661,-0.194627347,-0.174756021,-0.079235552,-0.492686914,-0.378929222,-0.549132798,-0.4030665,-0.215171155,-0.407691816,-0.178613621,0.014149861,0.066977145,-0.288363629,-0.516854116,-0.372222922,-0.756235875,-0.690268555,-0.623850559,-0.552663132,-0.494309833,-0.401209023,-0.362887034,-0.275905252,-0.179161193,-0.157945268,-0.311542728,-0.230461973,-0.189330319,-0.13357814,-0.284709736,-0.335404696,-0.273110504,-0.352476803,-0.269441205,-0.178164663,-0.129351316,-0.465708329,-0.402086184,-0.270293451,-0.141421211,-0.572874172,-0.860648038,-1.021896655,-0.870550563,-0.551162697,-0.54529273,-0.236091986,2
-0.45589575,-0.773212151,-0.591649893,-0.336494121,0.43023683,0.12784126377634616,0.098671571,2.285803441459774,0.876481904,0.6207832438962838,0.069124769,-0.136422771,-0.240754838,-0.084639391,0.054822158,0.15981763935636642,0.31179490289940787,0.074121143,0.056352154756840536,-0.159886657,0.055833946,-0.136230527,-0.173978725,-0.172638777,-0.248949452,-0.255130562,-0.141008909,7.484211662699291e-05,-0.198040296,-0.336489672,-0.322398027,-0.37626927,-0.366465909,-0.328255876,-0.229785227,-0.212753234,-0.160905849,-0.228842307,-0.152849374,-0.19900653,-0.202770518,-0.152403063,-0.173844008,-0.088060603,-0.017232534,0.08486902,0.1411788168961997,0.21881482069116623,0.3716279655446328,0.5482782980899883,0.683723205,0.7903484694050253,0.6001064418205172,0.064594394,-0.162657377,-0.233749759,-0.514879246,-0.361089126,2
-0.443059956,0.049353736,-0.015528777,1.1666924674598125,0.6937197072003198,0.31317906938746715,-0.160517925,0.016730427,-0.205480795,0.012151218943363256,0.1250335600037624,-0.077312651,-0.348924933,-0.27087885,-0.266120213,-0.16315807,-0.017089366,0.0389817,-0.038177882,-0.225845476,-0.194738488,0.033052792,-0.109345622,0.037351495,0.044914917,0.055219720644365346,-0.013361467,-0.103315362,0.001838232,-0.005281275,0.10691461375171367,0.1279979521306478,0.17959875578371087,0.21768742259677004,0.2405821378089595,0.16010884240107887,0.051940199,0.11258013643841044,0.1394808716554481,0.076832249,0.1530100122134514,0.26231367078105156,0.3322819494579308,0.29700386829945175,0.3562240842509859,0.33973989404111965,0.4457730456046518,0.4903230559211958,0.3144569724434355,0.295267884,0.4710814400026069,0.2642516333238351,0.25712671294165335,-0.229306565,-1.068078204,-0.223172994,-0.505152274,0.4334756048615394,2
-0.510858695,-0.602362361,-0.467260106,0.17092756099998627,0.49887686115620344,0.28968971460107323,-0.057861251,0.6158604950606134,0.5123724133756062,0.46944156660915837,-0.607351787,-0.469793025,-0.365112303,-0.286362729,-0.208579377,-0.031511613,0.17972378694470914,-0.280007296,-0.226714022,-0.573789934,-0.493710665,-0.793759917,-1.007863877,-1.175232189,-1.081222402,-0.974222092,-0.825667639,-0.700140108,-0.739267815,-0.633984518,-0.525566586,-0.455250123,-0.376021418,-0.28842471,-0.236633533,-0.151213306,-0.266825266,-0.183682802,-0.161634718,-0.33844057,-0.394863289,-0.305482397,-0.254981899,-0.278318928,-0.17843317,-0.707682421,-0.749250885,-0.677473547,-0.760187568,-1.199830353,-1.214482022,-1.286716821,-1.36806677,-1.465649576,-1.300324027,-0.422283106,-0.53225804,-0.0489744,2
-0.473819512,-0.794908647,-0.591649893,-0.283601706,0.4682034914047376,0.5583592043336979,-0.14824663,-0.300175431,0.056883857,0.31967311572747587,0.5994108392654979,0.1749192078324485,0.15889430535946372,0.29585171040874597,-0.153667869,-0.064806457,-0.078597613,0.14352517686636138,-0.106204632,-0.158365944,0.025628143712527206,-0.208766782,-0.017539183,-0.74798601,-0.601161474,-0.475869216,-0.399378035,-0.331558138,-0.287941718,-0.190427065,-0.135341984,-0.180130531,-0.164448345,-0.129639427,-0.094891162,-0.061591076,0.041340442,0.023303027046233965,0.11065201736666455,0.1284973850576683,0.1256105262879494,0.18899278384863702,0.26888728451119676,0.26806475,0.3481755448870227,0.45356946530372966,-0.032401417,-0.424876389,-0.490733274,-0.435423519,-0.266254624,-0.142524241,-1.004985247,-0.949387455,-0.887425183,-0.330481418,-0.514410981,0.726010722,2
-0.551391107,-0.738110989,-0.72258651,-0.412041188,0.5460943492318302,0.038019054355696975,-0.237571496,-0.065313591,0.37581456686412246,0.5825547225664395,-0.260941399,-0.168805901,-0.025789329,-0.380364321,-0.284139199,-0.148274979,-0.430668754,-0.252503434,-0.277138566,-0.025755333,0.19584192153752103,0.3899594257374496,0.5493086232223685,0.28199182176021537,0.4712410127820418,0.4869149919112021,0.607181752,-0.055609404,-0.3407889,-0.471033069,-0.426210837,-0.319577902,-0.284584527,-0.20801323,-0.142812389,-0.246223576,-0.273097426,-0.204577477,-0.198688596,-0.136659572,-0.074028084,0.001616225,0.088323515,-0.055495642,-0.369308345,-0.321217187,-0.387053431,-0.374194729,-0.289967591,-0.26772062,-0.157067659,0.023192236763434435,-0.043085207,-0.224049692,-0.370620413,-0.50689283,-0.553900992,0.17802661288344673,2
-0.454287991,-0.519904952,-0.657118201,-0.517109332,0.5518740401644678,0.32935311103957543,-0.397700023,0.4414986922463621,0.8352498429006859,0.24345281988444073,0.4966846855515873,0.5884321790665207,-0.1888363,-0.152928432,-0.015833627,0.014749041,-0.208907932,0.017236308,0.22581949382275227,0.4592225300401736,0.550036432,0.1937488055102332,0.4046754570352459,0.12408404974561858,0.060775778,-0.246371697,-0.290242019,-0.172838884,-0.041111131,-0.267557442,-0.270550629,-0.318648224,-0.246896579,-0.192484596,-0.113714306,-0.053905478,-0.017329326,-0.036673643,0.006648962,0.10490695033650631,0.20793739582892976,0.099053203,0.12104070919685449,0.20492176784911206,0.25753505924454645,0.099055047,0.14458379878517863,0.25530889454728467,0.097111509,0.24708458209166226,0.29774534579041495,0.10370577415155179,-0.088763875,-0.373560731,-0.289665225,-0.264748734,-0.508347991,0.48781906912104905,2
-0.479970191,-1.150507998,-0.814242142,-0.870046209,0.3566391609391996,-0.736936318,-0.225598895,0.13471628336681074,0.6651920145249745,0.4311407254626592,0.711292818,0.4060290357338176,-0.198756188,-0.217528738,-0.1655776,-0.002329263,-0.257571967,-0.459020437,-0.365454259,-0.280930599,-0.13808037,0.1252312389281149,0.23547234086673438,0.3893135865870169,-0.362792989,-0.501526737,-0.455600192,-0.461941673,-0.340646028,-0.242928285,-0.222330461,-0.142149693,-0.120038834,-0.108290991,-0.035589577,0.044788654,0.073274618,0.1548406862979613,0.198492403,0.26170788271505196,0.2535548553715208,0.2938858214399327,0.2614790619489734,0.2773644050398678,0.35407617498038163,0.19830492849507042,0.16326468617396175,0.034834598,0.18706615517907055,0.2941315635986491,0.41592386351250316,0.35302564301410444,-0.046775348,0.1231932957496148,-0.199784255,-0.292552319,-0.526200394,-0.593984768,2
-0.474265527,-0.666404039,-0.689852356,-0.548430867,0.5182741234474361,0.031568618912738204,-0.138301814,-0.372645501,-0.253944006,-0.302046068,-0.188529209,-0.129084885,-0.131455189,-0.248195589,-0.149003892,0.012192643160676806,0.22266352781037826,0.4301945876329425,0.4282277066401717,0.044053235,0.011858540626013419,0.24755903015820374,0.4552587019282021,0.6525809759618332,0.2821265088335687,-0.164770652,-0.149121741,-0.114846524,-0.273576601,-0.265202398,-0.237419096,-0.178486572,-0.244184717,-0.176446321,-0.117719243,-0.018603265,0.074817762,-0.290931671,-0.272146279,-0.39096904,-0.316890273,-0.31246431,-0.216626666,-0.315476571,-0.251385832,-0.144329469,-0.139821376,-0.011166458,-0.93361349,-0.865979673,-0.722234085,-0.980996715,-0.82120432,-0.972630698,-0.849453257,-0.38220836,-0.506239949,-0.011773938,2
-0.484657693,-0.846515763,-0.899350943,-1.088953776,0.5578551611588205,0.11239506736732534,0.10307265544553527,-0.328562208,-0.169741219,0.093465709,-0.141477296,-0.066854656,0.1321808991452657,0.12232609804418762,-0.171579982,-0.02130452,0.2121926353608842,0.4069791717073552,0.6334481540583702,0.4534887293385632,0.5327557471791531,0.6502240110568243,0.8713827263784218,0.9972228085075711,1.1155533816213943,0.5674422428839709,-0.168706134,-0.031200632,0.086563579,-0.054443981,-0.010265623,0.054798957,-0.043499081,-0.104896769,-0.403575314,-0.357879495,-0.352068002,-0.263457323,-0.194358289,-0.100894463,-0.483342387,-0.441223491,-0.42551752,-0.419328721,-0.349361732,-0.331723495,-0.40783797,-0.395277487,-0.336145203,-0.24447754,-0.154059286,-0.706626551,-0.531339146,-0.350159945,-0.2335694,-0.346990706,-0.521518623,-0.570358051,2
-0.488116136,-1.097512695,-0.788054818,-0.776352453,0.32037058645799465,0.3484210315048412,-0.429392107,0.4598484112958142,0.39665623437918285,-0.166564762,-0.194283982,-0.031953512,0.000303672,-0.246878211,-0.19853418,-0.278737017,-0.128812077,-0.319599058,-0.217406866,-0.135147826,0.1240912500481157,-0.132652787,0.04183055,-0.142648244,0.016921520241722894,-0.002174962,-0.085888407,-0.011932339,-0.280229614,-0.174614084,-0.198994518,-0.108336393,-0.098192684,-0.126012512,-0.033562263,0.056796681,0.12754764077953262,0.12193075507111831,-0.256851038,-0.20552153,-0.271980835,-0.198965197,-0.413060011,-0.408860561,-0.324129428,-0.209096514,-0.196148625,-0.518622965,-0.671997176,-0.53922067,-0.402088538,-0.506242011,-0.406971357,-0.254026136,-0.097128331,-0.382167146,-0.519027733,-0.036686589,2
-0.484395496,-0.292993126,-0.323229827,0.47870368811715824,0.5905065582123309,0.23324277140455885,-0.302050785,-0.291519045,0.11608895633976397,-0.145981566,-0.08370078,0.026889424,-0.214685362,-0.347198343,-0.308671329,-0.548156444,-0.534713079,-0.41699282,-0.463258989,-0.210668906,-0.055616504,-0.260592597,-0.018317637,0.087783755,-0.129167853,0.053890426,-0.135685451,-0.096539969,0.040501622,0.14651160663033808,-0.055252366,-0.171602477,-0.198399427,-0.11488262,-0.017323504,0.073750658,-0.092949132,-0.194539569,-0.19056225,-0.395709341,-0.335966913,-0.270757517,-0.16577409,-0.152596172,-0.15526101,-0.119936445,-0.016628311,0.064395597,0.15943309767767572,0.24538740533194958,0.011364171212064872,-0.021514093,-0.603558994,-0.527754854,-1.037649074,-0.327512629,-0.524296234,0.005361591,2
-0.458825529,-0.541280018,-0.480353768,-0.028270666,0.5331337041252154,0.36450036981358697,-0.122407935,0.4027959627688925,0.5147757353851271,0.432137676,-0.06963107,-0.038300338,0.1609708796439263,0.004641068,0.055665279341865215,0.022925881,0.24828350781921105,0.3415354724851946,-0.071569488,-0.000927722,-0.13277071,-0.095220408,-0.512433846,-0.355426901,-0.196643729,-0.122273077,-0.048251379,0.032960254,-0.069285593,-0.03503037,0.065933234,-0.335856872,-0.306015379,-0.21637294,-0.379734575,-0.362666369,-0.31904205,-0.375518561,-0.318034982,-0.250460486,-0.233873347,-0.246851486,-0.167215822,-0.172007016,-0.220112696,-0.097921425,0.002799776,-0.156827237,-0.283866835,-0.140761718,-0.300536508,-0.942524951,-0.84817547,-1.019287688,-0.941671876,-0.29872384,-0.506413085,0.37974649586572745,2
-0.446811353,0.3290454598425703,0.095767348,1.478143402513382,0.7293657019159219,-0.507734922,0.013820914632321614,0.15183342070797687,0.069242189,-0.461991152,-0.292479819,-0.219166537,-0.192632713,-0.226409357,-0.267611853,-0.515343194,-0.363685522,-0.152974198,0.031240930452912194,0.018236421687749367,0.2357936857575419,0.29228801273305405,0.43783504887321034,0.4012813241505873,-0.206273997,-0.210421045,-0.100384179,0.034562404,0.1099624194650368,0.22337153067534654,0.2426548308013037,0.32231488145523074,0.3635259407085465,0.30862667347749145,0.15516887007766877,0.026615990023620893,0.088073922,0.057223228841066114,-0.035635228,0.02285314,0.028899303485350754,-0.118787118,-0.091778384,-0.00321206,0.044753282,-0.124967533,-0.025755181,0.093826019,0.19034905745988442,0.3547845110997807,0.45654014724395986,0.3087110509983968,0.3997947154065095,-0.246547811,-0.186391886,-0.218172085,-0.508866612,0.8694527909576358,2
-0.488259426,-0.885675619,-0.526181584,-0.061864857,0.45049520152438616,0.21908247048261717,-0.517209641,0.21048280278685147,-0.161000892,-0.145699928,0.038785330794233366,0.16662021191778506,0.30307127124350225,-0.004022976,0.12832903125643907,0.21742027985601917,0.27088664077618946,-0.088128609,-0.049341202,0.1375956987112713,0.4055954440127314,0.010826488856198918,-0.0216187,-0.307695639,-0.122115434,-0.014083582,-0.344778909,-0.222979922,-0.103701288,-0.266633137,-0.337509868,-0.356383372,-0.327064568,-0.321622611,-0.43180362,-0.395394249,-0.362989933,-0.303534753,-0.250954687,-0.271181693,-0.308401632,-0.211152374,-0.128695657,-0.071032725,0.018958121,-0.110431486,-0.42827444,-0.727897044,-0.645852075,-0.543010312,-0.626141927,-0.704389576,-0.522789497,-0.42539007,-0.287124053,-0.338876564,-0.526043972,0.5921840761891496,2
-0.480938045,-0.41658662,-0.689852356,-0.529295419,0.5821030465137716,0.092387373,0.090659228,0.13711616729934314,0.6221345405077401,-0.085806799,0.15064438823057286,-0.114051422,-0.353130382,-0.279642706,-0.361738789,-0.340621911,-0.611879221,-0.434755229,-0.376278105,-0.188685708,0.050526214,0.23678485101407176,-0.274864728,-0.06152302,-0.006554755,-0.493583844,-0.410501917,-0.346307277,-0.219510726,-0.463741823,-0.421669805,-0.36085977,-0.307876725,-0.222708934,-0.194094371,-0.204939399,-0.222024606,-0.330601648,-0.298808566,-0.282590068,-0.195821259,-0.267493847,-0.261731392,-0.242909079,-0.12873378,-0.031402052,0.080264642,0.19040778125615562,0.28024030588255894,0.14422604374681672,-0.298437335,-0.22147281,-0.25775163,-0.468785444,-0.288817422,-0.352957601,-0.517284864,-0.199998396,2
-0.459546008,-0.661696368,-0.526181584,-0.14947875,0.5481312518555963,0.396508113,-0.585428222,0.03596214,0.4594322913664901,-0.249307867,-0.350367597,-0.263485383,-0.26550745,-0.08771763,-0.086861859,-0.007140326,-0.122135517,-0.041959249,0.078668802,-0.57427112,-0.356517636,-0.417548508,-0.203304465,-0.057906095,-0.182062055,-0.346224607,-0.229370764,-0.281450496,-0.273768369,-0.309513871,-0.211639342,-0.160363131,-0.130642936,-0.256525277,-0.472203116,-0.410739099,-0.340989754,-0.33329108,-0.322323117,-0.261301979,-0.41499572,-0.444648861,-0.448812585,-0.466516095,-0.362059005,-0.257533889,-0.203543807,-0.078928253,-0.046601675,-0.023402453,0.037905038,0.22584947546332473,0.2544386909625702,-0.092468159,-0.064137539,-0.236248693,-0.517413857,0.5080148103460245,2
-0.461518366,-0.587096741,-0.702946017,-0.619972358,0.4933319680650186,-0.186548833,-0.100278207,1.837211863256456,0.2480186395024896,0.10372021739696995,0.083486961,0.2606497978438762,0.12955954604220973,0.288830405,0.30726849387108696,0.4026588697144269,0.6288223708763414,0.4767462692065508,0.5364521829512003,0.675111625,0.8453932597482592,0.18881682509063083,0.1131763206338551,0.24535082559066787,0.070913544,-0.075326912,-0.116527117,-0.365547335,-0.314417927,-0.312354961,-0.280625843,-0.171039613,-0.207033767,-0.194845524,-0.153078423,-0.132668727,-0.148934228,-0.062474503,0.00502356,0.10087040577127196,0.065673471,0.16927820241021813,-0.013266799,-0.036338909,0.070107833,0.150354598,0.26209235847287454,-0.299931633,-0.203210677,-0.055143231,0.10149219636602402,0.020699704,0.18448367240558394,-0.121203117,-0.467204412,-0.254052779,-0.516274955,-0.168916667,2
-0.45297048,-0.29170236,-0.644024539,-0.485697797,0.6998899938387186,0.2869766607870277,-0.498035169,-0.42725952,-0.060303854,0.13230658284727814,0.026896543,0.20305046074044167,0.4237434140255312,0.3562554831512339,0.17457400955986457,0.3482088234540558,0.3687497987325085,0.1536948750288092,0.070997605,0.3423798362828465,0.3179445406044135,0.2514969449630208,-0.147442293,-0.132955794,-0.234555683,-0.30260153,-0.289865209,-0.226291248,-0.418670055,-0.315361444,-0.20722776,-0.136780981,-0.051852797,-0.092916403,0.001034382,-0.065261915,-0.089760442,-0.009881692,0.080324565,0.13853288799233307,0.2419262750515624,0.28882158506354205,0.20926466502771235,0.2270482198898346,-0.005452472,0.069260698,0.15074627700397503,0.014882717701060496,-0.102002402,-0.004412538,-0.078899896,-0.493703786,-0.965385553,-0.774130815,-0.710396782,-0.223168316,-0.51393838,-0.280617442,2
-0.437213777,-0.648206981,-0.467260106,-0.058970521,0.508936069,-0.377840548,-0.241199685,-0.155638668,-0.407835813,-0.374186269,-0.587231928,-0.537917671,-0.414321082,-0.314650361,-0.21285875,-0.385661206,-0.248178741,-0.097085095,0.14773860853230514,-0.070573193,0.012833413295564377,0.13861341929390575,0.2804426786133917,-0.138819063,-0.089096692,-0.171876293,-0.343526378,-0.224733364,-0.094030721,-0.001166838,0.098072736,-0.03718869,0.020539199420365025,0.12019833823374355,0.11874700982976624,0.15537049748452691,0.22135974978994777,0.17487042298492517,0.24822982913916428,0.1811670523922603,0.16257597243984803,0.2580226902179801,0.32945867250905236,0.2883072236117202,0.3764253309792468,0.5112183817581966,0.512981855,0.6765274419238132,0.5901099565327741,0.5602953218748867,0.3560695480584576,0.5068583944614823,0.6426276404146107,0.8392424486891371,0.43216778646666837,-0.143303302,-0.513016021,-0.108210594,2
-0.465897671,-0.555769546,-0.670211863,-0.519233485,0.49049142494602604,0.26080975901353926,-0.238445471,-0.194207691,0.1265960138122218,-0.468857895,-0.74923587,-0.618583854,-0.601755145,-0.496265151,-0.367093524,-0.369984921,-0.379825915,-0.204845503,-0.07616565,0.067196926,0.31457500413273065,0.12169042491606083,0.080151237,0.031923196,-0.002549818,0.03683478,0.053338736,0.1746107794192925,0.076195268,0.094358369,0.072689971,0.14195232854810189,0.038576189,-0.011688513,0.03630226,0.11422746474619233,0.21659063045364238,0.27556500834854125,0.29885736819338105,0.3140976414480097,0.4004493192072741,0.33358840442556986,0.12955142698963062,0.084066714,0.2040407246508062,0.317233494,0.22495639993740224,0.20019900730713872,0.3210867678796264,0.44839355492880534,-0.134399451,-0.315000962,-0.113615059,-0.113897709,0.015675739758118718,-0.312449697,-0.510303968,0.11765751451771668,2
-0.473533924,-0.751423258,-0.545822077,-0.160284286,0.5309186157226006,0.5389200068640274,-0.251100386,0.17047292817044285,0.6978315130235518,-0.161469155,-0.292132165,-0.164059388,-0.184805298,-0.129631949,0.005846844,0.053479902228855035,-0.228194736,-0.102839418,-0.084864524,-0.14649444,-0.313487307,-0.133651067,-0.369316648,-0.710080367,-0.614097342,-0.629960977,-0.593119574,-0.700650933,-0.651818384,-0.627218357,-0.608272058,-0.520119227,-0.461562865,-0.404685604,-0.373183761,-0.286168802,-0.493013201,-0.440677908,-0.375429755,-0.3702503,-0.433573537,-0.360311474,-0.337001974,-0.263310042,-0.209900427,-0.281218612,-0.234750265,-0.322513474,-0.369417721,-0.696981874,-0.980878103,-1.154451982,-1.073647143,-0.91375164,-0.858346563,-0.375818415,-0.507171682,0.3518115084761722,2
-0.479315795,-0.490743558,-0.159559056,0.9064434429214834,0.5591909428085837,0.039468556052185216,-0.485897272,0.49454229970714325,-0.612489538,-0.4369057,-0.248792159,-0.386402918,-0.244060154,-0.247240326,-0.083919466,0.035063751,0.19828276759604455,-0.026669224,-0.447655934,-0.214135991,-0.014769321,-0.138922217,-0.166486842,-0.307294777,-0.18888055,-0.066566416,-0.026261595,-0.13716905,-0.161519912,-0.181187121,-0.088054646,-0.036513652,-0.083707279,-0.323077692,-0.287975688,-0.212530681,-0.206482951,-0.146966008,-0.154765537,-0.267725728,-0.249230773,-0.157546068,-0.166143186,-0.250787851,-0.274353936,-0.193517219,-0.087750904,-0.24234464,-0.261779178,-0.482126403,-0.387095425,-0.287716308,-0.548647536,-0.716470597,-0.737178485,-0.318899783,-0.52139861,0.524804734,2
-0.428988159,-0.71887567,-0.257761519,0.47309431622906023,0.5193622005618488,0.29484231903398583,-0.047380047,0.20133685081358735,0.13672443452702018,0.4350904399120722,0.5261493202365043,-0.190982011,-0.126426042,0.033492929320356295,0.1233391419284665,0.1687500827755378,0.3050376959147873,0.26240290881317574,0.20797307928677614,0.38209466856197555,0.19375656222121135,0.43632569113713154,0.6906413424898685,0.5141230748145269,0.2910838390018303,0.17978773016460978,0.064416183,-0.042164578,-0.092007609,-0.316836003,-0.199236608,-0.102366088,-0.154979788,-0.119619375,-0.171092989,-0.16358769,-0.132829918,-0.118970253,-0.079676076,-0.138338609,-0.09103928,-0.005359844,0.086903161,0.2040388801444719,0.12310590617339828,0.19982785678826534,0.2909013484652983,0.3268103834832185,0.4093385222468932,0.12412648937614994,0.083887496,0.2547948201101317,0.4281108433576477,0.035686344,0.20683520830224666,-0.173639332,-0.500582365,-0.400418608,2
-0.457471098,-0.56000875,-0.323229827,0.39034587385724906,0.5226258202134432,-0.279692795,-0.266863473,0.3355509891484249,-0.674454763,-0.651163771,-0.461486714,-0.430488245,-0.324487518,-0.283638865,-0.2994481,-0.206878311,-0.129357311,-0.014475939,0.088586133,0.24533503921603145,0.3440983926734776,0.37792093333383014,-0.120389583,-0.230220204,-0.217638603,-0.074333584,-0.009174006,-0.051734873,-0.005067955,0.10525280608165943,0.22611974802317633,0.13724879246351326,0.24001881376979609,0.1554841283212659,0.237469258,0.3383889012591829,0.4310426157045407,0.5208316399247626,0.6112796861683687,0.7022073463095596,0.6237378671631222,0.5879215433338176,0.5933144105858328,0.6610634103040666,0.6820578164189606,0.6542016221835191,0.4663269872697173,0.5755127234014729,0.2277081888674066,0.35446862045059124,0.13609679834650903,0.30762784187363845,0.49946464856390027,0.24421162018284007,0.22734315861390778,-0.199283772,-0.521862626,0.21731765399474706,2
-0.471092131,-0.658970796,-0.644024539,-0.433457493,0.41719339273500805,-1.228651405,-0.455044,-0.000639354,0.11039772619468169,-0.002153833,-0.263452676,-0.132726167,-0.365266637,-0.302458448,-0.315470245,-0.375026303,-0.251397668,-0.14450944,-0.207298461,-0.374461887,-0.338391036,-0.307762326,-0.361612624,-0.629793882,-0.541794792,-0.392597597,-0.246077333,-0.200640655,-0.272100048,-0.202158516,-0.091258507,0.022617063,0.008308111,0.10321611685906429,0.071018003,0.064029563,0.15854309838181138,0.24821082216681994,0.15052657487383161,-0.132150831,-0.106687741,-0.259302597,-0.170171085,-0.139193492,-0.086533558,-0.393604968,-0.274777986,-0.217133108,-0.072797125,0.049170337,0.14270764743634162,-0.17190431,0.006016723,-0.079518495,-0.03906865,-0.265666863,-0.522352148,0.096349345,2
-0.486397287,-0.76686377,-0.27085518,0.6280577318820497,0.36892826,0.14804803615118264,0.019600225,-0.455357535,-0.318928711,-0.320673444,-0.235615608,-0.138924387,-0.226001859,-0.182265507,-0.371750396,-0.278701641,-0.161127153,-0.130033196,-0.329487335,-0.087145448,0.1484613197436314,0.14023686518577697,-0.037552316,0.13720800496589422,0.15865984115844053,0.24542165951021655,-0.320866829,-0.38592885,-0.358741348,-0.372301427,-0.309940908,-0.295339488,-0.212296182,-0.372854648,-0.276261086,-0.509466457,-0.445476954,-0.500478104,-0.468572075,-0.469891637,-0.419709582,-0.47933215,-0.393472813,-0.321355207,-0.244171783,-0.157455031,-0.468925475,-0.646746761,-0.528732401,-0.398885862,-0.555475394,-0.372086823,-1.1540559,-1.118188174,-0.987490392,-0.330817935,-0.525730169,-0.216778899,2
-0.44064922,-0.412165061,-0.513087922,-0.170986914,0.5137891084854103,-0.536781242,-0.380477869,0.5305696583463986,0.946150987,0.366201868,0.5496054660197822,-0.324552255,-0.189560585,-0.135674096,0.023584375840333707,-0.30457991,-0.113272671,0.11894189237579539,0.3061678351629656,-0.212608298,0.040103759,0.2266813356665691,0.38479312566931123,0.3665336253826686,0.42058049939444747,-0.10679395,0.052925048,-0.024398125,-0.178899179,-0.463069226,-0.383140526,-0.329456889,-0.309955276,-0.306041665,-0.340284514,-0.297621918,-0.201460327,-0.102911775,-0.005303896,0.030143508350748575,0.099076224,0.21171250009903106,0.31141059697338297,0.4443953442874105,0.46573305542096777,0.48747907951103187,0.5897644910299888,0.6533619039694945,0.6870837214205591,0.46299354509581103,0.3644428127303649,0.5513709770484683,0.5602383473774383,0.002395048,-0.367849628,-0.180813587,-0.510198916,0.014893108373540713,2
-0.460014542,-0.478595711,-0.401791798,0.18699012485176889,0.5665932987767861,0.013783913,-0.010864807,-0.092059858,-0.047598286,-0.080992297,-0.252304832,-0.11655109,-0.049602283,0.1034058688798809,-0.081831705,-0.048456414,-0.046284004,0.094694733,0.1376483499019905,0.008286215,-0.02454459,0.18728990827870057,0.2993494697660372,0.18517262263325376,0.3634636822859505,-0.017836323,0.033628514,0.11193348051891391,0.1939276287277491,0.22458226796595607,0.060801159453347006,0.012555937427363202,0.038295918540936516,0.068534274,0.033549218808908876,0.004105776,-0.046531488,0.015194222912645978,0.019598871433564213,0.1053359572392346,0.21072477130141162,0.1648272216682448,0.23322290164143802,0.24345634776403371,0.3025975790162621,0.24125538021584794,0.3118873243851437,-1.024291593,-0.968147644,-0.982316616,-0.858193148,-0.955757463,-1.183216819,-1.09532847,-1.0131704,-0.22564464,-0.519533836,-0.216980582,2
-0.485754466,-1.209826912,-0.977912913,-1.300053261,0.2279941668150564,0.2908765667836047,-0.22850182,-0.404668945,-0.415251006,-0.687727053,-0.549093256,-0.408849484,-0.297279826,-0.437120983,-0.490233256,-0.336517824,-0.322297039,-0.404109347,-0.306494886,-0.408037093,-0.396969415,-0.326607639,-0.405323971,-0.293018247,-0.344411049,-0.238149,-0.104719321,-0.311394686,-0.359033408,-0.376312455,-0.327917947,-0.252065578,-0.316662778,-0.247553681,-0.366951788,-0.274044693,-0.50882682,-0.480221171,-0.552870562,-0.506939358,-0.423761374,-0.358297134,-0.263240881,-0.260742933,-0.449862088,-0.463839164,-0.507925364,-0.465213351,-0.330228205,-0.255686633,-0.082546126,0.008953105,0.092916542,0.12974489043561582,-0.273699012,-0.330200276,-0.525076936,0.8474606888176801,2
-0.483441532,-0.302509852,-0.401791798,0.26176082240372783,0.6712823068033446,0.1392886947595571,-0.111270541,0.771557084,0.8894876566301996,0.13423826348099954,-0.03286395,-0.194853643,-0.040040626,-0.260818469,-0.11168051,-0.338303714,-0.247913591,-0.421125123,-0.282098018,-0.112690878,-0.131793312,-0.681446819,-0.711431264,-0.517441842,-0.521387403,-0.376266489,-0.239433483,-0.102866117,-0.064279391,-0.032155246,0.059700940994051946,-0.023075521,0.073465383,0.12376613462278634,0.20666317601808468,0.27032795591360265,0.23305806828346548,-0.080185937,0.008247493,0.075780837,0.1562745403663876,0.15531354045161513,0.19348949021480208,0.2272389434483683,0.18436324439899296,0.2662535362882954,0.27870910786972275,0.42743846750174086,0.1270479973086969,0.2836764223225513,0.4210589109367398,0.38334200507665056,0.5131443046337937,0.17971472098033633,0.091323059,-0.31291922,-0.526098927,0.3056309058640061,2
-0.465012767,-0.745382181,-0.447619614,0.07910665,0.4638638755489014,0.44017890643403557,-0.337519717,0.8025536899188584,0.7888783464391196,-0.321413311,-0.19752214,-0.10994267,-0.034232943,0.008633742,0.081220615,0.049620177607693765,0.2983775750163084,0.4327503207193742,0.4752818375322618,0.3445509516597669,0.6126097173474309,0.7875212098095646,0.6966419196870497,-0.333088693,-0.172431232,-0.012732452,0.086655588,0.029677495,-0.193791672,-0.13060909,-0.045848047,3.8369055573567664e-05,-0.024139713,-0.004243342,-0.103137053,-0.127747991,-0.101111394,-0.0783085,-0.109184658,-0.030218727,-0.009713398,0.081462613,0.19546431433597222,0.3149149203183201,0.41216013663799494,0.542763543,-0.085502285,-0.039725215,0.098384734,0.10984010689539081,0.11693267746232418,0.25250749577163895,0.21307911605234856,0.36994898968166495,0.5422290750021407,-0.363579385,-0.501329955,0.7119260996538751,2
-0.443540245,-0.754368594,-0.467260106,-0.03979104,0.4549605200151483,0.081706931,-0.175555254,-0.283492222,-0.36318649,-0.263246129,-0.05944038,-0.251551523,-0.16814645,-0.293926333,-0.22811262,-0.082464006,0.097414439,-0.096659878,-0.121764879,-0.166406194,-0.434403825,-0.174460244,-0.289677392,-0.462882703,-0.422618929,-0.344875282,-0.395144652,-0.434564415,-0.305186821,-0.351210422,-0.244327348,-0.21245632,-0.138995408,-0.153436968,-0.212920283,-0.183146083,-0.289668177,-0.248468747,-0.195460866,-0.123120757,-0.082370599,-0.074941198,-0.045904249,-0.064832017,-0.00081308,0.076755915,0.11300221340747275,0.22845492621521094,0.37418313489045896,0.024281364,-0.00967064,-0.134191532,-0.198920255,-0.030414633,-0.475031359,-0.180673449,-0.512376487,0.56157264,2
-0.445821191,-0.498633202,-0.067903424,1.036306527703048,0.43291472461516556,0.3047923223535242,0.043757350152566314,-0.072806239,0.12929584676217803,0.35280881436402084,0.35446284829089547,0.23806796742996583,-0.1385746,-0.151015307,-0.298863523,-0.14772722,-0.070277538,-0.430129383,-0.199590775,0.047236435,0.10711774985308727,0.1951509063476259,0.26554019032061416,0.4821677621805306,0.5608452507173838,0.7362730495105156,0.35370243626057263,0.079681591,-0.070407923,-0.209577931,-0.349294109,-0.279879309,-0.353349149,-0.318262711,-0.232833502,-0.158815593,-0.090153027,-0.054298762,0.003112821,0.071087343,0.1733219396721416,0.088771798,0.069646471,0.07574589,0.11462334912894487,0.22558269172699597,0.33124365564636665,0.095729702,-0.214547054,-0.118946238,-0.124475647,-0.033711209,-0.013464373,-1.051999422,-0.870497175,-0.294598266,-0.495770212,-0.614378694,2
-0.453342355,-0.748092739,-0.670211863,-0.554969571,0.4851901686406877,0.3502704280055005,-0.108391714,0.9143062409232776,1.1031529096076276,-0.154194129,-0.167259905,-0.03120294,0.1274251619567607,0.094390391,0.048397909508437705,0.096351101,0.17132408837841118,0.35127327026031196,0.5006089165114412,0.31033711496584415,-0.006854318,-0.773821249,-1.156273981,-0.998909986,-0.919738787,-0.768041408,-0.648046997,-0.514328221,-0.532611939,-0.441520487,-0.501033244,-0.406415465,-0.322925404,-0.322514693,-0.263575101,-0.305074201,-0.315311452,-0.280347119,-0.268939928,-0.280809842,-0.216030755,-0.174139125,-0.067223742,-0.058074064,0.056012019,0.080363765,-0.044036625,-0.043154582,0.085081436,0.24820933884087432,0.1336548207985799,-0.350854041,-0.657925038,-0.59789038,-0.837551612,-0.288892386,-0.503629591,0.23111668861638127,2
-0.482454736,-0.92206972,-0.388698136,0.29419471,0.4129633002698445,0.3058331951684155,-0.561100281,-0.566260967,-0.266601127,-0.164294081,-0.098750743,-0.001130052,0.17293874285623528,0.12981698101644812,0.19332307498783588,0.2537233986619302,-0.261495063,-0.311450179,-0.529097486,-0.284303724,-0.117858129,-0.028730552,0.14913452851006692,-0.059864405,0.048815584,0.18528120056721312,0.000855905,0.0718004,-0.129564995,-0.198651357,-0.093560091,-0.103758808,-0.010638738,0.075038555,0.13934973458237393,0.089249197,0.1442970478883997,-0.044397626,0.025925398740053576,0.086292267,0.061653274,0.1160697711097887,0.024538905,0.054556988611821476,-0.038473111,-0.056462688,-0.020842068,-0.245689916,-0.154339291,-0.028536799,0.096706764,-0.336536601,-0.137112693,-0.50598284,-0.629870485,-0.305162859,-0.526449276,0.1514496769403361,2
-0.436910541,-0.638202257,-0.644024539,-0.531318211,0.5487374077002776,-0.003543171,-0.297403006,0.098312024,-0.111622887,0.072486329,0.266944057,0.44817789490622295,0.22864498175633755,0.3829306746960857,0.11826668471061737,0.016297169870391516,0.16709983852957608,0.13634466867982056,0.14563945307710427,0.287221325,0.2898464587736267,-0.03121252,0.093643132,0.2168934910339181,0.080917519,0.24933499651881103,0.23764797602193913,0.37948754,0.48948259391382093,0.4431770127938129,0.18514104053756156,-0.013497106,-0.105440055,-0.074948811,-0.002647864,0.063915955,0.13014120083079256,0.15202758099974661,0.19270849114492256,0.30684344596968693,0.3241104841784885,0.1903728,0.3060616993600926,0.1076233287139477,0.2221678839523365,0.19755493799435997,0.28773953,0.3631175036941301,0.5032689453261537,0.3527906681944807,0.13433283796916493,-0.36694717,-0.409592411,-0.270056422,-0.386187329,-0.173558224,-0.507803112,0.48241086445216375,2
-0.431799782,-0.983623139,-0.591649893,-0.40632619,0.4036720710581924,-0.128648251,-0.228563593,-0.193222182,-0.156123123,-0.317448226,-0.736206163,-0.660246213,-0.721400102,-0.640324564,-0.556446462,-0.451711973,-0.289172951,-0.154216034,0.050925938,0.3213751520204221,0.4634448082925612,-0.501086128,-0.307094848,-0.427956797,-0.621392358,-0.526787191,-0.419266739,-0.326611125,-0.236403484,-0.413148738,-0.37989506,-0.298048689,-0.300483207,-0.237264556,-0.233167609,-0.139060113,-0.080986851,-0.037177359,-0.034645235,-0.045184491,-0.010696144,-0.138167632,-0.047209918,-0.138594838,-0.017310829,0.004084397,0.037300769,-0.272073857,-0.275253638,-0.187589726,-0.142804995,-0.083384567,0.024034278,0.2177948168128967,-0.471009241,-0.169625872,-0.503698657,-0.131327336,2
-0.456202022,-0.415913983,-0.735680172,-0.722919979,0.6844267346674517,-0.372774191,0.1537132413932382,0.39943718743411016,0.20207429927261952,0.5078637986506582,0.062991806,0.20737739801599095,-0.240271832,-0.25027344,-0.489510354,-0.415711047,-0.696510304,-0.650785949,-0.446155084,-0.405008006,-0.314531457,-0.188028606,-0.108301089,0.10987830102111837,-0.027774492,-0.064431872,0.058935472,0.12692410162996692,0.19701291037561636,0.2401158334886846,0.07758347,0.015219271117345608,-0.029926204,-0.137477892,-0.158257441,-0.070846226,0.002948576,0.10646698814469902,0.088042219,0.06370565,0.1254234819312671,0.1464017057834905,0.23250190058391243,0.31794069970249955,0.10112547137805669,-0.019262375,-0.01708216,0.055689449,-0.115149174,-0.194384389,-0.105176533,-0.284395488,-0.084542516,-0.326282621,-0.326141198,-0.265457036,-0.510086111,-0.510403402,2
-0.474255155,-0.248814292,-0.591649893,-0.282305823,0.6322862604054154,0.288671433,-0.269201606,-0.391224064,-0.452170484,-0.398280348,-0.352587894,-0.294436835,-0.263327846,-0.255986796,-0.371038858,-0.267816801,-0.198490327,-0.397883911,-0.370056217,-0.602441483,-0.457684057,-0.563075212,-0.373367786,-0.502423029,-0.733418474,-0.618385361,-0.562032949,-0.670157768,-0.572268132,-0.517432029,-0.430829044,-0.33683024,-0.255270509,-0.179922115,-0.122663736,-0.101945909,-0.122930901,-0.311815871,-0.26247614,-0.222083686,-0.140139665,-0.178146664,-0.13303875,-0.068582311,0.050989534679145444,-0.197404179,-0.125773952,0.005712526,-0.161035723,-0.257105616,-0.112622559,-0.275202828,-0.308156466,-0.294295809,-0.199361415,-0.336017788,-0.514258757,-0.212819477,2
-0.424542018,-0.431235445,-0.578556231,-0.392342178,0.5847757720274419,-0.320341043,0.14336743733422738,0.6060974414907031,-0.110222018,-0.036290345,-0.17184435,0.010140206826821544,0.10306024902976137,0.13588854874788153,-0.081602845,-0.151374946,-0.002794516,-0.232734412,-0.101792643,-0.095292691,-0.018602469,0.089742928,0.050740225,0.098536153,-0.327041158,-0.287145095,-0.249684592,-0.122402328,-0.204960115,-0.32997025,-0.45080268,-0.391434581,-0.355509214,-0.270942462,-0.234759318,-0.187867264,-0.143667056,-0.088598342,-0.084480353,-0.097413026,-0.166261104,-0.115390084,-0.013088157,0.10098493666444483,-0.105254788,-0.043459494,0.010578675,0.026808669490874938,0.054538823,0.21443140136099237,0.20265709616970054,0.3439929027364044,0.4663210860008534,0.39607082022797824,-0.541496087,-0.152959714,-0.50024746,0.1310092145739759,2
-0.424859024,-0.926906238,-0.87971045,-1.190496175,0.4327707018151894,0.10070739572951784,-0.321239072,0.5236983110918114,1.1535926369460474,0.29874976580198487,0.4565833665736452,0.44752341605853313,-0.459186566,-0.623244301,-0.555577744,-0.766001886,-0.81009668,-0.663207484,-0.684480552,-0.508340655,-0.418960857,-0.481884981,-0.310455419,-0.100539682,-0.737702124,-0.59150963,-0.45412606,-0.399333844,-0.498578459,-0.407807824,-0.367601809,-0.265391785,-0.208380887,-0.20092819,-0.23947108,-0.160887968,-0.065047706,-0.07615764,-0.01200675,0.078638249,0.19117878939239305,0.24759821927199455,0.3341027427310166,0.45397064490463096,0.524231758,0.6519998456976723,0.7498183555133104,0.077403806,0.23688467432988325,0.37588645200478094,0.4550583622164095,0.4679092907968703,0.6532409815781269,0.6192281037183759,-0.798707917,-0.154074142,-0.500306474,0.032386115130288454,2
-0.449896298,-0.115398629,-0.211933703,0.6643398914151881,0.6335670815600551,0.4300204136965278,0.4354946200280974,2.226104961452006,1.4990920427994125,0.9504281156854516,0.35539865997116044,0.4634064902513899,0.41193832348847037,0.47168292972474096,0.47192691733496345,0.5475369780904414,0.4232159025899725,0.3724948196061025,0.5707520178845729,0.5407665411871275,0.15159196801835034,0.366467408,0.5146168187165157,-0.154727406,-0.049294281,-0.072811875,-0.171542818,-0.188310358,-0.223777206,-0.224089135,-0.461273786,-0.599276293,-0.505374476,-0.527642575,-0.438567582,-0.442197355,-0.374292983,-0.300611729,-0.291173907,-0.31556981,-0.219522699,-0.183925486,-0.130443886,-0.147342412,-0.127515721,-0.012858176,0.091312162,0.085265128,0.012539007901816307,-0.202844969,-0.10865982,-0.187623825,-1.121306092,-1.216619831,-1.034742962,-0.317360182,-0.49588523,0.8304343077707848,2
-0.453453776,-0.686358424,-0.513087922,-0.13262012,0.29932405054424016,0.099327219,-0.427076395,-0.222695392,-0.186361762,0.051409907,-0.179008323,0.011043337709287598,0.19860280191690657,-0.348450753,-0.389129993,-0.223834159,-0.113385668,0.004430214,0.007380978,0.056098052,0.22465493115651536,0.38986942728952123,0.49855434138462573,0.5018535104953453,0.5077076866968308,0.42612652195040046,0.46858850475063524,0.35886523535189063,0.31177891310182376,0.40183795074950646,0.022592852722923433,0.12545660281573776,0.14732968890608697,0.11811417893413413,0.20970863065247033,0.22280596375852527,0.21154283105181496,0.298110619,0.28683915606348237,0.3649633431913755,0.41063676846787844,0.5102935603811459,0.4658041548135104,0.4436366393691433,0.3677958843155669,0.11708865668348048,0.10597709200489401,0.1806266352873175,0.11758655695322837,-0.295524107,-0.313885802,-0.298661182,-0.228151818,-0.083957176,-0.039095104,-0.18120941,-0.520974395,0.3396283610362226,2
-0.461582073,-0.565309323,-0.323229827,0.40370388995720685,0.6122871852802385,0.3487312304194132,-0.435354489,-0.037256613,-0.062541679,0.2534424111515586,0.5117069917881507,0.4657965125024566,0.33130274927606096,0.1450423983402882,-0.150308607,0.033897184,-0.25482642,-0.252213465,-0.374365892,-0.238970965,-0.183869403,0.00146278,-0.301157907,-0.272558611,-0.297474765,-0.467954508,-0.571566361,-0.61166682,-0.518753702,-0.463598465,-0.420787276,-0.355180001,-0.307173617,-0.248557354,-0.317716482,-0.223188731,-0.142276384,-0.216662808,-0.118952295,-0.030523717,0.073371755,-0.04334712,-0.22420172,-0.222931965,-0.473592632,-0.424523731,-0.359362249,-0.35863519,-0.607302323,-1.008213102,-0.959447542,-0.80502641,-0.699044532,-0.646353634,-0.632077053,-0.231017255,-0.520225756,1.1883784759730607,2
-0.464107929,-0.545369599,-0.644024539,-0.453688244,0.5813182767060685,0.17573623285601767,-0.475924813,0.5777005247954846,0.49691253257904683,0.5181244703249216,0.7816665758644197,-0.009665905,0.1500184015412809,-0.088813126,-0.033297831,0.084650639,0.33237365374070044,0.5771672412310744,0.6559556183963386,0.80118995,0.9203581057941143,1.0170245374764058,1.105048117,1.209230946910485,0.16037367590461027,0.31040156358892923,0.21614171749920158,0.29110514358856615,0.29270280871816257,0.31727413,0.3179818109143178,0.073257959,0.1330503570273433,0.15275459537924208,0.2520523119883036,0.35572723863135997,0.4256803608619112,0.53648843,0.5723821921870245,0.2959374647140906,0.21405647617686138,0.026501688,-0.110084808,-0.064997616,-0.081719508,0.030571461610051653,0.12911285468227154,0.19337257230213253,0.2663918024264121,0.34453285536999045,0.4340069540740358,0.5053065261810388,0.3061997482758827,0.2068652373749101,0.14709798718198885,-0.241557764,-0.52023039,0.047468264691210814,2
-0.451669235,-0.396412834,-0.689852356,-0.612416413,0.538393121,0.2607869143948727,-0.039875481,0.15163053413085806,-0.326090978,-0.11438092,-0.000713274,0.1917885599061875,0.094659945,0.18127595849373698,-0.228365543,-0.074737058,-0.386985278,-0.208795281,-0.141479814,0.11531583314195122,0.2825279614209813,0.24781030519093927,0.4810832354643514,0.30027725759003476,-0.382960767,-0.47291886,-0.374080728,-0.254385653,-0.228231805,-0.134323322,-0.071290427,-0.193203746,-0.13462021,-0.146444283,-0.188461475,-0.151542106,-0.103536793,-0.138120079,-0.049800712,0.037962268,0.078277939,0.1479217058386239,0.24673541028267035,0.31711752390209064,0.35533826605083413,0.40888360515525185,0.23765109527879846,0.28579166420433577,0.3981115797573543,0.35695100467199287,0.37688162607417147,0.5153091758470251,0.7114732369918717,0.3803950071891557,0.18482562454367554,-0.236941835,-0.510266075,0.9951095808546145,2
-0.421925817,-0.580822737,-0.513087922,-0.22633751,0.48152249606694103,0.19642122714063878,-0.310678997,1.3307880505589207,0.5124201265446358,0.535461703,0.8148650501154128,0.455072221,0.036596010759214884,0.15222028273949442,0.039386754551799304,0.15005541486036203,0.19664003555942883,0.22650049095273683,0.18349518634746537,0.41222955260614047,0.48295394823558124,0.6540180538698758,0.45924327757299516,0.4129691515498049,0.1921184343525008,0.06820155,-0.171088698,-0.170372269,-0.217529821,-0.118000752,-0.204290648,-0.276981438,-0.189567959,-0.240353578,-0.14035503,-0.08494004,0.014008740179745623,0.037582994,0.080365583,-0.052009216,0.045569499,0.1600054209675626,0.18499785755317472,0.24008461722292213,0.057336127,0.1895644210298025,0.281059333,0.07707448,0.1700663717010464,0.2954754125179463,0.35922889806825875,-0.327134805,-0.133751825,0.06657559,0.1900981000934114,-0.156775603,-0.496977636,0.4896115661664593,2
-0.4216914,-0.847097713,-0.611290385,-0.487238238,0.5723699924203149,-0.131249787,-0.258444088,0.34792068345289817,-0.101620957,-0.281570725,-0.538262402,-0.650262406,-0.528298403,-0.460936463,-0.33856918,-0.184897061,-0.201968083,-0.049904583,0.1330517622982586,0.1472110784797013,0.3909412389855973,-0.22989958,-0.057637284,0.090984466,0.098817096,0.17289900040520176,0.2858509691497426,-0.126334348,-0.064797183,-0.065941209,-0.087897981,0.001982477,0.061984857,0.032132004,-0.11560941,-0.069014656,-0.017039767,-0.003024287,-0.097329074,-0.060425491,0.029037587483289183,0.1269540259158834,0.23828315415931256,0.2389811889286404,-0.034871006,-0.018899956,0.091895104,0.11712137125745432,0.016118773440278667,-0.011398536,0.058389093,0.22520497299516515,0.36736271803823956,-0.376578801,-0.591056692,-0.130791861,-0.501529931,-0.499250272,2
-0.412250523,0.2949124395530516,0.47548353784006075,2.354424236747694,0.7180526176951982,0.10190195052452959,-0.420891232,1.3801092346489963,1.0781855788405093,0.229232283,0.48678854626152535,0.2100767218815805,0.27372277190728117,0.38542999876084544,0.31645359015140884,0.050131172,0.15245426200932444,-0.185636238,-0.032332696,0.074654962,0.18427774654129273,0.4008282761093104,0.4168850280384184,-0.220331732,-0.038635999,-0.034151915,-0.034883901,-0.036193186,0.07080193,-0.02387591,-0.042161681,-0.128057814,-0.020300816,0.031307689820346755,-0.024721537,0.063435423,0.04613421,-0.051112529,-0.207471799,-0.150660554,-0.088866165,-0.068612526,-0.011636085,0.006618654,-0.056074395,-0.012271098,0.12163182481818069,-0.360068156,-0.421316352,-0.331798301,-0.360591825,-0.202265788,-0.084602652,0.043293551,-0.495753728,-0.091108185,-0.499736644,-0.520360256,2
-0.494594373,-0.784478611,-0.526181584,-0.042237971,0.4490607234262215,0.370835882,-0.198645344,0.40822339748050956,0.26274235961344494,-0.058071543,-0.003553783,-0.428975886,-0.688637788,-0.626718493,-0.667469933,-0.696263382,-0.729260329,-0.62425196,-0.706773732,-0.593356837,-0.350400526,-0.324656615,-0.176787603,0.003110268,0.094933182,-0.034710497,-0.173551967,-0.183597697,-0.37109419,-0.268412129,-0.393821231,-0.429042812,-0.350255075,-0.338237276,-0.244942889,-0.271053436,-0.187307065,-0.127690929,-0.115559435,-0.095637394,-0.03589705,-0.104428791,-0.077560266,0.029163019,-0.131972596,-0.228173128,-0.166235341,-0.108741924,-0.850209382,-0.766593959,-0.778920582,-0.703277201,-0.713052622,-0.591177187,-0.43402235,-0.358267266,-0.528474574,-0.048585587,2
-0.491699891,-0.683347592,-0.768414326,-0.712746706,0.48530507491792096,0.069770714,-0.376474883,-0.594396423,-0.384101545,-0.182774273,-0.638504958,-0.49709549,-0.511329062,-0.497822902,-0.555487391,-0.521922457,-0.375417127,-0.271121417,-0.035233391,0.036817554,0.24144005175233876,0.3442962687813024,0.20152937238392454,0.3364556452598889,0.3914074775799301,0.5108027712070164,0.6549193343653336,0.6412678035944428,0.5845767625967005,0.49118757769724525,0.5033269151960088,0.554030252,0.6158936420189202,0.7068542764494002,0.6805038689192939,0.6260296445515732,0.48562436617980803,0.41083292,0.38222094552640756,0.3806295399892428,0.2567278487576254,0.33961949587797935,-0.338708659,-0.369744385,-0.366628016,-0.280469778,-0.445542454,-0.351176389,-0.240108882,-0.125244168,-0.056971079,-0.18759271,-0.142992245,-0.023372466,0.037105827,-0.397749355,-0.518963159,-0.171303241,2
-0.470015621,-0.58252113,-0.558915738,-0.206340398,0.4429100415053374,-0.498681044,-0.245141339,-0.339637049,0.086087113,0.090793634,0.10514704894123499,-0.204782673,-0.083545647,-0.032461351,-0.023290188,-0.007679939,0.085045338,0.08728857,0.14669363086368825,0.35965200602149006,0.452822482,0.7236745422406361,0.9521093125727751,-0.055562934,-0.255645665,-0.434689754,-0.572502049,-0.503166612,-0.491736123,-0.397797669,-0.339123736,-0.37886664,-0.338256955,-0.260648094,-0.187581096,-0.095359771,-0.202482353,-0.118974044,-0.032710553,0.030013597960160236,-0.167333253,-0.20583002,-0.163396188,-0.16011001,-0.161147866,-0.102730334,0.023635575586554457,0.14150585666315013,0.28608563779698215,0.2853230295399479,0.10262695510326254,0.2553554493932299,0.36824880056291215,0.5010601614329923,0.6610044958044924,-0.313992402,-0.513906206,-0.750458738,2
-0.404978688,-0.835958409,-0.670211863,-0.689090527,0.575862079,-0.259548966,-0.406795635,1.5632822826831492,0.42211627439648675,0.7126734043189314,0.5920528569389598,0.10077864089176028,0.14078165769205894,0.059118189,0.12854180521794967,0.33252752860555257,0.21620063927404043,0.13506596958894582,-0.167845595,-0.083086481,0.16870979487761772,0.11241053027511365,0.14463107714503207,-0.257551399,-0.224352856,-0.371972968,-0.227423123,-0.282860778,-0.404652864,-0.419429099,-0.340011363,-0.235768998,-0.150451441,-0.203731443,-0.157817601,-0.149819218,-0.081179009,-0.261816673,-0.189373728,-0.300481611,-0.229552866,-0.175657023,-0.067570237,-0.07452044,-0.008299249,0.045227393,0.032828813,0.078353876,0.223792493,0.3663622622046314,0.3957138727162822,0.4403767565171607,-0.677623733,-0.706067947,-0.731849325,-0.118697846,-0.488803455,-0.017788262,2
-0.461805336,-0.573442679,-0.290495673,0.492671759,0.4745957915290122,0.6353791705643899,-0.266177037,0.5293589468298145,0.10604123776601415,0.032414132,-0.108130249,0.08276843,0.033479,0.045277189,0.11598537313171896,0.099602716,-0.019123724,0.1689675166099289,0.2497053993505521,0.39279884875670823,-0.061802817,0.14976878133655455,0.2186476050452226,-0.014527512,-0.041330908,-0.029230979,-0.031352037,-0.243726949,-0.123734751,-0.054646112,-0.090378289,-0.135138149,-0.065431486,-0.022609589,0.083895136,0.07509554,0.1820975126723649,0.1603997117294328,0.15740513027821898,0.1320704790480718,0.24721001962204692,0.2988137736704352,0.1486771101980814,0.21739193172959542,0.328257264,0.4382064644910987,0.27610542925170634,0.13560405330837927,-0.076557001,-0.009568476,-0.148713224,-0.331740679,-0.247509351,-0.426211129,-0.3417898,-0.323697284,-0.505259353,0.5254041413028699,2
-0.4102806,-0.564488125,-0.369057643,0.11948425253773157,0.5070451468291572,-0.427501906,-0.102982953,0.3260538189294414,0.085703064,0.2656784410607969,0.3961740375361648,0.4364264892681583,-0.17408672,-0.209346142,-0.202631839,-0.058692118,-0.126228549,0.033418381569191316,-0.408462801,-0.262832825,-0.193381982,-0.449756641,-0.289886753,-0.180389072,-0.09292511,0.046591851,-0.264036053,-0.181709696,-0.074287832,-0.048472342,0.055235579,0.15856183759288084,0.17011652853054188,0.003341392,-0.165018074,-0.180443227,-0.273961901,-0.193512694,-0.206072687,-0.210738765,-0.109893402,-0.411304701,-0.32986556,-0.283771138,-0.239868164,-0.226801595,-0.37871959,-0.286792153,-0.170285794,-0.347782953,-0.318117327,-0.236049334,-0.199207237,-0.67076915,-0.610677352,-0.114240278,-0.493787876,0.08834761,2
-0.398361039,0.055067339,-0.480353768,-0.208874577,0.6545633058352553,0.46587776367044187,-0.134590372,1.3223403093598975,0.3416153422673282,0.6967177963188173,0.9503976084672878,1.1472404150922848,0.5121130461650123,-0.090218055,0.046859797182963916,0.13925035891360635,-0.259420035,-0.15403129,0.052711008,0.19465027731795378,0.3524077052334837,0.23082536989529237,0.4194577507388968,0.6012350949159941,0.5577052057679981,0.36246487936221333,0.3940855141722186,0.128452672,0.18734575839561676,0.22547850674179937,0.22377720050650346,0.30009503941266463,0.39498665146275985,0.3247675545191477,0.36170652761961275,0.27108966690945685,0.2028736793675422,-0.180525442,-0.13165732,-0.035727088,0.026654600449041613,-0.141175092,-0.044244212,0.076190612,0.13852318847024578,0.2633799535956081,0.1321174492475533,0.1647032731798933,0.00278998,0.12335705434001677,0.21890642771697655,0.31514286069219294,-0.023342766,-0.514493615,-0.312352282,-0.165632235,-0.475588271,-0.471556932,2
-0.415612186,-0.569475318,-0.414885459,0.014739288,0.5277182144034648,-0.132179314,-0.580006053,-0.050310499,0.25564250619271434,0.13518803930983475,0.016365949,0.1008774837870103,0.016772661424569565,-0.101272388,-0.01464513,-0.105924283,-0.026401522,-0.277623295,-0.339608368,-0.298585189,-0.066522748,-0.066696064,-0.440441401,-0.246010562,-0.252110352,-0.171725736,-0.054475725,-0.07630978,-0.096077709,-0.068961752,0.044108968295830865,0.075410246,0.16303534310813445,0.22759970165884397,0.32980169544085053,0.14076130248781632,0.23519148365722675,0.1912309562591152,0.19822871021652472,0.17822215045823783,-0.055627427,-0.152143739,-0.050886996,-0.293118415,-0.248358657,-0.368327927,-0.255964078,-0.172292718,-0.057176684,-0.029156192,-0.106927552,-0.069601794,-0.216568556,-0.372366709,-0.314444516,-0.210707159,-0.482963352,-0.360651155,2
-0.441617435,-0.263752904,-0.545822077,-0.255578575,0.54603003,-0.117897229,-0.376700972,0.3834612434899983,0.19089259347738036,0.3761172786808864,-0.155218464,-0.197201852,-0.386343929,-0.254558343,-0.626565292,-0.539533725,-0.682457325,-0.524504122,-0.379224897,-0.142902562,0.014054903753251611,-0.164374611,0.067361276,0.00381891,0.092763276,0.029613606259223563,0.037731624,0.036424127,0.148235416,-0.069433955,-0.110516985,-0.079451956,0.024030104406841026,0.13012510653872492,0.1744299731830854,0.17276993297348564,0.077399421,-0.061913903,-0.223644816,-0.160285845,-0.097880516,-0.358016952,-0.286319766,-0.177436759,-0.150868506,-0.088720018,-0.139631427,-0.056152049,0.036681504794144545,0.19517532314869182,0.16693804,0.2825748812765621,0.24284228278251516,-0.264160302,-0.500256472,-0.241190757,-0.500635704,-0.664720882,2
-0.451048872,-0.406902416,-0.303589335,0.42227194118768513,0.6022364491261987,-0.749664893,0.41586175387512914,-0.376927974,-0.070732041,0.011572233028057839,0.23229970142338666,-0.255202785,-0.105757628,0.063844895,0.086657394,0.2528719069169375,0.3576245690819669,0.20355155000442748,0.46822411192893276,0.46744092005497523,0.4266444807283986,0.5461682463589131,0.6207590507368219,0.7638695365300497,0.6801726910482774,0.37251732968062656,0.3388854567927882,0.14251220474308937,-0.21809281,-0.104526309,-0.101815857,-0.047219849,-0.008011031,0.060478234,0.013671854354511499,0.030005825656204264,0.036455062,-0.060984324,-0.041107439,-0.023766372,0.07346377,-0.153637761,-0.059360408,0.001871239,0.05452124,0.11492918534565383,0.23522781826458017,-0.141339804,-0.11653059,-0.027206788,-0.057936411,0.012459284442664339,0.19562533646511668,0.3838983468426298,0.41826130211645757,-0.259889268,-0.506046469,-1.273325862,2
-0.38663606,-0.47490752,0.429655722,2.133100496656805,0.42445934146432707,-0.273249241,-0.211573948,1.5458313079418977,0.37146886,0.5616560473966579,0.3408345157562482,0.3940533746058735,0.5657827892012176,0.5224766178662378,0.25209107851791407,0.011253340401028808,0.20810700137220958,0.44783879913844493,0.5385122134519358,0.7384239163763412,0.6720676927040643,0.4644098546489904,0.5908688224345191,0.157012815,0.2263353525507841,-0.176090157,-0.01773783,-0.105428086,-0.110790347,-0.072450402,0.027320468753253502,0.070119211,0.12135694466700345,0.1838751488689041,0.2540308356801475,0.031672568630597996,-0.141312609,-0.118593111,-0.100115386,-0.017205455,-0.068206932,-0.15624784,-0.094530399,0.020124962560797887,0.13513350405290003,0.2299874234328159,0.25028173319064895,0.38525921924594037,0.49882981630103335,-0.639700782,-0.705466681,-0.795750329,-0.844082028,-1.341261825,-1.183474808,-0.09980008,-0.47536741,0.3376927033922482,2
-0.407449735,-0.429058183,-0.434525952,-0.061613083,0.5863943998980947,-1.187563691,-0.057709877,1.2521874466305398,0.6664413419920717,1.0754358486670683,1.0724113146635967,0.013898891808733825,-0.223738114,-0.138799803,0.029862934146180305,-0.041224079,-0.074335302,-0.324148567,-0.38889645,-0.246562153,-0.075325407,-0.141680154,-0.581136748,-0.396553355,-0.321795619,-0.524783471,-0.695850717,-0.778355727,-0.787405346,-0.675536835,-0.604365208,-0.535203407,-0.47181624,-0.385508443,-0.440320435,-0.382946602,-0.297162814,-0.315850769,-0.295744593,-0.238701121,-0.203109124,-0.104665073,-0.292769546,-0.4077386,-0.473323513,-0.421289988,-0.730187799,-0.603766219,-0.491087241,-0.361868945,-0.628880967,-0.54810437,-0.811188124,-0.696309127,-0.571350974,-0.185468524,-0.479802292,-0.372951488,2
-0.425964666,-0.868893637,-0.480353768,-0.127576882,0.5227566916428467,-0.326076726,-0.166985273,-0.168099818,0.21277943385787126,-0.025104274,0.2142862593396413,0.1942842536760358,0.3369530469400471,0.19360428869455334,-0.220878203,-0.229424527,-0.031634905,-0.05872197,0.11933011526562828,0.2750094206874198,0.42377038360620095,0.6467517478295834,0.5820368860022289,0.5370676453888803,0.6200195384287508,0.5244533411255051,0.6467232922406136,0.6968829229972793,0.2643838866475699,0.18898967013868334,0.24257670511964619,0.19176688422762075,0.25852205,0.1392169133583107,0.24574479458154916,0.22436720391514742,0.33119657567066224,0.43689424644775615,0.014888262323726285,-0.006901501,-0.076144246,0.005983337,0.024510904,-0.02802478,0.0964639,0.17997671552210984,0.3048511645392678,0.4556232931803463,0.26001255948016466,-0.100244975,-0.161853448,-0.16940521,-0.254250579,-0.180857742,0.021472370961427262,-0.201481527,-0.49325006,-0.918286675,2
-0.390900126,-0.691941195,-0.336323489,0.14619474814981107,0.5357129019849685,-1.519833923,-0.0791712,1.8099854936693207,1.0168352348618046,0.622953372,0.669557131,0.8325549202511243,0.8048461770452138,0.481143186,0.5380479244556088,0.29064616420068917,0.2156206651674073,0.22252645501202564,0.48892769339084646,0.27940127069835585,0.41164624745053713,0.25224588042774576,0.10282026947289688,-0.107451162,0.085667075,0.1053513613194765,-0.046038954,0.084937856,0.079740804,-0.010725597,0.004834018,0.10331750705904896,0.1798577908171808,0.1282096030496259,0.1944000177919941,-0.081713755,-0.06821067,0.026837737471168598,0.12058119742232329,0.10216004994575949,0.10183753670637187,0.1748820698037693,0.27496006730926315,0.30625349206711505,0.4217066001716994,0.5692761288359871,0.24793803164456574,0.371607616,0.48938761093987004,0.6413265280329791,0.5591011329258494,0.7626206803658915,0.9443025184292213,0.5656586298596492,0.7068779445089408,-0.110642575,-0.477678139,-0.578377047,2
-0.434033165,-0.569444278,-0.578556231,-0.365036115,0.4935619641269761,0.4895754365936899,-0.106882862,0.9191782799396607,-0.665456658,-0.760862803,-0.606788919,-0.478815436,-0.321759679,-0.368502637,-0.217585101,-0.086883723,0.11994922672787375,0.24267503503314136,0.11246969258830786,-0.242873092,-0.142798608,0.081152004,0.30155541192316093,0.5238995244289002,0.7002112379001179,-0.361064013,-0.286797055,-0.255684311,-0.130706391,-0.160038803,-0.098560522,-0.063899904,0.013354024992319137,-0.311980428,-0.245413458,-0.183952069,-0.170971646,-0.112990713,-0.027195619,0.024794953035536617,0.11633058888704369,0.18694208534403972,0.20888667349737558,0.3311364361078365,0.38695040340682646,0.39687946427025733,-0.08070734,0.059593406,0.1804004065987512,0.014346164683247295,0.19018127736402962,0.355522118,0.067217389,0.24033587998612257,0.151971574,-0.214673042,-0.49860499,0.270140361,2
-0.449002464,-0.406781265,-0.624384047,-0.44437467,0.6145711195785342,0.18906702437738737,-0.390140179,-0.218000928,-0.021037561,0.2437075920688351,0.3371936110382793,-0.065746743,0.074263665,0.19302816811147114,0.37567729728329824,0.5465149948782406,0.805607678,0.871583722,0.22144250653329234,0.31387042876009963,0.257650438,0.5184553863922919,0.7225366247775754,0.9265170959159083,1.0046798274347233,0.8242078034496702,0.6886275191826158,-0.06253318,-0.037329382,0.064632072,-0.022809512,0.061698442,0.047751729,0.10151437638045831,-0.005660073,0.053964132,-0.02878451,0.008811675,0.021015303419518058,0.10350141911397297,0.198232291,0.22692457737664568,0.1075716059872875,-0.403591202,-0.371931636,-0.267084853,-0.573506424,-0.453584141,-0.576900894,-0.552254242,-0.532249432,-0.427197897,-0.309812963,-0.346343419,-0.368394805,-0.2324471,-0.508776851,0.22354336321644683,2
-0.456103349,-0.959547185,-0.689852356,-0.59995865,0.3910976174774244,0.49028246740308784,-0.449313069,0.21223208272581526,-0.188743144,0.031244859904434385,0.17859431372987966,0.3851090953484696,-0.072297221,-0.167720484,-0.091262905,-0.200080585,-0.149535749,0.065670684,-0.243286298,0.017161075342977027,0.12815934985822153,0.39403520527003966,0.030588817420911466,0.19345681091926434,-0.030529337,-0.07313362,0.08332095,0.1702847352859631,0.10944874710966394,-0.07197123,-0.003742967,0.099333359,-0.022677671,0.033615815,0.095309564,0.12427119057189477,0.17522448422364584,0.25961830294367655,0.2568369093145032,0.3738193966878326,0.4984659,0.2846044757828878,0.3647077888958195,0.2715667386275227,0.30273112601532126,0.36504691647826765,0.25051102660111557,0.40256777349015394,0.3308532730057288,0.3432836622606649,0.5152124114678752,0.710286102,0.8414382862028331,0.9172758231876404,1.1243988012233297,-0.27047381,-0.508686138,0.12510400910367564,2
-0.487370553,-0.502434398,-0.689852356,-0.510742724,0.5231156628900926,-0.949755895,-0.437859582,-0.469909586,-0.277908082,-0.015715215,0.001669569,0.2211201258343919,-0.770111636,-0.675031282,-0.551270035,-0.530892209,-0.448690174,-0.284655559,-0.182751307,0.017019705,0.11873248260186851,0.33812564932697875,0.5800545697598927,0.3626838082402398,0.2197677954564864,0.1722094800130347,-0.032789247,0.11596139412165225,0.13416892439419903,0.22009392322026824,0.14836278068039147,0.20060633847924886,0.15463889364785538,0.1078598795668036,0.14000182708951742,0.1804737643133938,-0.031548093,-0.041715172,-0.012381077,0.090658255,-0.113934055,-0.109419317,-0.088012405,-0.065274935,0.02652302,0.049336456,0.1783408424472881,0.17613345683034926,0.2680688832943598,0.16151550880737206,-0.150071965,0.009348688,0.008260185,0.22062874407442337,0.3173909350918086,-0.271791844,-0.536078964,-0.407402369,2
-0.451649782,-0.886296192,-0.526181584,-0.173193252,0.39731108954660777,-0.962358558,0.2741845762317261,2.5765635876162065,-0.043107859,0.081569864,-0.074955271,0.094762527,-0.009288625,-0.094295108,0.051388846,0.16177380852096906,0.062943479,0.017482822104326345,0.22880075398048833,0.2556627019587211,0.087204635,0.29209468976146646,-0.540127225,-0.524995531,-0.348353091,-0.456172824,-0.438609513,-0.552031598,-0.547676999,-0.492478387,-0.418568119,-0.320808767,-0.218678267,-0.156849734,-0.395828828,-0.399356697,-0.489819985,-0.513980799,-0.453766315,-0.415888971,-0.371274118,-0.273829346,-0.179909631,-0.115356278,-0.053379299,-0.194897152,-0.14476762,-0.074575138,0.041206214824319444,0.16925210036016966,0.026581258,0.17118669499882957,-0.164798841,-0.104672842,-0.149190665,-0.256648007,-0.506910699,0.21107764563524165,2
-0.472263164,-0.646805665,-0.788054818,-0.820076115,0.5252737416305429,-0.038861667,-0.483732237,-0.073133124,0.4144353770788493,0.67946582,0.25951814223732367,0.072396699,-0.16629509,-0.106877979,0.070679212,-0.041499762,0.17047955132067197,0.082428394,0.1407245628720123,0.2927591357632673,-0.040312423,-0.086242674,-0.125856274,-0.073590945,0.11849507434181263,-0.342501252,-0.364917901,-0.299871296,-0.299470091,-0.205411301,-0.164263448,-0.084578762,0.009544189,0.060468415,0.16588844683870743,0.20286972564649847,0.2763895623993401,0.3862454577352856,0.257533683,0.2925348014664607,0.2383943586252796,0.3292648344614258,0.3891229068049155,0.44108704083774725,0.42857959430022236,-0.120008351,-0.228553093,-0.349756187,-0.266891735,-0.106145533,-0.216042481,-0.033763512,0.018323565605439403,0.080630645,-0.330871399,-0.280083807,-0.521258807,0.21963614496514994,2
-0.429360604,-0.764361842,-0.657118201,-0.587357619,0.4587694016072533,0.5314718727818497,-0.020009107,0.13930365200650913,-0.090006903,0.13840689656748875,-0.109472676,-0.296985444,-0.115581215,0.016573892145612036,0.13092297431235117,0.087905652,0.16085059901557594,-0.560686542,-0.530677442,-0.362278921,-0.144093105,-0.141399806,-0.104572319,-0.031836191,-0.127813721,-0.139995679,-0.130048787,-0.042378238,0.079074224,-0.194561154,-0.174117599,-0.211002899,-0.165735685,-0.132932431,-0.172745224,-0.081118462,0.017186385567127833,0.010890724,-0.056370105,0.004052245,0.009773097,-0.051694842,0.028891322907801442,0.1348506301912045,0.1895538311283661,0.031959964782094244,0.083035295,0.000454133,-0.088998443,-0.532371207,-0.414715511,-0.78581618,-0.603553393,-0.495317965,-0.337444468,-0.200491351,-0.496619742,0.8715253480392409,2
-0.49781395,-0.533377181,-0.513087922,0.003632921,0.5690141296672746,0.010277035079422556,-0.257327313,-0.004034126,0.046977222,0.032223244,0.15401070779671366,0.362320524,0.3572918767320862,0.1322065234145062,0.080871123,0.18572260530778886,0.097101535,0.1971422415741792,0.4027635023671533,0.21613784520765247,0.2398266214577205,0.48476687302659455,0.4753901724809661,0.45220997036995403,0.5700789791266608,0.35178294058654674,-0.246722049,-0.134150256,-0.030072872,-0.065838657,0.034660296,-0.132997537,-0.132496457,-0.244348555,-0.168226095,-0.182796013,-0.082837857,-0.00771462,0.047078404,0.077251488,0.081801583,-0.012031972,-0.431864548,-0.342727243,-0.27415581,-0.238552943,-0.126521798,-0.122234327,-0.125733177,0.015011727,0.061288364,0.1597294243354745,-0.303015471,-0.138575123,-0.148067697,-0.348262987,-0.532846409,0.00299177,2
-0.463370703,-0.333246798,-0.499994261,-0.06729336,0.6057249877990221,0.1560354840865968,0.013024209,2.3476328226157217,0.2376545480551203,0.39067153134028465,0.16276340004534015,0.084530618,0.13071736392772737,0.054321453,0.082728519,0.034863245,0.2182984915947998,0.3434656165910909,0.4003309390095449,0.6661909845700736,0.629932415,0.8165513099297887,0.8610513501146204,1.0538370004039703,0.576038777,0.2283532227859828,-0.220496893,-0.149806287,-0.389850881,-0.316512021,-0.280553415,-0.294919803,-0.386968063,-0.348852866,-0.274537877,-0.262653681,-0.204553144,-0.266206426,-0.190912684,-0.180389077,-0.162241486,-0.058030232,-0.142415772,-0.36758654,-0.319990964,-0.221867471,-0.248924351,-0.162381785,-0.171997833,-0.17558441,-0.22145977,-0.168027037,-0.263757447,-0.709949532,-0.827140111,-0.351034638,-0.502036711,-0.124600368,2
-0.451504027,-0.522616339,-0.644024539,-0.489889596,0.5249147092141332,-0.38082469,-0.180956294,0.3814777582469761,0.7049810377826147,-0.143973363,-0.090332737,-0.072132769,0.009674796,0.17611579268572405,-0.053753384,0.061779622,0.2000996370994339,0.4430238701529118,0.6147451408379662,0.6909497393119383,0.28715638490711776,0.019011287003405847,-0.362136969,-0.219650307,-0.605196552,-0.448676989,-0.309074617,-0.208690697,-0.146712859,-0.039120443,-0.040606933,-0.111489847,-0.083112926,0.019023017,-0.051994394,-0.040041878,-0.219419505,-0.213021739,-0.144933799,-0.049096366,-0.038323039,-0.006944845,-0.047792997,-0.013292078,0.1088670462860533,0.056297163,0.1453799137136913,0.16708944814155643,-0.193947893,-0.641072379,-0.472466568,-0.44050394,-0.470486159,-0.278467464,-0.46564778,-0.175779483,-0.520460693,0.183346456,2
-0.418262511,-0.648984272,-0.644024539,-0.583510798,0.5747529595974158,0.26544024193509896,-0.647227901,0.082319709,0.44485205140541884,0.5788040539109977,0.4682255972106298,0.472202697,0.068221665,0.2688755660802158,0.4551182471142221,0.43444893702057386,0.18253981404673525,0.42244588014789813,0.5924479060040975,0.7978964699912513,0.079393576,0.3117591921638062,-0.087240534,-0.183267236,-0.139661412,-0.432431806,-0.609470209,-0.520540968,-0.541613641,-0.443306725,-0.364726409,-0.295692431,-0.221300885,-0.13095373,-0.028075208,0.035287268,0.13288274787328183,-0.041284257,-0.034564723,0.064249135,0.1516175592969303,0.16281740380299756,0.20923218100681662,0.15568803610782614,0.052189217428272254,-0.066743303,-0.043746618,-0.102501727,-0.076192717,-0.077453841,0.10163193288900298,0.20293218506557417,0.3142065229438137,0.234995853,-1.053687502,-0.140167571,-0.496735069,0.5451420844908106,2
-0.499813817,-1.039823933,-0.833882634,-0.869298839,0.33922521708282993,-0.414530771,-0.406456164,-0.1952248,0.2689641546073817,0.397039525,0.14369349403861026,-0.497383299,-0.388266846,-0.339287814,-0.572292634,-0.581103916,-0.474122235,-0.414204887,-0.545110043,-0.313445698,-0.40517568,-0.170661962,-0.081658751,-0.046937538,0.051125037684021525,0.23033097764561392,0.22032516514148362,0.3410581450663516,0.17972517821036255,0.22563911491875607,0.050733729,0.10433254231758782,0.21467062938605144,0.24047960530159795,-0.178711791,-0.264062219,-0.248460485,-0.230741217,-0.170217451,-0.174479594,-0.243298831,-0.138647485,-0.029339616,0.012815434324825473,0.10166791752273928,-0.017317745,-0.025647706,0.073848531,0.21314659744283546,0.15020787005564917,0.00478957,0.020371168349448136,0.12500450045390551,-0.329400516,-0.425456814,-0.338510744,-0.536292564,-0.108026003,2
-0.416772818,-0.873530841,-0.11373124,0.8145783775738497,0.3980260041674055,0.6081437252600544,-0.038596275,-0.495492809,-0.126848595,-0.042242185,0.080706052,-0.092938806,0.037563825,0.15425646510345312,0.27138961114775934,0.2078069723321586,0.12152483176070576,0.19466996053129323,0.3072984926460793,0.168775734,0.25519521152222324,0.18101738219017077,-0.261196044,-0.231787389,-0.635629265,-0.465215449,-0.310760603,-0.463472031,-0.357870986,-0.354896005,-0.373188851,-0.281520298,-0.229586994,-0.291273123,-0.227359017,-0.153164869,-0.0548425,-0.068798207,0.027031209,-0.069648855,-0.24782963,-0.158770465,-0.226816065,-0.351776101,-0.277382736,-0.268651223,-0.223782747,-0.140558735,-0.097852117,-0.404906512,-0.793895884,-0.647846289,-0.554123194,-0.445053815,-0.535087953,-0.182072212,-0.488786617,0.7806676675409695,2
-0.440444808,-0.81952264,-0.414885459,0.090706331,0.44592185828749215,0.055687424238953495,-0.212589683,1.2923758960749765,0.5957912319847722,0.6235937583204234,0.032422301935237624,0.008717072,0.07879219,-0.22130482,-0.307591665,-0.363384537,-0.209132215,0.015519781506563959,0.23431430585402968,0.08744548,-0.192326203,-0.021853784,0.15402388849188434,0.083242762,-0.099749034,-0.210029615,-0.082135524,-0.242918823,-0.109944596,-0.092576684,0.028676838724922587,0.081690009,-0.017431512,0.031615969,0.1372034269942283,-0.14707568,-0.055917117,-0.022440084,0.077085822,-0.119320864,-0.133226145,-0.070648856,-0.036119014,-0.076203332,-0.098037214,-0.104818039,-0.078252678,-0.522879242,-0.482869072,-0.386975215,-0.273270662,-0.136447777,-0.143212581,-0.820828328,-0.690563911,-0.193298255,-0.507223827,-0.070028004,2
-0.465986183,-0.712062335,-0.689852356,-0.57202059,0.4157236811975621,-0.825213784,-0.538509798,-0.000283388,0.3969366459090151,0.6376681142321736,-0.188258848,-0.225003176,-0.266293647,-0.173343923,-0.046479139,0.035400768343931514,0.005891682,0.045789019,0.25345260720753326,0.5276305660756831,0.7193867936596481,0.758299117,0.7982860735631693,1.0248910256292938,1.2411830759846527,0.6041417569166857,0.5958950640032714,0.3471865325718545,-0.158588937,-0.19425559,-0.182029716,-0.236723198,-0.1975389,-0.134560268,-0.181377241,-0.114993232,-0.033296825,0.015987725550628062,-0.093867517,-0.027720198,0.055457,0.10941812602306525,0.20236684755838497,0.12928930629812307,0.099878257,0.13143756210854382,0.2337477936550399,0.23869793605992787,0.385316967,0.3522534279202282,0.2775011562730273,0.45269232958829314,0.5456229159560889,0.5892819320566032,0.5021913123477252,-0.258426326,-0.519331095,-0.228643263,2
-0.446545548,-0.861182935,-0.866616789,-1.100133014,0.5114526604586065,0.10856832485452342,0.2531552751917773,-0.300934908,-0.165725463,0.036066896,-0.170599876,-0.189351781,-0.074727008,-0.029448412,-0.329612534,-0.430155705,-0.348852006,-0.474448534,-0.271250985,-0.288999254,-0.208361496,-0.630000854,-0.525441715,-0.489422865,-0.460718614,-0.494702043,-0.342047382,-0.297574128,-0.168137089,-0.048117766,-0.139262373,-0.028271454,0.054838379,0.081869572,0.11668548073659175,0.18384003782916059,0.17105076500750818,0.25042102383151577,0.17673232507833728,0.24690774095190982,0.27749815837216063,0.072616815,0.168052971,0.281369041,0.3596180771083681,0.4610864315367082,0.4783781871809752,0.5494959426123256,0.6738545358538971,0.4669570961193797,0.15404880323856548,0.19708768213524813,-0.449188191,-0.392508793,-0.437359371,-0.226156108,-0.507585775,0.20167541256484678,2
-0.46457087,-0.729817992,-0.657118201,-0.487689718,0.4682161534219805,0.14029056333826628,-0.2890309,0.1007017349742876,0.7381910813564568,0.45093190897155694,0.5905788914355268,0.5434676253625705,0.3257720571183523,0.3995635922832565,0.4791869074040143,0.18016824777104737,0.4022593681850288,0.6690235855357446,0.22374688963566966,0.48238136644269225,0.5431863327759878,0.26552794945759467,0.5009409787345697,0.389129168,0.13401420749633075,0.24533385147341055,-0.354933773,-0.291668794,-0.206828178,-0.093966003,-0.021300179,-0.093250733,-0.187804096,-0.122217735,-0.100270616,-0.044484167,0.001891813,0.045869469,0.077410953,0.16308464923200464,0.17927883648961937,0.2942732764970984,0.3968164460976956,0.5147185485521859,0.49555215693701554,0.4838412854607601,0.4394924533015729,0.4346635661238043,0.5094479187692941,0.5840285455006587,0.7478093543073683,0.8909417387704013,0.24199729378403637,0.4574466808686343,0.3978539217159463,-0.273832702,-0.51571169,0.37743725561958413,2
-0.444519765,-0.522848813,-0.611290385,-0.422194598,0.49327449963410935,0.417527509,-0.491622962,1.1712439193513862,0.8458068912835836,-0.214637496,-0.145509352,-0.11840435,-0.014953553,-0.039798857,-0.042603511,0.11316343957165066,0.2551544355626501,0.4912291814162956,0.083116602,0.2807105733215258,0.17778343784075157,0.41405289767984654,0.4045957182684931,0.5392849800750212,-0.026125108,-0.056974128,-0.011845709,0.089141678,0.19963015690989822,0.19238437007436573,0.28764326372852955,0.21825864437202416,0.13127311905953531,0.18792043295077066,-0.166913068,-0.170235819,-0.135842592,-0.08135303,-0.004388646,-0.110196509,-0.206744534,-0.220361252,-0.137268798,-0.134987281,-0.070298993,0.039754309969136356,0.11773994146354337,0.1816421531225523,0.02817921,0.13414104856328782,0.24234590657971763,0.28830337959666136,0.054246937358599506,0.19500560474848722,-0.015866167,-0.225965903,-0.505789287,0.17647971128569107,2
-0.497881476,-0.538707322,-0.644024539,-0.354708189,0.6639003813363904,-0.229193236,-0.194847654,0.1790896181553414,0.089180208,-0.363989868,-0.417234208,-0.391490077,-0.387464681,-0.701255801,-0.827676467,-0.895510361,-0.820962443,-0.778341984,-0.682896104,-0.60280335,-0.436705801,-0.488560591,-0.275910457,-0.062370586,-0.460270689,-0.355529935,-0.45646896,-0.469078555,-0.356654546,-0.506174466,-0.542125465,-0.546706109,-0.472811979,-0.523922513,-0.456389478,-0.369095307,-0.327542397,-0.294775006,-0.203130028,-0.271205271,-0.359662484,-0.276226738,-0.400348801,-0.330368641,-0.351366086,-0.550170728,-0.634962528,-0.618904925,-0.51704257,-0.54333576,-0.842985635,-0.716154353,-0.539393391,-0.432508923,-0.503563396,-0.296092638,-0.541521868,0.40232635743715395,2
-0.47148024,-0.660035939,-0.526181584,-0.113328676,0.5055038061990115,0.515500971,-0.481821417,-0.096973978,0.053075907,-0.081800517,0.13212989930016283,0.3259330418194619,0.35296227440619554,0.4190154495079978,0.10816142610819167,-0.505698403,-0.415925059,-0.376024241,-0.444052657,-0.386451354,-0.22061667,-0.152824756,-0.040603452,-0.347792677,-0.372368087,-0.214723515,-0.316652855,-0.46687057,-0.548492919,-0.555943113,-0.589913702,-0.493109607,-0.476273781,-0.442969675,-0.428041238,-0.429759747,-0.390135127,-0.305110485,-0.332434479,-0.239194879,-0.155082378,-0.050176072,-0.01381847,0.039332742,0.12868845845144247,0.036062074,0.04864709,0.067332315,-0.094585825,-0.012609412,-0.089556007,0.014609911002755676,-0.046079855,0.11373560704332998,0.29689949391880904,-0.295406498,-0.51797964,0.7053073756683816,2
-0.467080911,-0.118749449,-0.467260106,0.032498471318618195,0.7286479735135198,0.19229836225016542,-0.173366178,0.7016175003414155,0.8715344588071574,0.7484750268317721,0.4753097010087208,-0.240865831,-0.085801501,-0.056380632,-0.001210328,-0.162178881,-0.21610097,0.012073522865601503,-0.145669166,0.091938994,0.24423359440965603,0.23814434635851908,0.3301869960569981,0.35767851794009325,0.44050358382918225,0.19054187088512678,0.16214148014157656,0.2761852641570378,0.006808261,0.06894728,0.17456912134635091,0.12720277248881476,-0.118630593,-0.127506477,-0.138797534,-0.339505311,-0.29605267,-0.212307394,-0.204874584,-0.140579937,-0.08213154,-0.10052171,-0.094173358,-0.199136099,-0.235535272,-0.22218006,-0.145952446,-0.113546503,-0.352711056,-0.393166479,-0.468605203,-0.359224614,-0.266987009,-0.467314612,-0.390772386,-0.306229356,-0.512417984,0.3046000141778738,2
-0.506836412,-0.544521163,-0.558915738,-0.093991219,0.4893630985207672,0.3847679129797861,-0.479529196,-0.001450983,0.067270518,-0.35613047,-0.508095717,-0.40126125,-0.285757869,-0.267949022,-0.134524405,-0.212131895,-0.032406532,0.21676272575557148,0.4716623438832596,-0.358670686,-0.265028173,-0.03912345,0.006383133,0.2247527613497168,-0.47115315,-0.50299087,-0.552604924,-0.779814635,-0.740180801,-0.697152693,-0.633715207,-0.638982893,-0.612446038,-0.544867359,-0.521658474,-0.510610509,-0.463500803,-0.426417027,-0.438887369,-0.38399136,-0.356351601,-0.435658985,-0.424148626,-0.625097121,-0.519480036,-0.437876423,-0.561477567,-0.487575582,-0.520505595,-0.455304815,-0.583613535,-0.503902742,-0.559393879,-0.699661873,-0.629377448,-0.425438998,-0.527981775,-0.152941033,2
-0.469633404,-0.661563873,0.10886100959435087,1.598737660462489,0.44012127808486834,0.1459198267407917,-0.21357339,0.10356660808109623,0.4120826647556484,0.4066355456495102,0.5541588925183316,0.027315779,0.036778652,-0.285732071,-0.303544627,-0.137482227,0.000682338,0.24717901289751887,-0.040866198,-0.446335745,-0.74072631,-0.611993395,-0.566241523,-0.435258602,-0.413778382,-0.296459038,-0.328761117,-0.29685472,-0.194660081,-0.183661939,-0.110423187,-0.094237262,-0.016088957,0.042059058,-0.314139615,-0.46908395,-0.573018865,-0.523137595,-0.518951807,-0.518577848,-0.551074263,-0.468399634,-0.470582624,-0.441241617,-0.495840991,-0.418104619,-0.382948877,-0.586643771,-0.449335121,-0.383257684,-0.20902043,-0.103772734,-0.201688795,-0.060469775,-0.066496802,-0.273810318,-0.520227252,0.3053096688234841,2
-0.473644864,-0.450003184,-0.126824901,0.9753437650033653,0.630131546,0.3352513109805017,-0.320429292,1.169839779362027,0.4719280165585202,0.5325563529189128,0.6607845464357931,-0.332783753,-0.265379389,-0.199805362,-0.306969808,-0.563767126,-0.449316666,-0.447489314,-0.223801706,-0.185130874,0.017391808,-0.105738679,-0.144006156,0.026359911025437673,0.20539571631340928,0.3385631788486375,0.3971869104667962,0.22664347147024388,0.27563440125177957,0.1574556859495658,0.2722660289260203,0.26537762812391735,0.048256954,0.015104212180118816,-0.166405874,-0.116226196,-0.097451038,-0.082441702,-0.096614462,-0.056790981,0.023275428534350624,0.011984223,-0.042978483,0.016349964369706663,0.10387592898278887,0.14132187894839499,0.2581896990288611,0.3098029848076525,0.3754775434455437,0.051306191144662776,0.082710649,0.07420727,-0.315605467,-0.406261607,-0.199415169,-0.327522642,-0.515094368,-0.166008527,2
-0.487718766,-0.999444473,-0.100637578,1.0965866311605026,0.338238344,-0.289781797,-0.132244824,-0.558627257,-0.251179833,-0.169274394,-0.139511339,0.018803806871583596,-0.19695546,-0.063516038,0.1008492469606632,0.24137583715563743,0.5136162209100189,0.8109074797934822,0.6954684891130544,0.31305238402036034,0.5405336431775497,0.7299932623335075,0.5323128229336623,0.2829139127220617,0.3149936658250243,0.3454162719710292,0.3823828611174113,0.4005470092281614,0.15897361844726074,-0.070060023,-0.01313178,0.099852628,0.16208435975896623,0.25308930822264974,0.27038580426362563,-0.293800096,-0.21290565,-0.203839168,-0.280636608,-0.291129241,-0.209268338,-0.109946224,-0.136415014,-0.088289398,-0.124642094,-0.190309021,-0.269968385,-0.271902802,-0.158249929,-0.121923413,-0.057715379,0.046104776,0.19351213464410494,0.3524054803058215,0.005657504,-0.351548746,-0.523293551,-0.457135673,2
-0.495198561,-0.806732721,-0.846976296,-0.917781105,0.4385213985634183,0.4298958520247386,-0.144683321,-0.502969649,-0.15678209,-0.006858667,-0.042937314,0.035108984954994975,0.13113853168999073,0.2814247962036369,0.17685181530946092,-0.02609289,0.072521382,0.2833470677579164,0.5048158425833836,0.5263050338577833,0.2761449125459133,0.19867917829341145,-0.227963012,-0.536846097,-0.45428518,-0.286959971,-0.20331112,-0.54318525,-0.50941026,-0.410186791,-0.689051329,-0.616869405,-0.54845671,-0.529521522,-0.469832186,-0.484151139,-0.456335943,-0.415423411,-0.367662631,-0.427300287,-0.410370272,-0.422154146,-0.322825402,-0.260686518,-0.292804254,-0.24380085,-0.160347966,-0.1747498,-0.476040873,-0.32357696,-0.546398564,-0.55556332,-0.426257147,-0.439737709,-0.629346676,-0.385790723,-0.524022267,0.6470667617812174,2
-0.411275934,-0.247961125,-0.447619614,-0.084718285,0.6471407946270514,-0.148956409,0.091970153,-0.130917341,0.1168120763763554,-0.242047497,-0.122474853,0.047709494,-0.161557266,-0.292785678,-0.190572152,-0.063756849,-0.088124641,0.1497494425298589,0.37724134713216817,0.6596241779991942,0.802478006,0.3398162197736826,0.43465126308897417,-0.187341122,-0.119537218,0.023435102,0.18732920744014564,0.32788180111350423,0.45981060852152034,0.5710552148628948,0.5878279514694004,0.011934254,0.005153688,-0.036768919,0.011429920185940398,0.10824872540467842,0.056082462,0.14963914025585245,0.24449603002969253,0.19186729287899132,0.2567128601648599,0.28082699617425416,-0.005107948,0.10166071506579605,0.15366900976050882,0.10849069619773066,-0.033430925,0.041075488,0.15531291131194558,0.3014286571510349,0.4514437545137195,0.6204460143595695,0.2908173588790359,-0.079052423,-0.205821228,-0.105399117,-0.496219538,-0.443710983,2
-0.524851452,-0.917920111,-1.023740729,-1.325792654,0.4650464896084695,0.1808417135722623,-0.438737623,0.4005842041106045,1.0082807264373255,0.2888888427732745,0.44721632726345706,0.28346978490999003,0.30233042,-0.467806104,-0.516789809,-0.502979506,-0.578089263,-0.491518409,-0.357998854,-0.287969931,-0.4669553,-0.330089012,-0.366770266,-0.165183995,-0.525396805,-0.367501287,-0.214940246,-0.374159838,-0.384283955,-0.326470274,-0.370980296,-0.287844264,-0.268973807,-0.275815802,-0.227341307,-0.165967494,-0.077469607,0.015778308538554997,-0.126174985,-0.041587347,0.023584778543140533,-0.125329812,-0.066729644,-0.015592564,-0.003426634,0.0763233,0.1925962812595638,0.23205581967465203,-0.324846744,-0.336814149,-0.298073799,-0.182287533,-0.229797606,-0.420373286,-0.275580118,-0.446663761,-0.540347134,-0.069550182,2
-0.506168427,-0.288728318,-0.447619614,0.20982033650578963,0.5993556566963599,0.12204116509383638,-0.517284368,0.049686267,0.073022606,-0.054639416,-0.020527596,0.1172167738713167,0.085819937,0.27182661490101345,0.12722775837252356,0.22765374441796749,0.41206963313227524,0.10891906828968272,-0.004756868,0.11600149624069576,0.395033685,0.4673519398177314,0.35240863469987543,0.4589833535098573,0.214412419,-0.437869673,-0.489435817,-0.612337178,-0.507480978,-0.429835444,-0.346855431,-0.303170876,-0.244286265,-0.284342447,-0.190582082,-0.172632904,-0.156012676,-0.097769124,-7.36E-05,-0.139128117,-0.169205952,-0.084824689,-0.016904237,-0.02012942,0.001391856,0.003844084,0.016793541978657265,0.028255104784870158,0.11293597982085249,-0.006449676,0.09583204,0.22732758289719188,0.082264985,0.13193718299440269,0.12362264268200551,-0.345713465,-0.540427114,-0.202524831,2
-0.447396991,-0.420591769,-0.657118201,-0.53667936,0.5701854274312417,-0.330651366,-0.278475723,0.3010780308204381,0.4664868730086137,0.14650460112625943,0.10399890433415462,0.079339878,-0.18084434,-0.196877312,-0.500969687,-0.476775724,-0.319896313,-0.503167857,-0.549034039,-0.371434313,-0.370771493,-0.250103643,-0.489781082,-0.360241237,-0.175262703,-0.136893288,-0.315456702,-0.198752047,-0.380262327,-0.44818045,-0.467605193,-0.374673479,-0.328386258,-0.24744845,-0.249005429,-0.223238019,-0.258482462,-0.170737117,-0.104047604,-0.064182237,-0.064366845,0.036174691951205255,-0.000638784,-0.035993719,0.065265531,0.053588386,0.1407985290153696,0.14673966693624818,0.23461179376337443,0.146928043,0.2129306504892696,0.20984766773228977,-0.311945782,-0.278637606,-0.163845142,-0.22959046,-0.508159393,0.406034798,2
-0.434940287,-0.1546035,-0.499994261,-0.153066161,0.7113593652770804,-0.222958533,-0.60796851,-0.101868832,-0.112698043,0.1761437770289222,0.31746453270537583,0.020653947285502135,-0.000363375,-0.121306452,0.012711635609797477,0.057484402234360896,0.11820491850988872,-0.040000478,0.13375585804743015,0.082420699,0.29235130099578716,0.5091273085315052,0.6025222566114906,0.4792115648138486,0.6103320855974255,0.4719525616974571,0.5135842820144997,-0.012803121,0.017218255,-0.365638774,-0.343296265,-0.270344678,-0.183755337,-0.12076069,-0.224025263,-0.22658295,-0.227858312,-0.311802613,-0.236492708,-0.154786404,-0.075536556,-0.043772193,0.040053456,0.049096130457585825,0.009101021,-0.042510944,-0.124521177,-0.155290734,-0.107666542,-0.049803287,-0.13809451,-0.085772506,-0.15153823,-0.054380436,-0.430148815,-0.150056462,-0.509713774,-0.150135751,2
-0.427647919,-0.381656041,-0.211933703,0.5904960145910374,0.5935194454548807,0.5362297510701102,-0.596513964,-0.333956924,-0.063210348,-0.072870744,-0.353251309,-0.440624517,-0.579605692,-0.51466249,-0.454938381,-0.439323578,-0.464730365,-0.265765156,-0.066720744,-0.135120439,0.001362493,0.030935414111812026,0.20141061319422054,-0.183666689,-0.073444701,0.092009417,0.21288316639990387,0.340924605,0.423864207,0.023195098929322717,0.050352217,0.034346916,-0.2831544,-0.19928691,-0.222355231,-0.284996351,-0.215601499,-0.457739534,-0.369685912,-0.342791042,-0.441848609,-0.37143061,-0.376302862,-0.395867041,-0.316676485,-0.256883452,-0.137053123,-0.050938508,-0.201459745,-0.173031514,-0.074506812,0.054964475,0.1945319910483909,-0.008397079,0.069912829,-0.216599157,-0.492521395,1.060024366665968,2
-0.488032165,-0.481374079,-0.401791798,0.27659194450294833,0.4314110947754949,-0.764739101,-0.545049593,-0.50124583,-0.135999769,0.021571336,0.11897367350014672,-0.015680697,0.04352236,0.098230195,0.12765363532159513,0.257800951,0.5116582476393678,0.31634529513870707,0.323502541,-0.022731219,0.082591454,0.1651209773090153,0.37631517609495907,-0.043187134,-0.153968574,-0.161520245,-0.199040357,-0.102661566,-0.135574801,-0.042907736,0.059610260989840846,0.1003312078277379,0.049102607,0.072517058,0.10851526167639576,0.074988126,0.08426158,0.13417464023439582,0.18679539310679436,0.076722225,0.001214683,0.001031247,-0.072839302,-0.115494324,-0.186150204,-0.064464559,0.020329180035594547,0.14675853178173334,0.14900917784646642,0.16291603642680635,0.1711691773888598,-0.66045996,-0.534637799,-0.484609682,-0.321153121,-0.283201771,-0.534624441,-0.350979354,2
-0.447242516,-0.898855182,-0.447619614,0.024094799,0.393915069,0.3687437120769179,-0.382937163,0.014245770615157848,0.29222341811859937,0.038958030619344615,0.15200288277948193,-0.219199372,-0.254232235,-0.090838239,0.061670363,0.2671987691328426,0.35581421109832373,0.5928470221461998,0.3519275763911779,0.19437129251310398,0.2936959528831653,-0.25165932,-0.111756731,-0.149383587,-0.105876419,-0.208953482,-0.077079003,0.031923983,0.046025818,0.045224318,0.023082572411165698,0.12497658704702165,0.03794821,0.1043888529051032,0.06527489,0.11238196624619196,0.21034745187275564,0.29552266211110234,0.29234376,0.4037937499021721,0.3273819848729966,0.0884265,-0.342063573,-0.323992647,-0.277584775,-0.160820716,-0.142729353,-0.072982227,0.015928219,-0.191270287,-0.043054293,-0.435631406,-0.298133218,-0.691777548,-0.494378716,-0.281846337,-0.499266125,0.6841817110281322,2
-0.463368419,-0.562750092,-0.545822077,-0.190921231,0.42835471625633537,0.22087446136204866,-0.330231346,1.8966123660887728,0.7834886757713986,0.07248145,0.068179213,0.16040995874157082,0.24993191869718717,0.17312245936408663,-0.132525225,-0.188259157,-0.105881022,0.088265333,0.17456987323634013,-0.000723847,0.022148371,0.041783755129755344,0.21959764468912146,-0.02204217,0.1692200215013333,-0.052678741,-0.026320996,0.080727366,-0.11700191,-0.089052343,-0.078912057,-0.026389588,-0.017411866,0.069151751,-0.130526502,-0.104036724,-0.253239466,-0.156321881,-0.097814596,-0.096383813,-0.132180428,-0.089202519,-0.028174849,0.052211682917978605,0.10881418827913497,0.15135964415724554,0.21390645222582086,0.3539038485948456,0.4552485104575584,0.5597317573798684,0.7376294798541022,0.8215078946519685,0.9495278861246751,0.8767034541639038,0.43036480899507645,-0.260174699,-0.51664962,-0.033479803,2
-0.417771308,-0.486247665,-0.545822077,-0.325093593,0.6380415448410498,0.19041720569693796,-0.293368414,-0.017104601,0.052321653,0.099298159,0.2933694412277575,0.17711321355671225,0.11877572997396328,0.2515659198378671,0.033664278,-0.076972125,0.08592975,0.23575751236325546,0.4755699026810685,0.7278316951352276,0.9968843128721578,1.1465316117815796,0.4083986396704096,0.2340335720265662,0.40189888835509274,0.5308496232844584,0.2093955822073549,0.20606735786425082,-0.070288625,-0.122786766,-0.004943115,-0.160888273,-0.074741535,-0.259641029,-0.178961391,-0.172666641,-0.237247487,-0.187200072,-0.269145484,-0.284780025,-0.272527754,-0.204501926,-0.152081234,-0.057486508,-0.381969221,-0.264628131,-0.155246545,-0.070285111,-0.037749933,-0.547422701,-0.599559569,-0.44939253,-0.266891726,-0.533886055,-0.411480702,-0.195261549,-0.487068726,-0.323265312,2
-0.457609127,-0.305695282,-0.644024539,-0.47240343,0.5676230816765561,0.22392680165407755,-0.28461109,-0.032703323,-0.104193702,0.1775923644356324,0.4011963326954489,0.44865920295275613,0.4188512087290304,0.6390307785185807,0.502917455,0.3877355514565728,0.3641290098347852,0.44321929080722616,0.4801836630711875,0.7064520064333285,0.1821495385824407,0.34318000611720567,0.4576269077333462,0.5093354077907409,0.40601832270406496,-0.246577979,-0.176439646,-0.103379598,-0.445708389,-0.481437625,-0.374622449,-0.404767451,-0.323312858,-0.313482836,-0.276206209,-0.19575902,-0.150124197,-0.193157845,-0.179002951,-0.089247923,-0.213741665,-0.113331529,-0.004421468,-0.078960627,-0.20298008,-0.410701453,-0.562600497,-0.716300087,-0.70690437,-0.649157814,-0.51204143,-0.628123671,-0.548776113,-0.965375934,-1.009541187,-0.246176859,-0.513792107,0.9819165532821127,2
-0.471944836,-0.676966447,-0.591649893,-0.289172319,0.4909517229157799,-0.023511757,-0.31438917,1.4323565647452479,-0.076024005,-0.122295768,-0.231475086,-0.08634196,0.022881660055382835,-0.040595896,-0.159003004,-0.135332567,-0.389502938,-0.353730019,-0.11889665,0.1370360669747573,0.3387768026355454,0.004894473,0.19338865910669545,-0.323494371,-0.283054636,-0.171172564,-0.136581952,-0.087118544,-0.113637733,-0.160282469,-0.153832727,-0.074715807,-0.045194571,-0.03829652,-0.041458003,0.060077786116184514,0.15679634372804796,0.089075216,0.17387364867738694,0.23706403475766316,0.3188076971384603,0.4192373661508889,0.5159342059567829,0.39146067749673785,0.47967995169115213,0.5912438279130464,0.4423273518692897,0.010433516,0.1490195271773092,0.2113634987886241,0.1954857387865413,0.30108979958901544,0.3025346015944467,0.3495964494023612,-0.589453121,-0.291070273,-0.519211141,0.2690388763684594,2
-0.488541046,-0.54457272,-0.558915738,-0.150266792,0.6175426870498428,-0.062308651,-0.418690307,-0.491758209,-0.443037777,-0.256584458,-0.397038372,-0.401269605,-0.488317261,-0.517376205,-0.555451913,-0.412225846,-0.272883814,-0.244292958,-0.006844721,0.15859849419322428,0.1254640307656946,0.29593155075088184,-0.091167952,-0.142074302,-0.283470584,-0.186664733,-0.126108039,-0.034336286,-0.338103976,-0.244558325,-0.198104311,-0.140733396,-0.099764007,-0.121516678,-0.078182709,-0.082620241,0.017835653,-0.039036813,-0.044823159,0.056058465,-0.076824636,0.002994903,0.033739008,0.070512508,-0.097277782,0.006624961,0.1069370567458562,0.16714600636066362,0.20081323021730824,-0.293703017,-0.556085766,-0.790961133,-0.614739673,-0.790526349,-0.769964965,-0.27002903,-0.537618934,0.4052754206421331,2
-0.447266568,-0.505521511,-0.290495673,0.4450816599940156,0.47550231856047154,0.4156824741079744,-0.112751453,-0.552463372,-0.368153151,-0.102359624,-0.322836008,-0.192614009,-0.027164179,-0.003875635,0.16607816234570397,-0.311721639,-0.204387105,-0.072454817,-0.030493549,0.15523461196006372,0.2733654261112317,0.45019164078853036,0.5910778254823269,0.39333454194792844,0.4509574585011498,0.11612285270641183,0.07023987,-0.043584123,-0.052559651,-0.058633402,-0.090291839,-0.000112551,0.084836983,-0.088451768,-0.086370096,-0.047993243,0.037065246,0.099475606,0.1989212150011207,0.21463878208878986,0.31351412144246765,0.11079568188102276,0.22240260618541433,0.2791802470197154,0.2809016037581523,0.31560625199564457,0.18782272818833828,0.1519651645715483,0.064950225,-0.020666652,0.044558754,-0.066865607,0.030082499,0.21083840890968272,0.39353242194754307,-0.237170995,-0.506601207,0.881367103,2
-0.431176263,-0.065435819,0.2725317811326142,1.8910242490202425,0.5417814337167001,-0.510599202,-0.24661883,-0.224391675,-0.172603208,0.044208357,0.20659648496420013,0.046999690297281536,-0.348458881,-0.17738876,-0.216733432,-0.11306948,-0.273216608,-0.174819165,0.078368146,0.2194788195159734,0.22514316728073258,0.3836938869247402,0.06068257,0.002128381,0.10359006601492063,-0.163507472,-0.28438104,-0.163576327,-0.159952506,-0.164844999,-0.114416726,-0.174582908,-0.094159037,-0.087454552,-0.127760555,-0.074576288,-0.151729126,-0.222028573,-0.164502144,-0.108198572,-0.029688465,-0.093510372,-0.075904469,0.021761803,0.12704891216053413,0.069815844,0.12916749869653238,0.21713798813132268,0.3602152368102543,0.23338303349811848,0.28646283563842057,-0.063083022,-0.78640954,-0.827631943,-0.710133771,-0.142340701,-0.507788749,-0.050141175,2
-0.442259534,-0.633661868,-0.499994261,-0.131184197,0.5813897834604409,0.2093767946354474,-0.37254697,1.4420511341375297,0.5397448332806406,0.19127544486873085,-0.325099207,-0.240235503,-0.363761855,-0.190618884,-0.083039747,-0.106028019,-0.285312944,-0.194860533,-0.126540874,0.054090741760988825,-0.131955109,-0.030103666,-0.095858336,0.098596073,-0.131547088,-0.384294371,-0.247050592,-0.159386833,-0.024921103,-0.06296656,0.03378444,0.13139786964160646,0.2448145641176208,0.052912711,0.083538833,0.14981121111856743,0.1355262233277227,0.070406634,-0.012178289,-0.051553868,0.052993783,-0.059798983,-0.173588106,-0.171050759,-0.103649284,-0.123647248,-0.001189339,0.058617131,0.2003759585500581,0.053065573330448174,-0.162927063,-0.34723595,-0.264802756,-0.068466997,-0.031248338,-0.203078537,-0.507767793,-0.022121239,2
-0.39560245,-0.818591015,-0.401791798,-0.011006017,0.4287763858981249,0.10352714886205099,-0.351408759,0.3992234901595182,0.912720363,1.2119048922712647,1.0634640938076398,0.22971784165708592,0.3246544115164252,0.39913804230094424,0.33389631248183677,0.541677091,0.43474027782093955,0.3838857330633112,0.4879952057199868,0.3764242632857644,0.2811508489372831,0.26796634190877594,0.32760953315105185,-0.214294448,-0.071760139,-0.053636238,-0.065804186,-0.330326377,-0.20484807,-0.275304945,-0.162493255,-0.065205946,-0.016896137,0.014946221884687617,0.090762095,0.17343995648488902,0.176029847,0.16806172724215268,0.1360837543522896,-0.013985461,0.024361352080214893,0.096770051,0.16833374278026303,0.28439296958898397,0.40944566201165705,0.45306792534020934,0.13259430294964414,0.24622416200381053,0.26006037537891863,0.3304809378600709,0.4481106389696763,0.624639917,0.7672540993017561,0.1559631443143601,0.050954287,-0.051460847,-0.491222405,0.072898083,2
-0.444905259,-1.000690154,-0.558915738,-0.280923121,0.35195580495830986,-0.372574242,-0.215142214,-0.239375632,0.24964824724093695,-0.139604719,-0.319781099,-0.272258004,-0.357545044,-0.230292316,-0.075916852,0.11151576849288561,0.253237586,0.516666645,-0.026361371,0.19606905166908875,0.1466161819480382,0.22466172520600097,0.20933724871506373,0.2896627703059506,0.4080615599208087,0.3587377452745372,0.16538215573854473,0.21601879830311735,0.035479848898276205,0.038038743,0.063390617,0.072448864,-0.0430814,0.060799384,0.011483660375570321,0.11245165292653983,0.18128933551124712,0.080805441,0.18655856200675094,0.047884924953224654,-0.225271747,-0.184888835,-0.088942385,-0.044316587,-0.00906304,-0.13126449,-0.091326275,-0.064066721,-0.064123905,0.046213713,-0.036437991,0.1513613272280637,0.027501725689382073,-0.309909263,-0.160798707,-0.213557204,-0.508174816,-0.196146513,2
-0.414482462,-0.598465869,-0.146465394,0.7204001964790759,0.4819021119075116,-1.376505998,-0.605786266,0.5458214166565613,0.9487317689837478,-0.064214139,0.16803105445040675,-0.124313463,-0.068253823,0.1175427479387436,0.13214126953441277,0.031810431244844534,0.2409113774041006,0.3228208616934463,0.3667552705434073,0.3747605300129331,0.6562166381072704,0.8002141353458334,0.005812862,0.18085342998879897,0.3115657078623989,0.16312596502421578,-0.059763743,-0.146058835,-0.332296653,-0.21854043,-0.270005818,-0.190066431,-0.193695039,-0.169775609,-0.152776536,-0.091092187,-0.036527686,-0.003226307,0.077247297,0.16237196325746864,0.1971130230781511,0.2915269953939488,0.2594727379640734,0.10981109631677281,0.20472829604079976,0.24855153532570748,0.2576644860594033,0.1851217304932932,0.085201394,0.080159072,0.027909337580534203,-0.033005922,-0.028028419,0.12581945878360468,0.2831607036617676,-0.087483176,-0.501971541,0.046295594,2
-0.40180887,-0.536897,-0.225027364,0.47206647009630165,0.4369205097507437,0.032768667297617966,-0.217031416,0.7529876678126228,0.19994975721929756,0.5656090031793944,0.5418258496608759,0.067581978,0.22729670815155975,0.1867626241921553,0.3589400484070609,0.5419654448622828,0.31884839845977875,0.1864224085875513,0.42786603671183315,0.6989980237692444,0.8071034559402016,0.707838312,0.6229146946351172,-0.151064286,-0.304759272,-0.208407324,-0.064775614,-0.164150971,-0.031910338,-0.064427215,-0.020293808,0.044153983,0.071480945,0.1262831603739568,0.20253597450213773,0.1591390172885797,0.13050269395816008,0.21106730989198286,0.062369987,-0.099206623,-0.262027129,-0.231109114,-0.205664027,-0.113304925,-0.004685152,-0.159946833,-0.159454756,-0.045808456,-0.401872364,-0.494737728,-0.611315126,-0.463351107,-0.279144369,-0.573003104,-0.474148239,-0.105926361,-0.487978571,-0.066440275,2
-0.398973374,-0.735120179,-0.558915738,-0.413273028,0.42302299770661905,0.06931175,-0.477731757,1.7361331700744058,0.9162032610383489,0.5062669672141323,0.3853985637170398,0.052666724112718645,0.11678127383129652,-0.171192765,-0.03232753,0.002034075,-0.089418032,-0.000111583,-0.019375123,-0.0833392,0.11167718663559235,0.2817765518236007,0.39106233003515994,0.2129059265599153,0.3885440931172731,0.21923274006531066,0.33365980756316294,0.1992609700385489,0.16640054953142017,0.17344170823223493,0.12226904855634999,0.023206013,0.080258605,-0.000527719,-0.011686674,0.087199048,0.12332844148927843,-0.096226179,-0.006659264,0.000966951,-0.002175101,-0.035057776,-0.09608522,-0.125240806,-0.074072663,-0.013219177,-0.365264288,-0.346543946,-0.232603925,-0.200002272,-0.101867024,0.014518449,0.20356608591856082,-0.337397061,-0.202570329,-0.07044447,-0.491373139,-0.073527232,2
-0.424703137,-0.07433049,-0.126824901,0.806633759,0.5793080744230085,0.4203364238016608,-0.211152294,0.4275068923782192,0.7440863790110273,0.42015279253013327,-0.236197722,-0.262245156,-0.15098482,-0.002056596,0.18669833337223488,0.083312454,-0.022003425,0.085918305,0.24789797988547374,-0.039452328,0.2233169438398009,0.17297673544235795,0.1633166093099613,0.30824107530268796,0.074110905,0.030569243907177315,0.034064346,0.040271318623582596,0.18196618018368987,0.2030717730406592,0.035539175873828224,0.13220851785486487,0.20572326424262102,-0.004572471,-0.03351209,0.000432284,-0.009384737,-0.056146672,-0.048376459,0.006332431,0.10796443705217344,0.22530521072805332,0.30452402896721537,0.43150528287131934,0.5730988393999114,0.585974864,0.5054770955860134,0.5546651766025779,0.6861127004297793,0.46749883004695114,0.5365760727766469,0.11548904839836344,0.11875510237214801,0.13368563088535743,-0.013214151,-0.23155575,-0.487636424,-0.004778134,2
-0.436878521,-0.451331551,-0.480353768,-0.094904409,0.6146255601357493,0.27272612620316455,-0.14039893,-0.232925151,0.036667513,0.11642359086921382,-0.159325378,-0.112549533,0.003578502,-0.003672036,0.13153767943811565,-0.077481588,0.12271765978232066,-0.245662022,-0.019684076,0.002720203,0.26829097613111147,0.3568879903726975,0.5057675960950114,0.4587745118887122,0.4115072216545095,0.35526415158644964,0.20375759143476377,0.097343319,0.15998127582097113,0.18406736812811272,0.014701337969673059,0.081037097,0.18840640001648248,0.24033923996166057,0.15925261115662073,-0.091993709,-0.088213576,-0.357119624,-0.318799217,-0.353534787,-0.267777135,-0.216106765,-0.12778359,-0.369861123,-0.373918885,-0.417626091,-0.300346138,-0.249099905,-0.163141787,-0.561748268,-0.748083235,-0.666542151,-1.032548923,-0.945954524,-0.883553932,-0.215797143,-0.501154709,0.5104848665364184,2
-0.445489814,-0.883216639,-0.72258651,-0.717321954,0.3846188547378385,0.2763705248563818,-0.389928651,1.1286942207613282,0.20120299400143798,0.5652700087992709,0.7132673249213902,0.067980292,0.2228885359245332,0.022314560429586877,0.11204339269623834,-0.013376539,-0.079081618,-0.352827543,-0.108447683,0.11482906459147385,-0.095242073,-0.021246417,-0.066186845,0.15209595506319493,-0.037238168,0.068870428,-0.207715195,-0.181072704,-0.133834595,-0.087014578,-0.272414379,-0.229198952,-0.134748966,-0.091836739,-0.145096018,-0.063891792,-0.032485348,0.052023486,0.15062123125621202,0.2542483064318463,0.36175298783308996,0.3414051641781191,0.3953214020120619,0.21980019746277865,0.2704543175249643,0.3235525246044264,0.4228794395112892,0.47353420698498744,0.5514880989567775,0.7309909477491017,0.026676795478576983,0.12666513594354734,-0.087930694,-0.064697341,0.033478091,-0.224859687,-0.506424527,-0.034911353,2
-0.325038418,-0.005167729,0.043392701,0.9171536820146854,0.5827438852752475,0.27333851160251826,0.3295649382146049,1.868416928355185,1.2770295712765265,1.453007071585371,1.1378841348184976,0.5917577669071195,0.3448897802426156,0.5611608149091687,0.3881718800357712,0.3050768123235474,0.4871045554390216,0.5856193030777086,0.4491692579660556,0.5903944389543992,0.42200019662910515,0.4481013798156785,0.20450801037455554,-0.16342908,0.006888655,0.097377794,-0.374361701,-0.274410842,-0.278836588,-0.418335672,-0.314146522,-0.330092963,-0.389419723,-0.468327482,-0.395931256,-0.312227531,-0.308205773,-0.239306157,-0.173263046,-0.112500471,-0.148125132,-0.056428192,-0.046516108,-0.106848796,-0.006646646,0.041735869,0.15783691248771523,0.2746069172377227,0.4100781718392713,0.32697506776524354,0.44391818645436576,0.091336559,-0.394623668,-0.234991086,-0.138680071,0.048388264,-0.445661363,0.3831698843163133,2
-0.467356277,-0.706154979,-0.015528777,1.2540062850545437,0.3832008311451671,-0.20698156,-0.431564153,-0.213803873,0.2168829714824611,0.31216715930503125,0.22854061394493302,0.3370968244778818,-0.544341143,-0.692879261,-0.59324407,-0.53169024,-0.532684426,-0.367589713,-0.134597327,-0.064816337,0.13822114752555334,0.4075179035724248,-0.037787444,0.052454383871872345,-0.034144359,0.086949712,0.23389438258428397,-0.051538113,0.029640846,0.14080254840177292,0.063123839,-0.105328085,-0.247042088,-0.254769669,-0.549546851,-0.460087438,-0.430105628,-0.434573944,-0.574255523,-0.506872423,-0.509394269,-0.427221158,-0.427323596,-0.392530449,-0.35556836,-0.258743708,-0.50488077,-0.477514248,-0.51361894,-0.373310071,-0.243221884,-0.340088463,-0.271977328,-0.124862817,-0.530531526,-0.309817159,-0.512452003,-0.189261661,2
-0.421865116,-0.596872639,-0.670211863,-0.642887515,0.573350106,0.49889921978560725,-0.481701095,1.2018675957138711,0.597149962,0.24034331742713463,0.4341878005170767,-0.359664958,-0.341396845,-0.376812847,-0.398273941,-0.518055671,-0.379743984,-0.363218347,-0.174852441,0.083285266,0.057806782,0.3059350214866518,0.40930381355535983,0.49403711001899403,0.46503145605342705,0.582112033,0.339184012,0.081543745,0.20156646892391591,0.26200147678264674,0.24975004280970167,0.2738357733914477,0.28024608732947975,0.2704881368931693,0.24623801842244566,0.2846857580651865,0.1641143273711686,0.25966145000796415,0.349429925,0.090933441,0.15411124056711756,0.045201031875936826,0.12773325813565345,0.2474995966251547,0.36230325653876655,0.084338514,0.1756495806929797,0.14097146704012498,-0.007844895,0.011215168157327886,0.19108694078720279,0.19349956544490532,0.34735416074951925,0.360736978,-0.019659687,-0.208865257,-0.488574171,-0.136254983,2
-0.457098442,-0.717399224,-0.755320664,-0.77328029,0.4528219848230491,-0.561617149,-0.015398209,-0.106530057,0.45416188079476477,0.31286094004434034,-0.038217288,-0.279178687,-0.11216534,-0.224529438,-0.132903567,-0.043614833,0.008202029,-0.154922257,0.053786112014140686,0.070114994,0.17080365797309063,0.33534746383853303,0.3087145088862992,0.5036424085417037,-0.590670994,-0.557606372,-0.55381095,-0.427834325,-0.363807811,-0.34866862,-0.348130681,-0.262340872,-0.245673376,-0.532521662,-0.504605679,-0.500798538,-0.418441596,-0.425455691,-0.427449072,-0.343673949,-0.286940061,-0.2946101,-0.28338763,-0.180612448,-0.172997042,-0.116843393,-0.171080724,-0.113038234,-0.044470053,0.025395488516049235,-0.092110837,0.086608961,0.27086959810689715,0.40149922508645863,0.29669492973259265,-0.241960339,-0.514368337,0.04957241,2
-0.420671834,-0.419639144,-0.355963982,0.18614805671602225,0.5986477765295898,0.13370629815202786,-0.412952941,-0.070292425,0.4155172705352035,-0.157023312,-0.100144433,-0.166597788,-0.064722358,0.095373003,0.27871438909357493,0.4219903462990093,0.1410006911396739,-0.300514584,-0.154007708,0.065379046,0.2588177702419255,0.5091793742662892,0.5691890894158967,0.4678466032396404,0.5820974969581134,-0.024740168,-0.125994602,-0.241222009,-0.180696438,-0.300979449,-0.230745745,-0.176485415,-0.094359365,-0.006591819,-0.002580841,-0.005917139,0.023840122,0.12122146993452483,0.22980518201643296,0.3127388658859405,0.3801469003347532,0.4880886244551588,0.535741432,0.5780368947005509,0.7169428600664867,0.8324610517310741,0.7007145786244214,0.757981483,0.6859459128363526,0.7939774489935066,0.7887696139024265,0.6109190909949136,0.2560015061288533,0.040171904,-0.053589976,-0.126714512,-0.50070841,0.20021495447273613,2
-0.44873684,-0.946762786,-0.644024539,-0.497785128,0.45474914996405263,0.11815283694495736,-0.035082488,-0.1929372,0.23385832150345165,0.022788567401807878,-0.04294771,-0.298932308,-0.191580677,-0.116823097,-0.365832119,-0.270453473,-0.246848361,-0.299460897,-0.214399377,-0.251669602,0.007737229,0.2626628827928868,0.3200967139685114,0.49282612770326795,0.052472266,0.12681400743437068,0.017007620374195946,0.11536182330840095,0.19874915264561838,0.18438344731091355,0.011775093,0.10677236458402631,-0.077372173,0.022018576087153432,-0.018770466,-0.053905112,-0.020095991,-0.10005688,-0.119164355,-0.315314446,-0.228422558,-0.149600766,-0.22907705,-0.121075405,-0.093482116,0.019878275,-0.185229843,-0.056960578,-0.023687436,-0.015664633,-0.158213567,-0.481036924,-0.550329283,-0.406161272,-0.487084721,-0.210863215,-0.511728348,0.40885672008392954,2
-0.504339089,-0.654095239,-0.499994261,0.060080979,0.5438693514244197,0.509780392,0.174452042,1.8652970888119982,0.11694936174386798,-0.403549207,-0.870377093,-0.731738972,-0.756355226,-0.706392662,-0.617695216,-0.611046969,-0.624185414,-0.515281581,-0.376521631,-0.208105791,-0.184825331,-0.06577595,0.12835667939010725,-0.198922737,-0.023644327,0.12428458009853299,-0.617232222,-0.556088058,-0.499612218,-0.38805352,-0.397605039,-0.336020297,-0.258906252,-0.48608224,-0.429917493,-0.351354275,-0.455188579,-0.397031911,-0.321543606,-0.254186998,-0.210945037,-0.165398996,-0.10919949,-0.069327783,-0.005162324,0.091546709,0.10489575137643325,0.1946012406974158,0.341389087,0.5026770230612999,0.5169909581937802,0.5050676000857033,-0.339045293,-0.523940616,-0.68126985,-0.427632514,-0.525497958,-0.115525999,2
-0.434850874,-0.789020645,-0.768414326,-0.868579671,0.4287496549728404,0.16457245221460828,0.011645496460039925,-0.22065301,0.17822249358986858,-0.044263609,0.10768820627942921,0.2650748703592896,0.4449468216049075,0.009805711,-0.242444736,-0.464083144,-0.358361697,-0.230723301,-0.035096003,0.1888049669936567,-0.068064046,0.1574641699173128,0.14714256460523936,-0.279549057,-0.155570366,0.012271295666766446,0.14386561673019138,0.25123654665697787,0.29412076423651484,0.20346498077825087,-0.035867685,-0.035206466,0.047058416,0.053862901,0.11924708247401086,0.1845003871137694,0.20639101683146166,0.26202579845350005,0.36021073503906037,0.3363451420728036,0.21843508366257805,0.12982722446654152,0.24967185847119125,0.3399519774012762,0.087022344,0.1084062379964167,0.11783354307707916,-0.156159913,-0.00947151,0.020725375,0.044616381,-0.095561944,-0.33009562,-0.2839451,-0.127078179,-0.140829881,-0.511752953,0.942362995,2
-0.400117289,-0.316757219,-0.257761519,0.38070369758391165,0.6825518079937095,0.3436046027826091,-0.479029308,0.25409730125179386,0.9715938156043286,0.5023925388668299,0.2980680584833235,0.18800210271262346,0.3679378276612559,0.28349243492948634,0.005406943,0.16795281543248292,0.2974118230208215,0.2342475098139419,0.2008143499284511,0.4225545372569401,0.5063052111173304,0.3827972636775144,0.5292382460636194,0.4818037944329808,0.5239263646641632,0.6080779989276295,0.2071879229533928,0.2958157112097033,0.3265856758327013,0.4169438083251365,0.47642524561169847,0.4164805144592488,0.5280692380401755,0.645260497,0.6967282780967097,0.647329857,0.6864551824632931,0.5110011521142285,0.6202507552000681,0.590556217,0.6074141354565601,0.7051202387881866,0.6105318438047247,0.043230738,0.008573989,0.073991742,0.14607799833786655,0.1976946920072336,0.20451929408009187,0.37399775718607836,0.2338852021440858,0.23774041871267856,0.3954275632955654,0.5614020568534701,0.45725391185763137,-0.078163942,-0.491004368,1.0781103222848671,2
-0.476356131,-0.415822485,-0.513087922,-0.06293136,0.6546170429470711,-0.112465664,-0.087654168,0.022992008,0.13232120218098656,0.2606914110863952,0.3309372332901411,0.5533007619427438,-0.139082296,-0.233785921,-0.255348262,-0.07860816,0.038928643596018345,0.2284670391099872,0.5001336384555208,-0.002892355,0.17083282929452326,0.14631572008574975,0.34560851038470525,0.5109129174715763,0.4783808293611094,0.4937781788009191,0.3192354127399541,0.25217883284411435,0.18251531950106267,0.13838904578254613,0.055269323,0.094185458,-0.008547107,0.097442505,0.07277549,0.091266099,-0.251759218,-0.192858191,-0.220406529,-0.126609936,-0.068579142,-0.004109485,0.001477167,0.07236462,-0.0800349,-0.139423939,-0.069520303,0.066720275,0.1303478540822262,-0.038229698,-0.397416933,-0.806006017,-1.17988779,-1.176287188,-1.028974485,-0.278920873,-0.525336859,-0.302611096,2
-0.424698777,-0.825948192,-0.558915738,-0.339783799,0.574726198,-0.01018382,-0.217085903,0.2520303891937103,0.23849114779553915,0.2519522610501155,0.069975142,0.21869921969550887,-0.871712724,-0.75772869,-0.626433375,-0.541707698,-0.512678244,-0.368431247,-0.180896299,-0.274820943,-0.076296179,0.10389483009156827,0.14033168326283216,0.065726501,0.005137704,0.008806787,0.12159913533415737,0.2517620432598839,0.30451671962853255,0.39271980566661707,0.31716251799105954,0.3111747804253553,0.16973127280805936,0.22534514732803945,0.2636000910976599,0.3035565386455582,0.35019080886922244,0.46395971013801124,0.5764224947295662,0.6704551523474876,0.671403897,0.4480514418230555,0.5590623308383225,0.6181592394830419,0.7640140133853155,0.6884598983405644,0.1570319323461397,0.051883253,0.20631205442769088,0.17833007506223136,0.28500105027017447,0.34640840803675277,0.3268185013423187,0.093478109,-0.675827059,-0.146447715,-0.501018395,0.8842221927097489,2
-0.382581306,-0.659873316,-0.467260106,-0.220378227,0.4931489499220892,0.058068598,-0.21507335,1.067120462003972,0.5461038904643328,0.050616425,0.23286774523059425,0.2024968152569806,0.3952903526749402,0.2992235069116242,-0.375492567,-0.403676174,-0.356547803,-0.169741875,0.066089134,0.19118123574087362,0.15646505129337673,0.2813562789639302,0.22658258408984894,0.2813726153003816,0.10572598086698592,0.1549309514166917,-0.028442223,-0.155838211,-0.018582048,0.056693146,0.057171966,0.031259991,0.14234550870772025,0.23795348700699684,0.35114541881089706,0.35295247152741355,0.4326418915243274,0.4947880108775079,0.5427912875433445,0.2625239881716184,0.3399895479753722,0.4052281564642093,0.47747151570901614,0.49665235739175856,0.5498413712637409,0.6586355066459328,0.5396262722126598,0.6952104545103802,0.6469134364371206,0.6054643261601579,0.5504627509251404,0.4345635629425272,0.3499426220370815,0.5611278839266962,0.7375239260486409,-0.060540581,-0.478030493,-0.527675915,2
-0.384534242,-0.641537447,-0.336323489,0.12682582643177537,0.5528833925629896,0.4884289387455378,-0.244442424,0.43203929033174476,0.5273856342089868,0.6514393318500226,0.7592312400450727,0.4527337913214925,0.3515105386441384,0.080809319,0.13643856280708516,0.30678674751885926,0.17446269219314275,0.4001599566270765,0.668852045,0.2615883530515352,0.5062877079148469,0.620189676,0.8476405255145922,0.9480831075362278,1.1351520987032648,-0.423000108,-0.326068783,-0.292660977,-0.409746017,-0.37504642,-0.365121544,-0.37400574,-0.333040352,-0.358391038,-0.303377743,-0.250391536,-0.237328289,-0.149678988,-0.079610931,-0.174668023,-0.167463256,-0.214097006,-0.301560533,-0.429090973,-0.357205644,-0.302854821,-0.258947688,-0.181735644,-0.1835457,-0.222270344,-0.744168933,-0.92122647,-1.140981413,-1.295534566,-1.231504642,-0.137537076,-0.467390202,0.5761843281108244,2
-0.367945849,-0.140639847,0.14159516390200355,1.3149468130892101,0.6108927118162585,0.079665459,-0.236898005,0.7762890083051938,1.2878623534964448,1.346384686,0.861300918,0.7497089032287932,0.4020621017591176,0.067695595,0.073109124,-0.005929982,0.1513966914938897,0.33515351324556103,0.5344647829419148,0.6849821910918761,0.5051060410318239,0.7597493406200992,0.813850268,0.38004272,0.5069197170000234,0.6946741181074448,0.7363828094805485,-0.203611405,-0.196146609,-0.287218648,-0.222572922,-0.167598516,-0.298375337,-0.305414497,-0.369069629,-0.281136716,-0.213682401,-0.236637991,-0.208778938,-0.17339012,-0.0923909,-0.044293542,-0.086685908,0.014981717530725955,0.019141179868551676,-0.001293847,0.11900202044859667,0.14772257582680384,0.077653747,0.22713884500644932,0.3441725052941039,0.4884452669128546,0.49203478104504955,0.643049435,0.5779937396810467,-0.029217978,-0.470870938,0.1334373040640842,2
-0.434314243,-0.764135601,-0.558915738,-0.311901,0.46538686542942526,0.15700629285023654,-0.506225685,0.26085735310553887,0.2806272729544325,0.6656071431028159,0.2919788628326884,0.021011285149873323,0.19279344789863412,0.020932945247519243,0.19491148417683557,0.13653331913619338,0.15189510488827113,0.3773335703140136,0.6612574026180601,0.9200854542958006,0.44549432586812254,0.5495336069767572,0.051820342,0.22271633133564614,0.034654699988027005,0.075823948,0.011986772304516547,-0.176602008,-0.065639314,-0.088265776,-0.311228495,-0.232666066,-0.142485427,-0.061617843,-0.027974818,-0.165228399,-0.088799498,-0.039535977,-0.127540992,-0.062736436,-0.014229092,0.070762275,0.16002312327568086,0.18560162316153764,0.3112233871163085,0.21915462867253674,0.34580248131503083,0.24149176520030263,-0.19642193,-0.102261261,0.003632867,0.1214254021234371,-0.291490986,-0.089524212,0.099669816,-0.141416181,-0.5107666,0.4480310836151953,2
-0.416794735,-0.967413456,-0.526181584,-0.275975866,0.4047594141426205,0.10937746313723222,-0.324731651,0.2855255647904357,0.28906381151139904,0.3565323785332126,0.087563888,0.10473717578475673,0.16690533233834368,0.31201499647741665,-0.028313763,0.13806866941850177,-0.026343074,0.19529040762508845,0.085007128,0.31960399485529534,0.5287438210566795,0.45988515254924256,0.6910815697541277,0.7967319535972643,0.2178505869737402,-0.025543298,-0.148927212,-0.321065345,-0.263596262,-0.247611087,-0.153701695,-0.229092605,-0.159225254,-0.154260911,-0.240467537,-0.162618577,-0.225138983,-0.191762325,-0.094245214,-0.026792952,0.063074329,0.1292376815762688,0.17771942413440195,0.16974463092675515,0.2798748516158706,0.2077076183733944,0.25104797109810756,0.14044069301101486,-0.62363018,-0.840698566,-0.831582479,-0.965957776,-1.0132347,-1.232586009,-1.079640253,-0.153631629,-0.493367149,0.3256548882147932,2
-0.426480192,-0.659485442,-0.27085518,0.43021270024211794,0.461006909,0.4624054622360098,-0.446505709,0.2321818304545473,0.9273187999557121,0.49136602983625366,0.058454135262611846,0.13370818677694224,0.044982332675098914,0.095588056,0.2721816260171609,0.25023114057913315,0.16683106280793877,0.3567714385320272,0.36736082702613554,0.086044987,0.001352037,-0.079186044,0.024985593927945603,0.099078942,0.00882306,0.15603708459267543,0.1620962325663272,0.19314863927245124,-0.226827044,-0.149389466,-0.105570384,0.002640862,0.090914145,0.17975921406209047,0.14594512958664654,0.20473645907431445,0.21313956332361342,0.2110777158479866,0.084080607,0.077096389,0.16022072062651826,0.27107774315112954,0.3401271822255274,0.4612759909012808,0.5248459069685111,0.5112631280265674,0.6510718484689721,0.7998892748215045,0.29594825569911065,0.39421329202617317,0.5232101385858138,-0.515223527,-0.371735081,-0.335373115,-0.618937455,-0.179531854,-0.497671861,1.0026978822746155,2
-0.436490171,-0.363815188,-0.513087922,-0.183358525,0.55500321,0.058730762,-0.381338959,0.3756172812998296,0.8010518017742202,1.0248637494805468,0.2666854962586221,0.22083790282886648,-0.041289281,0.12102607957204257,0.021617194634902717,0.14408255888590157,0.24219647920701326,-0.187753385,-0.02315445,0.24515657530790055,0.39751078114469474,0.5180938954761265,0.051890909,0.23117981085499767,0.35943284109530427,0.4412729063750166,-0.039003946,-0.183737631,-0.414904873,-0.38897376,-0.329854059,-0.246600406,-0.227278572,-0.260537615,-0.237657359,-0.226744617,-0.138488558,-0.14918153,-0.137917821,-0.083338822,0.011908364374497694,0.12631334440443123,0.12407831028907058,0.098336203,0.11006256335568747,-0.099606506,-0.047905656,-0.032606684,0.10116619087962893,0.24631019425882444,0.3346294868327085,0.5090907815764776,-0.197542972,-0.223314731,-0.287091562,-0.195270373,-0.503814644,0.35185511097526173,2
-0.387317454,-0.791850799,-0.735680172,-0.907694233,0.476913185,-0.063020145,-0.103408476,0.6053838550769846,0.19008865260152955,0.4127664150719732,0.6545177746646748,0.5389569516396364,0.7620368248433793,0.1282824070372233,0.11289025910779306,-0.296010955,-0.314586237,-0.105941608,0.10454759701057745,-0.007988178,0.14320652902105166,0.39829388628673495,0.57742712,0.7804633998556252,0.6842774396372664,0.33999561378267007,-0.095316768,-0.028180211,0.056793268,0.18272766914901942,0.12735003446185836,0.19538035280368177,-0.107661899,-0.134017713,-0.105278018,-0.037788928,0.013011653,-0.162593718,-0.146197379,-0.094357331,0.010612505665404885,0.12559886067680795,0.20078726847286424,-0.06009987,0.065624658,0.18791810969255748,0.2052934630896045,0.19627962683276942,0.3175751561677171,0.473222707,0.12263868556928138,0.20280758850341798,-0.991734039,-0.92301621,-0.896684682,-0.109843286,-0.474416432,0.2742574129866638,2
-0.45779544,-0.580960499,-0.513087922,-0.119514768,0.46727463762790145,0.028734725012887187,-0.409422083,0.37726501819230457,-0.207312529,-0.0711412,-0.021496614,0.072467549,0.2346937650732714,0.16095444921073532,0.2719775718763185,0.4287364632625334,0.7300607130557387,0.9735496830199575,0.9874997633219726,0.8890870337371808,0.6951937221806773,0.7363753745957405,0.7096281539846704,0.5778004616371754,0.12827466501936613,-0.584623025,-0.726475077,-0.603397547,-0.48596691,-0.441135291,-0.342534751,-0.234941269,-0.338439862,-0.240451831,-0.159361373,-0.064476728,-0.21512451,-0.132200231,-0.057256861,-0.09062531,-0.057862858,-0.016494819,0.063719258,0.14294098463160548,0.1564374844781259,0.11954264044624695,0.09157374,0.2391300076033527,0.15397136271585027,0.18844514838883447,0.3065686767728024,0.46946052705615815,0.6197593399360496,-0.20063953,-0.162487916,-0.256017439,-0.51272672,0.32284075020752306,2
-0.303100971,-0.225986481,-0.126824901,0.4163559211364144,0.6433604484506106,0.5067445270654204,-0.332570519,1.6950223626389582,1.7016620949902195,2.139919138687051,1.3107036459090669,1.0919129629449136,1.2446037418501097,1.391155892375746,1.2948070889960333,1.351673691266047,1.652140631703252,1.0356781231654888,0.7445371389779667,0.3839239067207101,0.586782691,0.616987031,0.7885213688564348,0.8251542945560265,0.9038832855313583,0.5154185039653104,0.6490895442234272,0.33468513658698623,0.4371198797675181,0.058020131,-0.029139004,-0.130805788,-0.130913093,-0.085504505,-0.232186281,-0.16079254,-0.092329462,-0.043894615,0.045524485,0.114735922,0.14906310465873554,0.023612449698789676,-0.03440629,0.054838925,0.032315423,0.12291960725100783,0.2593566375184284,0.3856632497602156,0.5470717625084397,0.277706257,0.45973584563369563,-0.082760417,-0.284134921,-0.201882617,-0.581352434,0.010690479689369719,-0.420357186,0.5789422566868776,2
-0.241143571,-0.39091172,-0.303589335,-0.20312516,0.6695023452589104,0.19622950186176677,0.3362181680731814,1.8651135820667515,3.1729700651212736,4.0451200958946245,1.3832437052406834,1.7136556765023054,1.977686413084295,1.883110655028213,1.629251643,1.663302338812039,2.061310833036331,1.7027752278424237,1.1682065529895431,1.461602603111744,1.0276970070516604,1.1841273572413475,1.292441069722172,1.3923063827887028,0.9230340760068404,0.5610358006240626,0.43377780392397886,0.20657759953967905,0.22416009533344294,0.2797688409526721,0.2599513121780281,0.34415965045766794,0.33033587484201327,0.37282946792811683,0.402125292,0.4424223222207638,0.3609186243383491,0.47572582557072696,0.27113204536165736,0.20761372198754477,0.3253194881033006,0.42919893867799835,0.5449305071283915,0.62489503,0.4722265188103421,0.5825536181736475,0.6433985523387253,0.6660781616391647,0.8362321657972989,0.8290565478118226,0.7675146974774737,0.9031651693447139,1.0816783919270934,1.0545239080787308,0.9760817301224034,0.20618315810846227,-0.397381398,0.7780262755278292,2
-0.242521753,-0.63222054,-0.499994261,-0.682984457,0.4929396902072052,0.06744846,0.083072185,2.093525256560064,3.2518766091675424,1.9924742981085142,1.9788710093294335,1.5512000346028694,1.8107191312788689,1.3074514166114737,1.3298839284889057,1.5957704293166357,2.0979747512929845,0.9778305616401155,1.154325811233986,0.6060602804292312,0.7304995453752624,1.0024220297011588,1.2003334280354099,0.8872881890795727,1.0490996926789296,1.1857886757281275,1.3264194643964597,1.2587486237930265,1.0931255007107454,0.6912890010659613,0.6512302293688359,0.2591732828712778,0.2944030836191547,0.2802584520668831,0.16149932246373955,0.13154488160292488,0.20373090198871868,0.25210495739284805,0.037945589,0.032285181,-0.22204125,-0.129950489,-0.026054841,-0.115805915,-0.021038673,-0.169646047,-0.113496619,-0.316284137,-0.197798951,-0.070024982,-0.005258809,0.18859133335032846,0.1990309736688261,0.3651837880846028,0.4168911480957742,0.10726962031319416,-0.383480246,0.47167644247844154,2
-0.278044876,-0.922735788,-0.369057643,-0.264295203,0.47266250947146354,0.2822552200370695,0.032521912,1.5875671062234107,1.8436293245007211,0.8053720150523251,1.1231917699065106,0.8700202510858884,1.073273087766703,0.9457424398900873,0.32305285683046964,0.4279280063423454,0.7157539343383731,1.066081429803493,0.8968987928725267,0.5148451565725956,0.5544386697664507,0.36559269939065525,0.3344007423231991,0.40006805255411043,-0.413591687,-0.39218989,-0.238688398,-0.442656864,-0.325574773,-0.238298058,-0.179933736,-0.445692626,-0.376177871,-0.291064905,-0.304795113,-0.238136943,-0.152613192,-0.060639515,-0.014799026,0.079666898,0.085146237,0.15847851099905194,0.22168754424300702,0.349239089,0.47202439550230857,0.6183677245154767,0.592211603,0.6294372486680995,0.7463662806986509,0.7882289993156392,0.5674917471716587,0.5807683449934187,0.3805243649870404,0.589371046,0.586430712,0.06519371,-0.407453509,1.1417725092656168,2
-0.290985476,-1.196288794,-0.545822077,-0.672293306,0.36342777608620636,0.41770123110784396,0.2827963089956896,2.1273047317306166,2.158965223157327,2.9082849516447244,2.2079171310881796,2.3504446170912265,1.547797010885703,1.8268338198918517,1.7821930088730327,1.9005621063098181,2.418509329896756,2.079660362686022,2.152811835386215,1.0249844904669896,1.1733895498563465,0.9107497111447161,0.8941012566890247,0.8148149736689662,1.0157206670198724,1.0458103402705368,0.6434604609652788,0.27959186235376476,-0.124012297,-0.132290942,-0.096019949,0.014514012,0.006411229,0.018600908,0.009179202,0.021270036482205566,0.089716062,0.17909024352530906,0.24764387284964415,0.3334205628509899,0.38822390513956323,0.5084188295135391,0.4326090632792715,0.40794468718523985,0.19265852889262083,-0.019701328,-0.01263272,0.017461484,-0.148910193,-0.116081234,0.045401973,0.22038692987747377,0.40658771405610183,0.5212562813328337,0.5361779817383994,0.020293097914479627,-0.411598194,0.521841259,2
-0.242786356,-0.566691484,-0.369057643,-0.359858945,0.6111910338359885,-0.469818791,0.09117946,2.0868715461809986,3.6715869582780343,2.1806888450309256,2.2152642856137708,2.0559865370221315,1.954954771376876,1.8938556098461978,1.7764824755947135,1.604784472056506,1.748353896874874,1.6752266764519574,1.7923670723928864,1.3276840475288896,1.63219074,1.6846538796944166,1.9160563445872107,0.7936110224198246,0.8893287227082063,1.0379149799908745,0.9078673770416388,0.9774721685111625,1.1367628610057967,0.4336259208431216,0.4087626637701108,0.40598660914147927,0.451990825,0.5463741663977647,0.5109194209079561,0.4808449489478851,0.5869807213735592,0.6517729078230029,0.7688501086253462,0.8777305513803254,0.8840840442785267,0.9949855434719601,1.0492737352202688,0.8451521752129093,0.9102620630612794,0.4811576310570878,0.5740110583225091,0.6642004658892187,0.783801403,0.7615502008190991,0.6331089453077519,0.3988967838025876,0.6004140463426618,0.6543077994703063,0.7155586025499044,0.17028831768776645,-0.39332262,0.19151081264262707,2
-0.191195236,-0.326085778,-0.002435115,0.38985533489228086,0.6081660656832678,0.21745067530334186,0.3611509191325688,2.515425325570062,3.723024238023885,4.787380220424218,1.8716647995614402,1.905783734325712,1.5842987437456528,1.8608780328021497,2.035989432898312,2.2445731562483937,2.4547687981370307,2.2188271797406927,0.9844090913798084,1.2080050039478423,0.9967923053405457,0.8975480510428006,0.9833580659785957,0.6361570622309944,0.767295842,0.6062290042766845,0.5444072496638004,0.5495025219599554,0.6597639045762741,0.7464822989906353,0.876192353,0.9512333754105424,0.9151615463967115,0.9544167160153617,0.8755991429711164,0.759552758,0.8633946955297502,0.9203086519017789,0.9465177917689246,1.0317222211337091,0.9037522053536365,0.9985015448544552,1.0059651336840285,1.0932792187869529,1.1487231423881756,1.235985725062565,1.379000535,1.5374796501209855,1.6444502752838817,1.798581003929607,1.8413249560036202,1.7067323528886187,1.915671806740556,1.1103548770740819,0.4188566237463541,0.28463336549778334,-0.366503509,0.47065753724903725,2
-0.237626261,-0.272141824,0.2528912885480226,1.1549120269972348,0.5733917621594179,0.26300373281543643,0.6878182506113623,2.0909508273500284,2.8109149924078167,1.5589900135879422,1.6827038193597483,0.7010550589364674,0.9199968960976116,0.8348871576177644,1.047832641945935,1.3052967247745146,1.6943878014295517,1.8810542525247966,1.8604811114338977,2.025918990374812,1.742833414343439,0.837865014,1.0549538541484567,1.033406158788838,0.9703094758253313,0.7479059339353923,0.5579664352340364,0.43153489215601554,0.5407466993271549,0.6485146119927145,0.46389936588055364,0.5077294359760514,-0.050747551,0.041618779858375615,0.033893264,0.052624891,0.1341316409821545,0.18407101671355502,0.27680855698128776,0.30304629880552786,0.38885872263759047,0.4760084711711441,0.6062411748528008,0.5662276626256518,0.6866484501277036,0.6146815225163055,0.724380147,0.2994732007089632,0.3339397245870035,0.27808503794445544,0.023614058270319878,0.068711872,0.24641870317306763,0.36078403685502564,0.20833843281977082,0.20446909665693874,-0.394277346,1.5966455688113954,2
-0.290550405,-1.006555897,-0.545822077,-0.673423732,0.5374535623406242,0.027577385,1.4311249273016047,2.695687454916374,3.22569375,2.4832300531749936,2.3095561290070137,1.8457381620394147,2.0983931312941473,2.313647026532913,1.5197341294307447,1.5140418308322214,1.2555353198462396,0.7578989676072447,0.6607416072195895,0.7942769582208241,1.0590998741551467,1.3000722647105314,1.0023348423800882,0.6903146713657434,0.49150121408210373,0.641924877,0.51072518,0.6492065844816333,0.38061769902249837,0.26885005232200454,0.3715946638162592,0.30280537423318304,0.3828991542900519,0.12349227642229205,0.2139058078195944,0.2820016545900211,0.3045470142180137,0.4070856552314066,0.5066689215331316,0.5206060426527903,0.40506529983500217,0.45011128996069033,0.49919975128421623,0.4743601867715972,0.5346455544985119,0.6664903855338983,0.6535155890889597,0.8038238641948328,0.9681074982147544,0.8475713432796411,0.2181320892977582,0.3956691489966253,0.5865325759981022,0.41003045996685267,0.1385920666900749,0.054667757362204826,-0.416693297,0.5419068411058248,2
-0.261826464,-0.620802705,-0.499994261,-0.633479628,0.6300553903581214,0.3337368320299821,0.7581179477488416,1.8790571904818478,2.4305478255392066,2.844786654669174,2.389092019708072,1.3906481091545386,1.3014714811223442,1.4174867279050298,1.669987416715291,1.8620092250177953,1.3707207746574843,1.147538716305074,1.0808549790524333,-0.030366904,0.070076664,0.3092698182462459,0.2106153872166923,0.34880367805602885,0.47889534015427976,0.49970491393952376,0.46175791493349766,0.4721495272499513,0.4908232762274934,0.46001277429011567,0.5187278864549675,0.344133827,0.43224390629971005,0.5452619015203136,0.46939736549779926,0.42986861019121236,0.40204277172364156,0.32789703460993613,0.23370092493323946,0.2551714432124196,0.206931174,0.30294260642326953,0.35453725928802376,0.4544577236399114,0.48062651999399086,0.5377572383925657,0.691079662,0.2494770706899273,0.31817500686637284,0.490648512,0.39858340607913206,0.428470388,0.5139812688152308,0.4495126409910111,0.242688631,0.084923134,-0.396522156,0.9765586635280783,2
-0.2564821,-0.601262236,-0.211933703,0.065989445,0.4920864415188238,-0.710879434,1.5531681122824197,2.393775185585669,2.8569456817232104,3.4291925109039685,3.955206376673493,3.9080750880744146,1.2116168737039559,1.307733752532876,1.5356571258148277,1.7966742263414122,2.0297114985339193,1.1108741825072628,1.421945141066546,1.3275238212873568,1.3739398593826173,1.4723264395002393,1.489657741654478,1.6126634959083332,1.281051472363764,0.9388817916816486,1.025382629,1.051128151933643,0.8086284006210022,0.863277645,0.9196268259349669,0.935811119,0.5407042489302978,0.251878821,0.3348278659079602,0.42121841642606883,0.32352388997998033,0.43579960434284487,0.5463225139170836,0.5081844696622383,0.5777004297809605,0.5158891200920742,0.5565081491128276,0.6595296359524175,0.7820109311434827,0.4337775040954367,0.5632684484390388,0.7211666983130094,0.2254406736991803,0.1937354494919204,0.3275940714331639,0.3444912845653013,0.5259527025474101,0.3288605724092153,0.4359791272534314,0.036379858307686266,-0.384183354,1.063623434267161,2
-0.205346255,-0.578193673,-0.369057643,-0.458466342,0.6639649148059057,0.061798121,0.9705043521035065,3.5915822890939744,3.419314468823307,3.824837607312258,2.794656465246414,2.3876439106553526,2.157137042925145,1.7164062461639615,1.8323863287822564,1.9725976424761558,2.396010107137088,2.865311808840651,1.2385980211079302,0.8111874722274548,0.8089860967946146,0.9806946545288671,0.14181964836739425,0.340179174,0.3876648509850948,0.226853464,0.3583509426113812,0.5058807914617307,0.6289956141646673,0.39329218023296086,0.2527036138994063,-0.050505285,-0.038034775,0.058963237421089436,0.054606581,0.12461549361624782,0.22787846007076867,0.1855936608093327,0.046502044,0.026864776430973427,-0.032111491,-0.015742217,0.073920344,0.071289824,0.16025371544077294,0.2530516038081146,0.3660236603161129,0.38572681722779445,0.5133848523201313,0.5865541572215336,0.46534321747488355,0.5847872791252406,0.6252901713048061,0.7281744837654245,0.3939187243935062,0.2207883242079564,-0.368726213,0.7250062007022151,2
-0.241885847,-0.673866264,-0.434525952,-0.52343358,0.5890690522404789,0.23563540485163142,0.2673531054247783,2.4965923346124614,3.6676965998309266,1.3376276752321588,1.6313845166188812,1.9713409784516167,2.0964180589577284,2.0970301374883626,2.3360361261171922,2.385876524159017,2.4613231605412365,0.6987608974834346,0.8108780120679566,0.007728814,-0.293051324,-0.340716223,-0.141177416,-0.060659053,0.040161567,0.1956670923533553,0.22230540616714697,0.2794134022532225,0.40297625830235917,0.4262123558645723,0.4557084877089195,0.2047297823080768,-0.05697082,-0.114204232,-0.076020952,0.017242957,0.08139546,0.010891879261735333,0.10318664191742122,0.19288524051147599,0.22251174689567763,0.31470952784149875,0.34714874037239035,0.43379157723909045,0.576673022,0.5663833023581009,0.6748533267954824,0.7523531448653429,0.8218000032037729,0.9142971677737378,0.8922213546452658,0.7790133069967604,0.6198059987716001,0.5950909165724491,0.12269186637326414,0.088216357,-0.379877893,0.578748612,2
-0.161381978,-0.438952935,-0.513087922,-0.914307836,0.7633333064862726,-0.777030817,1.1648207434409414,2.361865695535281,3.383476964495101,2.964644959260195,2.6756024076114415,2.5379761891932127,2.8946800840515485,3.227261159348874,3.636268924992181,3.895012891,3.5859078823481045,4.027157742688412,2.4910024968900824,2.3985904638801627,0.7781342139565213,0.1917765275358326,0.4183403430988839,0.074311679,0.2247685873863967,0.32414546050221915,0.4601951041791927,0.065793562,0.1268062764522142,0.2264187226365508,0.094814028,0.19785534873443342,0.2615333757843619,0.2967575025893843,0.4090466244493905,0.5092004892788794,0.5309506592084227,0.5252620270386967,0.6308130561240787,0.7572116515583645,0.7490465723705865,0.8736630176342222,0.9289627770623944,1.0613843153148292,1.0666380363102121,1.2333094624625744,1.3633368899831588,1.2934197327902401,1.3357497092605628,1.3520659449176606,1.2936215576867496,1.124570643817105,1.1327980832421343,1.3546966921153043,1.5077899916693636,0.27945758464596093,-0.340292157,0.5679799228146116,2
-0.227315421,-0.464438238,0.2725317811326142,1.1694691783502282,0.6618496544812443,-0.056456158,1.1800999927674114,3.6287149464568684,2.8730414056581943,1.3262542800634343,1.589737930693696,1.3083809893696274,1.383989564539186,1.104940227002628,1.2247196602250574,1.5345265119760918,1.8452235447175556,2.211619059930037,1.5212451730705852,0.7122610919363622,0.9646564685917658,1.1735563324640588,1.2518673921640255,1.2606940146717425,1.100669953931383,1.2644537338687551,0.9522637191231303,0.6442410520572056,-0.162730338,-0.120800875,-0.013074064,-0.109208707,-0.020973151,0.074973211,0.18430668094236677,-0.00262439,-0.021707219,0.058359640247996517,0.14248067624456084,0.1944212129189429,0.21431649663983937,0.29150371349161813,0.3329699163233679,0.3984542131378254,0.5312389145210539,0.31336219697835543,0.44921518777276637,0.5951991076874648,0.7601402532165291,0.9132185549347632,0.9955424970906565,1.0925911689113312,1.2063322285457565,1.277173865560855,1.3759455880918896,0.12752553337299868,-0.372789979,1.0234932283706424,2
-0.215811299,-0.796806936,-0.414885459,-0.542863776,0.47711626698996995,-0.683613722,0.8636343663061699,3.285152033361795,3.6308228039324253,2.907832723019878,3.0737549944900393,1.3194977074241752,1.4911804949104586,1.3048290132894727,1.2193619197721446,0.9565548014019521,1.325370062652615,1.7143088996947136,1.4595358948291255,1.6184242263865525,1.1857624133600064,0.5316182067488398,0.4753165140492312,0.6680028648567221,0.8047584835663077,0.7403968874486028,0.48888214751859993,0.5633309850196204,0.6210216336103416,0.5779658600178603,0.2573774088387799,0.2826480124644258,0.39885223578817486,0.4366637880153422,0.5488711021571304,0.565309322,0.6474559857670906,0.732488933,0.6886964907970994,0.7967383567309417,0.7673445199327459,0.8618516767538001,0.7450122765185462,0.7388374508351117,0.8006681457064945,0.6119056302660895,0.6073516210100008,0.669871,0.573956297,0.2683885928508655,0.3763785798132914,-0.181715338,-0.20480772,-0.076917315,0.053273142053281396,0.13479148047977024,-0.364702274,0.6349122690237278,2
-0.160995882,-0.446974096,-0.480353768,-0.837133596,0.6905543863975528,-0.029909019,0.5398351509227738,2.773712189090381,3.9033719960475777,2.0525701945765147,2.3621361440492854,2.1055281073923764,2.156795867198001,1.9782985058061686,1.2049705926018643,1.4962673863129046,1.5447112032353176,1.9783808186481167,2.1468452759945595,1.972498085415717,1.830352448,1.2331885029538197,1.0850944601459398,1.0648651094416253,1.1320838369619384,0.608161957,0.669670738,0.543529187,0.6322923632438194,0.3325507446042547,0.42823805074022436,0.2748796189561515,0.31787191098413015,0.3590922256797215,0.47317699351768394,0.5730308871850984,0.669768453,0.7899614933491286,0.7211268098029712,0.7851948670630523,0.8781305467726997,0.7702279059880756,0.7293680014431113,0.8755774638474538,0.9115686405138709,0.8352842796623722,0.5645297051207591,0.6632144821297298,0.4044651774266518,0.4974124254851425,0.48417166957763075,0.38755829333886804,0.5701634213468845,0.3383647996764917,-0.338082601,0.31270873472150695,-0.345241004,0.5246676369941624,2
-0.162090611,-0.837613668,-0.526181584,-0.943872536,0.5362206060579234,-0.182264504,1.2390512583766948,3.225936769282906,3.9976757721151253,3.364679557,2.7559333393314773,2.3207807974236028,2.5234507836248343,2.4586815066263643,2.1583505036231956,2.091677576244212,2.4719550984875958,2.987583757960164,0.8116980730314277,0.5619642568255969,0.7797533195815941,0.9896754683260481,1.2360921238602922,1.3503213170963124,1.441054479527601,1.5421940721804663,1.333244591445751,1.0511049836691386,1.0343105448750278,1.0298130074081198,0.7442565895222901,0.21764767132968466,0.281931415,0.38760514769359045,0.20515191619054907,0.206140329,0.13001848637771202,0.18279625287293078,0.19643525050101998,0.2891135024564655,0.3827643639812706,0.4084778022281153,0.3276477549797484,0.3934024784762745,0.38545917800112145,0.5184907530552877,0.6452663947781777,0.8062441007951573,0.9801627396129526,1.1019812434547416,1.2616300878668558,1.3793229201378316,0.7205305356115427,0.9258218145339174,1.0220005789581712,0.19175772875936486,-0.327396902,0.069328629,2
-0.133663652,-0.459831731,-0.048262931,0.11792314264464217,0.7690863888319465,0.11173091602932861,2.3423902171371007,2.303927261189152,3.821633788182694,3.059708381620886,3.015269194185007,2.901914334268973,0.9953880778437387,0.8473265177536119,0.9206223172080825,1.045017595514301,1.437889864468508,1.8027902568677319,1.0682872247393547,1.1206488653671995,1.3771432403658066,1.6480415489974813,1.785880614538805,1.9525933836285538,1.7558529277360324,1.4506494708554982,1.3713063715416371,1.5331244419018148,0.8236863332308262,0.3619652280623849,0.2843501794617535,0.39455562889101276,0.1450217743228106,0.24751093947268765,0.19089046571901547,0.25208802897525434,0.26816567246085393,0.33631741839657525,0.3549415798687146,0.4431087718496589,0.4195054302670394,0.5055400135749479,0.6131493738133418,0.49831207659000265,0.2119323884784474,0.20281181842593426,0.253599524,0.38844668003282196,0.26577820237636385,0.4209114935820761,0.574343893,0.7628622273601438,0.7972654878055877,0.9248116041859844,0.7392834649177592,0.3642732150280299,-0.329433817,0.6320802500433381,2
-0.201324453,-0.439148503,-0.526181584,-0.849600394,0.5796215969803524,0.434300933,1.0403877040956293,2.170596831226299,3.339682269234284,1.8530751314953542,2.2268821941629913,2.5653120555153532,2.1842281866978785,2.068933870173296,1.969096473933554,1.6479358665331683,1.8839220307611082,2.2882667204126976,1.746864541300371,1.520321109833874,1.3390097508470937,1.5568596825732617,1.1286154721314923,1.311873308168709,1.3304937516969997,0.873666885,0.6956010346268886,0.6418627548776175,0.5848887402879286,0.546949045,0.6695267401739735,0.46416815,0.524960718,0.457044135,0.5552665775797977,0.3825184296167311,0.410543861,0.5082419678100784,0.6012773345387872,0.7285351820330249,0.8498170128226799,0.910601935,0.6919283938273711,0.6785233076788895,0.7381581020011508,0.5788483929266292,0.41422077338285884,0.13333915811806663,0.22854930419499128,0.2206466043007914,0.38437422689703865,0.36928592971873286,0.40082712966207257,0.039537597,-0.057690322,0.1369117848388348,-0.352391335,0.47163543469468594,2
-0.20745595,-0.300465844,0.3641874131940417,1.327911193418722,0.700514929,0.2661747394344189,1.0616017075019977,2.730104806691095,3.536426197435621,3.8641310479710067,3.132026634266422,1.298342685927194,1.5245260769809748,1.7078929489974237,1.817684940572196,1.6789448600908028,2.0631581248985933,2.045669014540647,2.1002640564822217,2.094052994186687,2.2857804491944385,1.8636496747024185,1.9646332207705115,1.398961731728749,1.5408631899047702,1.554426289794517,0.8402574677464044,0.3940066498436126,0.39337213416142813,0.4745762332015996,0.2498035003910317,0.18343532004670926,0.2936943082146554,0.3755487292373928,0.4229894392559081,0.43071829215605684,0.3738576999012486,0.4165742611765452,0.5131972108834876,0.6274203449863085,0.5802060102229998,0.6144429419784428,0.5192963636293308,0.6309574508563531,0.5716049015438506,0.6858489033898418,0.8417496086282557,0.9604192517601556,1.1045958831475444,1.0796296162864092,0.9286929961870848,0.9374427836642745,1.0656301805878685,0.692726383,0.435754307,0.13065827342258296,-0.35669273,0.4676644484935522,2
-0.172381127,-0.27310641,-0.225027364,-0.197833059,0.6367838456309352,-0.065692202,0.8165435779417779,2.420967455663669,3.805959633235216,3.082463906632285,2.7210413764798647,2.8113773177603685,2.233479443,2.2700557783483553,2.5479107321061223,2.726423988016683,2.9165872768135275,1.0168734759641405,1.0887556134419059,1.205275559098836,1.222410281189831,0.7508412833180647,0.6988389911604252,0.6541858218432791,0.7646481808137124,0.084470099,0.17193339183709022,0.074266664,0.16653736827136964,0.28943047554995455,0.22432611448760817,0.24482079840023432,0.23998527224006583,0.2460576185343904,0.30821552967040616,0.3459202599463303,0.3987728239900642,0.47473950752811206,0.35871939217663357,0.4776404215889506,0.556628394,0.6270511001283636,0.3008030605774267,0.3256564889678625,0.4408462941294406,0.4369139368934924,0.526630238,0.586645767,0.6838887096709546,0.48057093557231984,0.6755979343003738,0.7681651853944241,0.9459310850326765,0.9953088846980966,1.1399888520082435,0.21882192111285842,-0.340695018,0.7130212669515336,2
-0.142576317,-0.412423574,-0.27085518,-0.384858127,0.6581267461511274,0.1434696340232567,2.416121288947044,3.0899528932174447,3.5407284737926195,3.895278973135018,4.421489388693807,3.8954761772822746,4.2548372990619026,4.155180467234739,4.512436580066698,3.6094149827243416,2.785206153,2.3769961785981275,2.3242875983707667,2.516540835927562,2.144218354958341,1.9663454540499685,0.7133526619296255,0.8820112682162156,0.621841456,0.765544917,0.8655616221045033,0.8000025015954927,0.8689908104382082,0.9697597302793208,1.0495777260713184,0.9949796421284907,0.9573027123094554,0.9224447730778695,0.7621341012528206,0.6462037315912129,0.555773296,0.6455320925975704,0.5813079184856148,0.46294995,0.4944159156482769,0.4221357113924949,0.417483709,0.4984677217046779,0.6016677978049653,0.7000073710085579,0.6325047835242268,0.7688748716247381,0.892653251,0.1203491337493642,0.2615907354014853,0.3631887685970612,0.3172194288329664,0.5260476312401517,0.4401692378354328,0.2654763,-0.322284131,0.9968378022884986,2
-0.124680936,-0.342171474,-0.244667857,-0.368769265,0.6455395387993812,0.605240718,1.8131785132751297,3.0968314106031376,3.7811588430816547,3.670564255746199,4.076790599213565,1.6359216596028752,1.9755587074622707,2.2216700692926135,1.249013368030506,1.3326584870131497,1.4832321236807589,1.8879508909176335,1.8261895771281196,1.3232962255908336,1.5702013210684944,1.3929843169957596,0.7744853092497359,0.7755954320720678,0.937212563,0.30395742834948297,0.25237510314954603,0.020748195919594793,0.12566470148350878,0.094489633,0.12050324156237362,0.189493575,0.27335615296098864,0.3231143382976356,0.3702885129751212,0.3314742019735231,0.24419622625760168,0.27773542320557615,0.33650452179049406,0.17239524572003814,0.2518233598542135,0.14249495060840914,0.082288485,0.13450301604571005,0.2581073569852418,0.26527942280181016,0.40220713315521167,0.5250607380102872,0.6924050935828154,0.8724467668519456,0.7270991065848227,0.6898117593034544,0.825536851,1.015375381518653,1.1933962290427864,0.2499788428446028,-0.304770111,1.4449173048009964,2
-0.189191099,-0.251423604,-0.480353768,-0.768539819,0.7335107386565729,0.29838637592067674,0.9433350160368414,3.5499226073090147,3.642257206278769,2.144286734,2.307083368927529,2.4228885968065854,2.8250095623129434,2.082197055610779,2.297146308352891,2.649725270199946,3.230075871669221,1.05821521,0.7681486577479038,0.6883388184198345,0.7773445401614542,0.947683352,0.697041886,0.9234985708961578,0.4686751941602806,0.5736151332780524,0.5933298678256274,0.32112577709944323,0.3065116310512194,0.39761063156011955,0.082474258,-0.03330943,-0.099468078,-0.004363908,0.047469491,0.095472074,0.022744540554125125,0.11488137880810192,0.20946437770113244,0.27507196953030044,0.3531187172681384,0.44040272024478827,0.5693755256458218,0.6856064784035222,0.710753953,0.8476557635318221,0.7172591297887406,0.7638724755032766,0.5504127097742214,0.28418683671937683,0.23239242513668185,0.2870963075846546,0.090997381,0.295632371,0.3075768410911592,0.11574473670403763,-0.339479236,1.055370321651451,2
-0.09525669,-0.559903832,0.14159516390200355,0.45590692152968554,0.6047388490987745,0.5345379394920293,1.6426342064008541,3.8832123626744246,3.465359864776804,2.6313136886159034,2.6551066993289565,2.6020614137550497,2.124866122647914,1.9923358166240057,1.7854583743384531,1.9169104361285902,1.974255414441321,1.2593997130492844,1.1411261064370355,1.0145988262582906,1.2053634440920045,0.4206564112951087,0.3549045719996691,0.5323214364456519,0.5484938185081721,0.7129512243213916,0.618186187,0.41446144383820815,0.4326328034664632,0.1585615998669982,-0.03462793,0.0719519,-0.001050696,0.025958811239685582,0.13240069251608794,0.14223155654143102,-0.090389389,0.008976268,0.10210026470026436,0.13843617970316668,0.22733482307559963,0.2781421182518492,0.37165297918038726,0.46480239707011717,0.5851520682880319,0.6198972461150409,0.6656045953748287,0.6869873470508499,0.7399298096016391,0.875539965,0.3299037492330828,0.3672631526408695,0.5448529688708871,0.46728525301480023,0.70083115,0.2869961379502067,-0.285551564,1.7566275377094664,2
-0.202322793,-0.54396966,-0.513087922,-0.815425736,0.6552652831775635,-0.23537135,0.6026396634054347,2.8491346336023113,3.437345520732691,3.5305694285465945,3.792099749868262,2.127557680531902,2.4542280027076555,2.757864318826624,2.329914109834052,2.6892768491047465,2.001148406178738,1.504997969553024,1.382604071093509,1.5298699548249401,1.0799360890508705,0.17941190804712268,0.2275349800752775,0.14951273881654195,0.2973172557196555,0.4602734803217094,0.5861404577039243,0.6287804803200364,0.4686113409996169,0.56844411,0.5962549159034588,0.701446588,0.3903259559004041,0.48060743145796164,0.5776739371334527,0.6336119702902197,0.6068245189320909,0.6801974355780568,0.8080049073613369,0.8921853473608701,1.029683326105368,1.1195475064248073,0.726510781,0.8223569647055381,0.9288212963035736,0.9896554187716015,0.9713630019830912,0.9998409680488721,1.1411851503898298,0.9890963187292553,1.1035984674943107,0.7489878823928735,0.5678847323592255,0.5339716278836648,0.3008096710621724,0.15033250706849213,-0.35553369,1.0274320908677252,2
-0.122453747,-0.673634126,-0.526181584,-1.036282794,0.6813382729210257,0.2364541902912389,2.012106243480818,3.109713197527584,3.5656951113340916,4.504360247732813,3.2536621970646875,3.3093834898622725,3.1985640583507218,2.7209599840224032,2.353073758129022,2.586516943,3.1711449011176667,2.0301290708642483,2.372957440286838,0.9948857119526899,1.222873874377905,0.9036809045945042,1.0478332059890298,1.2116925652315755,0.8423238730513088,0.8469428789391821,0.8882708430284189,0.9555403777229917,0.6485145034724121,0.27555803595822004,0.23785894718152178,0.3541988660251359,0.47065767928992325,0.4870750739745427,0.38964762599214625,0.40002744990971173,0.45572338816295943,0.345262402,0.3571479618016673,0.4110275464047321,0.45482016751934795,0.4463912997789156,0.546612316,0.5788823863921656,0.7081912909078757,0.8045249806992348,0.9624729318656421,1.0144100561897968,0.9914212857081374,1.1111170192074389,1.2957506597986372,1.4606356107091023,1.057762897706101,1.1384380242057168,1.0333085932753554,0.24555456029891648,-0.302166604,0.796814581,2
-0.105621647,-0.636489436,-0.002435115,0.1488711727527713,0.6560628985100005,0.1033636673352167,2.3429550731726243,4.296331930088192,3.4390392388498325,3.473106339345421,3.309712957475247,3.533349709291739,3.5067734733511666,3.180368968020449,3.370573729,3.0219357188534994,3.3498486777143817,3.8654673206154544,2.5049427565236746,2.2779016404831904,2.3189324588793356,2.4807766908350697,1.916234052540228,2.0763493285483254,2.1730034370418467,2.1510245898481095,2.0286544410690346,2.0524012279643133,0.8813226338388856,0.14389348558747309,0.22790780373221417,0.2594013174981878,0.31806242857523476,0.4129117319724975,0.525235523,0.5891495867233594,0.43389072663699196,0.4461729590116736,0.4216233973618712,0.39316203984620623,0.44585528464650315,0.5777715350680463,0.6092915118955617,0.6788664352935382,0.7958459324306005,0.8459951819069159,0.9132220605736214,1.0381857135115753,1.1989447285118362,1.3231852903055747,1.3490461052599774,1.5300270210155662,1.3896053160335597,1.1566911971569607,1.0463321236750485,0.35774419,-0.304680088,0.8869429209647679,2
-0.151565137,-0.639456807,-0.159559056,-0.097195644,0.573483546,-1.065594243,1.084249294239637,1.8813932532620927,3.2052644292566494,4.116279291795869,3.0217619836991005,3.0366979173270847,3.4785875014232084,3.696421825148051,3.520294425144293,2.415728013388694,2.3339350343678635,2.845195502710543,1.539693895183758,1.7359044650689592,2.0436929654335625,2.1476694172851962,2.0138321817033455,2.075880034576449,1.4211713351151063,1.318654584526742,0.8577752875682642,0.8988615044597605,0.9835293173721831,0.8094229384063507,0.9018832590123635,0.9651117419192096,0.9464781154371086,1.0671029112194221,0.635717802,0.7143806789779235,0.696062218,0.5967986530146202,0.6538156212598427,0.3520518927788211,0.3654157002852297,0.4684209028195932,0.5817623976942555,0.4512778453665938,0.5755387379113647,0.5278864960070052,0.6277927583208687,0.7475748227556387,0.9119099766069535,1.048021433147041,1.2444954319755182,0.35109985245534153,0.4018311383991462,0.5558921738418209,0.7171382601999016,0.2930356499172443,-0.334162159,0.044252453467862614,2
-0.146349481,-0.4283388,-0.080997085,0.075232173,0.6831407447183278,-0.072326154,2.1712415133629173,2.310165050377096,3.9404822050692356,3.9094148974538836,4.517763829539699,4.559430203360227,2.2625305192733425,2.407990419075843,2.6136423791268046,2.9617540383176357,3.6018726090906217,3.9482255786676874,2.9575406651330027,3.1271198768146116,3.077221121482128,2.0302053142462086,1.7502200593859598,1.5088577423403287,0.6509259344805108,0.8082793101524982,0.9094689512740575,1.0676719191925526,1.0580674885679726,0.9499672747993564,0.6038757532033396,0.7098653005834676,-0.171273447,-0.137270132,-0.053754311,0.030934589,0.068961926,0.1619359366247002,0.1750052713446281,0.1632420633111662,0.23468023277023306,0.15957584207863534,0.2726524101193749,0.24768150634430564,0.32941056075464153,0.41005132382075193,0.45266322311475793,0.5098784435271881,0.6325249848394905,0.4592986524713168,0.5026669985474799,0.44856524028380856,0.6256954604706391,0.5589042373299827,0.6815368868605585,0.20351280545902933,-0.316268589,0.9456267517168795,2
-0.103109321,-0.42620088,0.017205377532923408,0.18786998580402237,0.6708290738721968,0.3497394804790632,3.3571022937692843,5.689741387159238,3.921472145767585,4.537987819970579,2.5919477997514524,2.3806285494146886,2.093652904424932,2.408677274013437,2.674478763955381,2.5601916631288386,3.1404690289991164,2.6093867795794132,1.863581913670643,1.8476338483561874,0.9258484913425373,1.0471794221933683,1.1824509510369114,1.4035272462618684,0.069748961,0.17521307340097067,0.13906081788119087,0.2254918394782661,0.24696189284128525,0.28099372853497195,0.31846265470855145,0.3359629125309421,0.11025789502242894,0.20237215984468615,0.30947518567723226,0.41971925793261844,0.3511991392299748,0.42485502886761917,0.4454853548359685,0.5647462109335046,0.6224024056827647,0.742302736,0.8678059590738116,0.5651300300234251,0.5403061345657154,0.5427788967257401,0.5881323755456425,0.7437668679450962,0.8354386466110418,0.7950186033846183,0.9001957879911707,1.0885749440729928,1.108246725,1.2430283286640993,1.4971049551139592,0.2430201459989113,-0.285560382,1.1488072620118426,2
-0.188847065,-0.822264951,-0.499994261,-0.816745359,0.5402176134182648,-0.616781024,1.3376484815452432,3.130086560965551,4.188487016237216,2.9356376656322873,2.57256117,2.422624650381577,2.756271462774975,2.520572803052967,2.6791763924268643,3.0613684337758054,1.6880615425955796,1.7713113927677644,1.7869796946617138,1.9861141706294276,1.926799597221804,0.6167896773121108,0.7722159067715245,0.8944735140228802,0.719592916,0.5973496730446858,0.6345124225955119,0.5731767297902849,0.5336330035619636,0.3031855032147003,0.4242850159490112,0.46953676864227156,0.1021695349889775,0.18553344975323954,0.2866385279393151,0.3320902110519879,0.1446272755361062,0.12524397951472244,0.22926530250465668,0.21068845499805802,0.19479922705620364,0.2876755228147523,0.39253062958735396,0.5209895404305678,0.6551186087351129,0.7472228478246442,0.48024395428344685,0.6100448371860575,0.5616520581924013,0.6901578555216722,0.7331395998554348,0.5988928200829483,0.5432471886187308,0.577995979,0.4293150063560725,0.14260969602130466,-0.342851826,0.8890989319886919,2
-0.115723174,-0.090013496,-0.11373124,-0.084483897,0.8050537051734831,0.38540815422982977,1.8193653606162785,3.2574232235118807,3.3854500518453596,4.3676467915163375,3.9395387207369725,3.1904214320424833,3.2385136890213166,3.194550478560132,3.609147774049376,2.3003815126358846,2.8786518344428456,3.390734783262426,2.2880386157426584,1.6191334515246387,1.396024223018678,1.239229637824068,1.467295406345763,1.4616791761453016,1.1669076354499999,0.5389540671650584,0.4540864239484379,0.5168464214834028,0.40852561858392844,0.27824685876787847,0.36929731426812795,0.4018184600876161,0.3380229355927127,0.3629344455159796,0.3872199412768105,0.4491516875065962,0.46385354242039106,0.5705257449290713,0.5783680638230675,0.6679037459543187,0.7985355601273145,0.9210982541302433,1.0632988530563845,1.174671147549166,0.9367659718802582,1.0874697385941272,1.2456769207577039,1.231226888999096,0.9779440105932476,0.8464087497144063,0.9897616599712084,1.0053829894233899,1.227353384895834,1.3928442460776138,0.40883930965794724,0.2697070736303463,-0.300441352,1.1048669140618652,2
-0.135210139,0.025963787534101602,0.5082176921477134,1.4367715304711253,0.8415274104509112,0.29254943668547767,1.6338577696419008,3.2901177056016704,4.1939191942092355,5.117768911353232,5.003660399918708,4.499724455220327,4.339191579011413,3.7737773055447668,4.164578401648916,4.086986525432242,4.127649991931125,2.3334119213087905,1.766392770772364,0.43524622746119834,0.21369056137554843,0.455178266,0.40033104072808423,0.6104631834785985,0.8007512488606825,0.751419505,0.43598618661952143,0.29271260566082524,0.3639604265694949,0.36511395191587304,0.1413845224779972,0.2534185308017652,0.2835102872217701,0.18358920564233158,0.14048854260295043,0.15125654328904398,-0.06854164,-0.057752946,0.005758407,0.045673386,0.12472084263205195,0.1608938924331516,0.2749754721026776,0.21556239309288175,0.32248257819260495,0.3096975011734323,0.24540396687717894,0.3723637879143994,0.34413623279984057,0.4818601676853867,0.39353857469856635,0.3465773256348885,0.25034136659242817,0.019208605,0.22844966036031747,0.19018598600096087,-0.304981729,1.0570227040684845,2
-0.162961445,-0.337895807,-0.526181584,-0.941810808,0.7146793828991822,-0.029575624,1.642921515332366,3.3917915282776865,3.3784457055336605,2.391032784,2.8245677746985423,2.603672594503561,2.775730374723548,2.3090511345349727,2.0874098523128906,2.229972617745631,1.984416232231901,1.5925219276857077,1.6554513080278885,1.279991993,0.7074545291415965,0.8855532129532959,0.5040858732394605,-0.065654463,0.12792285146715174,0.23574232480347893,0.3679099419541484,0.2892605342496348,0.4059950786247002,0.44989430060175517,0.4242899871237137,0.5313253903597409,0.391312899,0.49380567131253383,0.4898403913468137,0.5626711070572848,0.5141377959626237,0.6128887455330966,0.6253889261484847,0.6636715640160227,0.7941278956418251,0.8966411995069213,0.5003626115714845,0.1467492142877662,0.21776368087325806,0.2067613382217557,0.21796047813456101,0.29235750608493405,0.3945189770681337,0.11279744518974635,0.2764359089713292,0.33855974834413827,0.5392228685405359,0.12821355038596519,0.049155489,0.13841814094259092,-0.320496964,0.9012432151053791,2
-0.168462989,-0.400431669,0.030299039255984473,0.40261200554359056,0.694449547,0.506190765,2.0579601770298694,2.581793209290691,3.4984993096046555,4.505207251291478,4.404732633747913,2.921361215188155,2.5613596509381513,2.348921475005317,2.557401480981396,2.972241412059742,3.3761628318955097,1.716309014,1.9368071658010029,1.5574154242279115,1.4374655290223157,1.2484294842648394,1.1845634101602434,0.5251402008829552,0.6874456497763344,0.4270242061171723,0.5709088230239708,0.6685963011705799,0.7660728489190254,0.8088898462802002,0.8557501703794335,0.9523121251095641,0.8224390377102928,0.796775475,0.6702318241355983,0.7260559013450621,0.7797520890625685,0.6286129665781759,0.36166128978268586,0.313491496,0.046144495,0.1626359700660392,0.24030297271590567,0.36593437271682266,0.344454605,0.43126854189161085,0.43541979634877287,0.5053853296343965,0.6128681350583134,0.7760798740268885,0.9533898861798348,1.0934172824374706,0.9719791070602397,0.11198476571436539,0.24288360599140585,0.11412362856819792,-0.321539837,0.8679182706646001,2
-0.114560228,-0.419048868,0.18742297993271728,0.618350873,0.7240270406659337,-0.665555881,2.9856555041652504,4.670439161514549,3.6438979105440525,4.162311988293599,3.084103704782984,3.2450495480208366,3.2819756468297205,2.9880922350546517,2.242273470271983,2.360798647,2.0201215303865565,1.8865404773573702,2.145946782922616,1.6741164614380313,1.969968065421989,1.751408106823895,1.9381514330818652,1.7276408344112717,1.4479061295892388,1.3957821153637413,1.549582543705787,1.3619966380834858,1.4792054010150275,1.0412104852625534,1.1449581264233009,1.0456820614642135,0.9203754806916686,0.5802570064472212,0.376696382,0.31660580756811957,0.4124152112845024,0.5180861590780255,0.5849003240895858,0.6769490977971248,0.7222505765193713,0.8222203240889231,0.488838832,0.4604756298886464,0.36004020173730206,0.28926157089551385,0.28161230068700754,0.1741300384866195,0.2847712644870854,0.34336167837424236,0.32046817889779033,0.379666068,0.5371372912994414,0.5880957027541206,0.5878334712911598,0.3267289798063982,-0.307735382,0.4532512560322035,2
-0.126446837,-0.486715688,-0.100637578,-0.02513756,0.7552280250536945,0.31207501147314987,2.091535713335759,3.7178298103521015,3.5484140705761122,3.793805506074423,3.7739846233851204,3.2872816545683077,3.4910858053312115,3.935129809875222,2.5495771822403657,2.6758568116773414,3.223936997766124,2.2449473815984935,2.350204992361442,2.4348737995616143,2.5237591309286196,2.7110628665461523,2.4101784789912863,2.5133516995297542,2.6672091105914464,2.3030866550895817,1.4299134064912196,0.8690164677608131,0.6117116339609174,0.7061865322736263,0.801531867,0.6694160742277607,0.6825036304833034,0.7758280652738591,0.7949495702293651,0.9107030203209517,0.7571527894691679,0.4833017152529557,0.4904112390307986,0.602113916,0.637315069,0.758498274,0.8143704520630333,0.9171271057160056,0.5492783163532028,0.5579244743252729,0.7062451950473602,0.371941393,0.50988757,-0.064886632,0.094963113,0.22496070344824487,0.40602533505733784,0.423793644,0.5841692974119247,0.2108432498967491,-0.300570423,0.600809361,2
-0.070941849,-0.498209938,-0.702946017,-1.559992992,0.8104914910560252,-0.560926187,3.4959005197264403,4.688144079276294,4.051496687526381,5.206771320525528,4.836490271542538,4.931847923952379,4.416478654174585,3.424479313229365,3.2040562817996765,3.402118795546565,3.8195299639634683,2.6224825877534745,2.6860007617016044,3.0525386202711617,2.1487690503801864,2.160129508692151,1.8919010493190074,2.0524898674115652,2.166282925134867,1.2003847408825834,0.6086482886181324,0.5626625130496745,0.6779590930318015,0.7666877915467147,0.10808117151429132,-0.003545319,0.062251225,0.11517083182806621,0.12230792399928095,0.17176303944864935,0.1652083070845195,0.17248458943505166,0.1584410176059049,0.19588617480482584,0.3108303791241426,0.42411953732750934,0.12100534446592097,0.2121366968037641,0.1828896334482233,0.20625817084466833,0.21240434681395726,0.26469253501899276,0.4060152426488706,0.236772536,0.4118099562214001,0.5729278662179969,0.7804463419875665,0.096263786,0.10608079945378401,0.2763152012892191,-0.263932342,0.7913210610671604,2
-0.118504582,-0.026589749,-0.19229321,-0.261534201,0.7399776957472346,0.286939027,1.8155437803427261,3.1063271980863076,3.585152543490542,3.7685904954210576,4.345396018196483,3.569282108999631,2.6158806661320795,1.9338788902719137,1.6303007419779045,1.7153829635730014,1.5728956303587387,1.986216196154398,1.9349929550877019,1.9073819591364385,1.7576044807943143,1.700326043273372,1.2828793872323165,0.992586805,1.0959621079470385,0.9959101398407054,0.8076109300886026,0.8520221232008909,0.8280911871784765,0.8083066271006767,0.7104294548887234,0.7328344262103091,0.662885678,0.5900388746500986,0.6875907565755491,0.39974692689279023,0.44382364883840064,0.2724180452951943,0.2835105407490923,0.3678199654843594,0.4296650905501708,0.5008631599006089,0.5696477647045965,0.5475729964251574,0.646764844,0.7428216599259387,0.698202097,0.7380884,0.8191981623563523,0.8781653509531204,0.7644668294676155,0.5998543938635508,0.795396181,0.725067962,0.3807275948899336,0.2405322328843575,-0.29811544,1.260202086226333,2
-0.141300537,-0.5145054,-0.369057643,-0.620649504,0.7638584437713603,0.35961415159365495,1.6372032394788414,3.7763756724071924,4.590292583049975,4.347541435639422,3.8956427047167095,4.125600341607862,4.165057751504058,4.679530964333256,2.7294079133951747,3.084722597039386,3.3875638425215757,2.3543632347337446,2.6283114497864424,2.428224069563446,1.7062643600795817,0.4522306930156647,0.4512402440822854,0.4511044194095371,0.4739050926874515,0.635530647,0.7053821394938412,0.7423660371044001,0.8448451458662223,0.5179208506347411,0.6032426181341134,0.629937896,0.7303780649173988,0.7605330567697156,0.6549367203105582,0.6440885908921512,0.526218188,0.37676705521795045,0.28757790566013774,0.20016453280056687,0.3036559121164949,0.3402402205334706,0.287811755,0.17712009135183837,0.2760635953091372,0.35786382478530315,0.42645988526834594,0.3486638038434002,0.4923761916857128,0.5715539258135728,0.6945735205372433,0.8418309061569956,1.0133896045510864,1.0644823638525904,1.2506014821321854,0.10424523850137667,-0.297421539,0.29815725137725646,2
-0.084991398,-0.234008475,-0.225027364,-0.422963134,0.8111343178153787,-0.946453111,1.9435805352618396,2.3627245467191345,3.580706305167254,3.3486821039104266,3.899762725059338,3.4765518496293075,3.4087532891162775,3.8000617902802483,2.4922624741708863,2.861464106011351,1.6376104270657317,1.7510765951969645,2.0763331956145867,2.1394487949953427,2.295066393755957,1.3517723445711967,0.9697845712457565,1.1108424790842875,1.026572493006668,0.21977052449057108,0.3827377192914642,0.35492791510748567,0.4082674469032157,0.5277195632249384,0.4133616696128821,0.31860254192628307,0.407961023,0.40988724510614927,0.4249066091935598,0.42919998675540844,0.5071268359604846,0.4238199557263142,0.39711053391384726,0.468764329,0.4975930198298655,0.535995366,0.6269225029912529,0.39898799000726376,0.43308161397631456,0.5504503645836958,0.6610099011097235,0.8232133783594286,1.0012068641202505,1.0813453415886287,1.2621243744858341,1.0792837027230573,0.9371599196125966,0.8086122830746192,0.9667418226591434,0.33682180607214895,-0.284360772,0.4231855560932906,2
-0.096510523,-0.396537104,-0.355963982,-0.698979949,0.6902516907824936,0.24309397070934358,2.0010264072611337,4.742840677547185,5.052819547139306,5.161046906139961,5.557772683,5.151612604648194,4.710987215101156,4.490896456960537,4.379899893371848,3.9141238884829086,3.5640283632631116,3.8366424990014147,2.2017835685195597,1.7042834805966895,1.8753795999687084,0.9628183380067096,1.1670938941882956,0.8323871301206601,0.6540042577157298,0.6225829238859447,0.588242418,0.42626635454894424,0.33500113719066177,0.4244634105731246,0.5226374541612275,0.64581582,0.47779611,0.5473088568433431,0.6578791809902101,0.7000799682008568,0.43455353492142135,0.5057127927867487,0.5341405449780396,0.6484166474200974,0.7161637406187887,0.729641167,0.8356754932225194,0.4599180935123986,0.5743679440397031,0.6642090368898086,0.4446922570941422,0.5465475791141516,0.2788359854436577,0.2523134174996846,0.34646377609687984,0.13775789393025897,0.23230664500683185,0.000362711,-0.467070653,0.2152067411543762,-0.276327816,1.2350347575953555,2
-0.124808592,-0.182307676,-0.015528777,0.17074028031189645,0.9293075790045133,0.5378345694738281,1.845148023623464,3.685957707,3.954168523184619,4.082812664028958,3.959514094314168,4.494760491585306,4.359469904,4.360018729299834,3.276917228733472,3.5219892361448766,2.4554995198570104,1.4569127587191775,1.2224856072928223,0.5645802237438466,0.7457422950738664,1.0205737128659724,0.6540830826101309,0.44294324509903876,0.601936615,0.6651176282259832,0.36904795363585957,0.3370075734430607,0.4175300309647862,0.3780452929943277,0.3517109905364324,0.4404929710935306,0.5195889935827919,0.6351893991330748,0.6278665409144841,0.5731438015355095,0.679196424,0.536955569,0.6498866370285235,0.28502842376465726,0.3156853076447665,0.43920442747037264,0.5487556253171341,0.6877139342735751,0.4616241873042287,0.5298172739125426,0.6257625736250758,0.7383436626938462,0.5969497903116036,0.6357188228080629,0.583192106,0.7421026483470439,0.7756881281548724,0.9832156018915105,0.9782747953631796,0.16081194149363703,-0.291840458,1.4558187474730415,2
-0.116952384,-0.277534548,-0.336323489,-0.603458352,0.7600706961259096,-0.060969197,2.0981663489529154,3.198445105801772,4.110081137733051,4.397485896751349,3.000544105,3.0480880543511457,2.806511761907969,2.537106981437702,2.766680181103834,2.9613911163844144,3.5953809156556327,2.606955450831942,1.5789537923836194,1.562265396948229,1.8033162486977075,1.9448974322918546,1.9089073906899048,1.8087052677742996,1.6261330787577666,0.7108689939949216,0.5836207913109389,0.6960260593926997,0.4886227345329616,0.35378864054906106,0.21167158605132763,0.026631087785186875,0.11543676328645296,0.14063936824481607,0.13973000947751552,0.21825272979712806,0.20672004865258892,0.092440564,0.16435478778129015,0.2410538206118909,0.055502101,0.038817025066640705,0.1028057839053918,0.1950954408774446,0.21877599223733418,0.14173709374783994,0.14156387805208406,0.26463556520325715,0.31821130830529015,0.4082159068894149,0.5534828648385993,0.7426057592852839,0.8474628996443668,1.0582475590982305,1.2119115462657577,0.2217993823961982,-0.294250705,1.5027199194573184,2
-0.066019057,0.17826753335736514,0.043392701,0.14799456038493886,1.0105564405054295,0.25275345732945587,2.0565967387022295,3.7717786069139554,3.402461731947183,3.4491415930459595,4.020725308628507,4.229527790993417,3.4460075545965827,3.889581568998455,3.2298836090231444,2.3275012320105177,2.167054015138867,1.2339795082141418,1.5503354915486272,1.8335985314171095,1.6497818001137672,1.6502281576438285,1.1051090557353795,1.1273179391788068,1.2978616324267018,0.6620912669251998,0.5147568889861487,0.6110764388121913,0.5535833963382916,0.6718816464842363,0.4450192969416984,0.3759938258845466,0.4506451014194025,0.3575735049283366,0.3698501974180382,0.3277153322106997,0.40852780001612604,0.5177515482602871,0.6361954457864247,0.574699493,0.6471357308460125,0.35787522062137395,0.4513012150045533,0.42650815084701127,0.37255833949153544,0.48614424676540535,0.4587825499872881,0.4430148213690193,0.4626569852342163,0.5981627134464866,0.7912768862475428,0.9475987581267481,1.097446502143968,1.3315317194889071,1.0753568422555806,0.30964110202829076,-0.26455253,1.2427803213277304,2
-0.049192398,-0.26447939,-0.159559056,-0.361240164,0.7522621157301795,0.24292600438802966,1.839262225617105,4.045459468,3.4975124709398897,4.314348362864156,4.442487738350063,4.857746677556979,4.41331942,3.306231177087405,3.270805214338027,3.769202874577756,3.599092076343648,2.2733256608457144,2.456190708091759,2.703409119304784,2.0359912941820437,2.2669569782896515,1.9144375739467558,2.092881952004659,2.321825679049076,1.4082247764181397,0.733095271,0.8298051219879474,0.5756415290401289,0.6157553947459482,0.6403298178420972,0.5543372609934738,0.6370155611138805,0.7528070701842622,0.7103539186654637,0.7983283735252109,0.9189035540570616,0.9518641800649494,0.9340545363358261,1.0590397503677018,0.9403099554580129,1.0725337022896628,1.1053257846652869,1.021029937630245,1.0296388297886039,0.7971203478284672,0.9109376118561859,0.9635671064596691,1.0062355484159473,0.9252815823360859,0.9986091376266768,0.9470249447939552,0.769583783,0.7796973057682525,0.9859941665353439,0.3857694537674829,-0.261315221,0.811191504,2
-0.073124271,-0.395000405,-0.146465394,-0.271083589,0.8032997099397703,0.6681537765890052,2.977739385439605,4.138525243749352,3.287862633754283,4.159178863032887,4.771302099448347,4.069093541107496,3.678563294442238,3.990739572771781,3.542550188451908,3.703336260260911,4.0175881188979385,2.3988341842386056,2.6724897354226194,2.407766972582695,2.0882691879864317,2.002229331529388,1.8218615326356784,1.3477037959668758,0.6673806794834292,0.6416809706792972,0.1071296116428318,0.027852354,0.13037651655923574,0.2591911413009322,0.35655247174461147,0.262779506,0.3581417253868806,0.39671819346694515,0.2617075847091929,0.3371802114252564,0.4511911999074527,0.5419160493483453,0.5788838613644405,0.6927787914553213,0.8110405177744029,0.9215927092453844,1.053984967334375,1.1943614027253935,1.1192475703302494,1.2235582171008148,1.3300971221054905,1.5046312409458387,1.618342234804533,1.625778768684361,1.8173202517825626,1.9433922590266117,1.8917205823358558,2.118547994027371,2.199054215,0.22574809039040336,-0.258064322,0.5889263828757888,2
-0.039371859,-0.682048128,-0.244667857,-0.579548426,0.6391710334804526,-1.027894852,3.4897118639417553,3.1473706390157035,3.9909791913008594,3.6867974496702347,2.701778219152308,3.059994460609099,3.3758532966576076,3.4716620755173273,3.347734243147436,3.2836771600990566,3.206056984916746,2.839575469370229,2.3492320084448215,2.1384741842718054,1.6707277858543648,1.3009392081952846,1.0313081659003873,1.0475057209313894,1.1856303338365926,1.1567931804089726,1.1962143636601728,1.0546148197071674,1.0942454100777048,0.9004156106197306,0.9626426221124076,1.0392429923402493,0.9498148830885874,0.704445246,0.7749942132262579,0.893880881,0.8888060600313508,0.8543122276446978,0.6906079194451072,0.6250007006628502,0.7228953895747261,0.6458993869436014,0.545009875,0.6403537679066396,0.6650033635130949,0.7902330765750843,0.8571808628903502,0.9032821905943804,1.0514298903500405,1.2405470185284926,1.057231015415627,0.807619097,0.9117328110714127,1.0247769625146719,1.238168514398942,0.37552929647263755,-0.251885786,0.30072790919394093,2
-0.06714364,-0.076629673,0.095767348,0.27163504352698314,0.8921648971495125,-0.40585038,2.849546373463847,3.6823165806385703,4.354097197362947,4.582615208,4.953458711770279,3.6296982407627003,3.812653542030235,2.484852137514124,2.663353881355117,3.0115120796222805,3.0504325895351196,1.9213013619736046,2.301859567279811,2.524859953610838,2.7861970307194794,1.409694456974794,1.1763043780518347,1.2599874872772385,0.904460506,0.4947824611106803,0.4039250139892704,0.23160371922515494,0.3287093813540045,0.35042380530090766,0.4692968603406361,0.4500677889303415,0.4760296009738173,0.47599493379970004,0.5679587327999462,0.5383687775266417,0.5984337076212639,0.6392674018645305,0.695271756,0.7447069787474494,0.772194085,0.8686695050927945,0.8024533920416196,0.8553408603159071,0.9738251927386692,1.0931831921834991,1.0354237638138848,0.4003616922298848,0.47316971609000286,0.3476452778454366,0.5358867503156197,0.7120166115884463,0.8496417182579679,0.7933305818234471,0.6760257934640188,0.32162516929472207,-0.267090659,0.5847537421672205,2
-0.007572834,0.1972228298454759,-0.080997085,-0.285968992,1.0095151272179754,0.013697924472220692,2.185144081,4.023963179786911,3.4004122071631953,4.408107906848137,4.6333698249718545,4.340329473,4.189234249686892,4.196606530411593,4.298926807891724,4.612190587715236,2.4555996693390747,2.4655237077784085,1.6903883542171971,1.8621313359594283,1.8276087152640306,1.1778548686851857,1.3460804662916952,1.0857512711902715,1.279136468930397,1.1696183344391704,1.0419514237076117,1.0838156028009527,0.805426604,0.8962526373972235,0.949102594,0.5455664731834142,0.4779734376345599,0.42408607652417263,0.5262571942183242,0.6149872402319546,0.6931018130473106,0.6347839495094914,0.5328833358227172,0.6043997423984936,0.7186283838621048,0.8504908714343843,0.8095544106279837,0.9428657281378592,0.9409518391781279,1.0494056037146464,0.7561793729979667,0.7685203416579658,0.898338948,0.7984055298346499,0.9370852770711684,0.6682414341597159,0.849936949,0.9225840268276159,0.9191858619011144,0.49756828791421315,-0.242910445,1.1063113808105305,2
-0.094351521,0.062850694,-0.467260106,-0.96307327,0.978411463,0.36060675587913366,2.621933869184701,3.8526587383875817,4.701237953649371,4.651058136164724,4.375413562554597,4.778586030411057,4.147210676170847,4.636175070076464,4.454136261224977,3.324510936623208,3.8165626009350113,1.794566249733777,1.256061776328231,1.2934307353231012,1.4199788896561485,0.88776232,0.9445214313157011,1.0133067694106794,0.9616949379567229,0.927487224,0.7367759675029715,0.8878650775709073,0.972482889,0.8468328809116267,0.9683828892994636,0.9800422530661447,0.941466634,1.0029027255998229,1.0931134208518052,1.0305602112678025,1.115179586,1.1180497106742118,0.7956087978506122,0.8852610527699315,0.9732110328174596,1.0674384683247062,1.1522410556715903,0.9456704680358283,1.0505643849537722,1.2236046250040675,1.1908087466086548,1.3741983353409897,0.9818602910924289,1.1434238060130804,0.9673782379662014,0.4611856464395577,0.5213116205240882,0.7157986694100931,0.9446228064886333,0.2276014061661059,-0.276365541,1.0878268825560138,2
-0.078702962,-0.178380809,0.18742297993271728,0.5153435343219538,0.7042405283905817,0.1156792895436723,2.6681157526661337,4.511933284525018,3.631585766533596,4.439464625,3.877713211155455,3.709884387965675,3.5869271875322903,3.457103973021286,3.5297541485017914,3.559902995200345,4.2614932848312295,4.731304696889168,2.0466205199380756,1.7325701074568607,1.8463180145623315,1.3935550675439428,1.506249360564722,1.647290963453443,1.8076507133699373,1.7580471526993264,1.857410591414584,0.6713391653769277,0.5580654049342174,0.32945391540746694,0.19164441072597047,0.13430766645932044,0.2089854915455066,0.3176932257896689,0.4215557895964747,0.38607978929039205,0.4631005058446403,0.49207151723606596,0.5286972826743851,0.5521915671906337,0.5140800860896168,0.3517658540912063,0.47131064742739864,0.6011327098511878,0.7250561248652387,0.6750715509595366,0.6830529401310905,0.7542298156589763,0.7872420450679429,0.8908173360294751,0.9402855054098466,1.1419933367589492,1.3630344825615037,0.9825618066825756,1.1675889164627584,0.31586283515534913,-0.275923784,0.7875955292965467,2
-0.037663202,-0.362033032,-0.480353768,-1.120578579,0.8245894544552187,0.17309626444170997,2.6698700408528704,3.4578781185591287,3.494640115,4.0663584966487045,3.8087663761117794,4.337523565244716,3.5834622415767354,3.3343288245633027,3.2941973895032883,2.2078584384416304,2.3960478697837293,2.9380862856722283,1.3335084556962544,0.9766117072052424,1.0386187330017245,0.8580977186886658,0.8242199176347099,0.9745835554665082,1.010129317410499,1.1961867684799006,0.9614208724252388,0.9792591339506189,1.1128471075222035,1.2047768777147119,0.9023424318551823,0.7590670626680461,0.7407477195903127,0.5235796510910774,0.6425826000236456,0.40330533323999346,0.4680170763976801,0.2161557910003921,0.28365160997784555,0.33031827429268695,0.4471448000819474,0.485435823,0.45242021537090843,0.25559065164371514,0.34430026596664604,0.41223293254594023,0.44942805861097895,0.6076752027595066,0.6807524809595599,0.7991479689402499,0.7706758751323808,0.8701301793320761,0.7475211190774557,0.7794541324664693,0.9798679129956192,0.3951877438316726,-0.253290543,0.6537123636332325,2
-0.015713368,0.049997067,-0.067903424,-0.236190798,0.8558442982931226,-0.480286598,2.9425201774098952,3.887810227,3.4634787299104546,4.467114636613595,3.0946474292556103,3.505805760165643,3.9614974845147644,3.8667439476192795,3.268614048333266,3.1751411971880827,3.1696624916100653,3.687648781663313,2.246389121673172,1.812823918509881,1.6339683448372628,1.529182107202716,1.3023716858545145,1.453454855,1.564840510033219,0.6694237156006568,0.8382705656827851,0.9056709127474358,0.7463107469592405,0.7119948602408199,0.7376607434476704,0.7809764380102212,0.8893487,0.627745847,0.737388796,0.7782946084579482,0.5927418161399064,0.630091713,0.743354911,0.6460777845049221,0.689920555,0.7377796467214742,0.8433679697622496,0.9791510771003227,1.0273950037343922,1.0546134564113159,0.9864894127371802,0.9823357876386766,0.8630083642174171,0.8916272054428214,0.9634781825586723,1.042249848565073,0.3559030593830431,0.548521393,0.6970929742247113,0.4778809557328605,-0.246891086,0.46639284055273983,2
-0.076087963,-0.122832201,0.44274938353240806,1.0979034722329342,0.8496351080655195,-0.901061638,1.9226257835390486,4.354880098297822,3.9077688306302747,4.192722530437848,4.302246616371103,4.469258950332035,3.423300667,3.227980680055505,3.2078095059147294,2.7363751561221505,3.038583540824379,2.6299438581590837,2.233732488505202,2.542579314990406,2.205643740657753,1.206407069165112,1.4638776081134521,1.0252230314130664,1.2206549098286614,0.9912181477305425,0.5678176691391357,0.6685475182040449,0.6607875810123909,0.7956645104123143,0.9241179296021838,0.8575416153416333,0.4999703403143315,0.613042567,0.6593679432189873,0.725115018,0.8107317468407027,0.9257571026406671,1.0531537295430515,0.6093596159284612,0.3745423587711314,0.4231857123609832,0.4560595397224846,0.5024467933603625,0.6194080101400594,0.7429799068835428,0.5391132724055443,0.5243836373443865,0.5507249975153411,0.6192250574858208,0.7373955847958668,0.8326353430865657,0.8540387255607256,0.8071893105336223,0.8668619944552538,0.3264741181486031,-0.275457363,1.1343361397101743,2
-0.033360893,-0.4578911,-0.355963982,-0.84706421,0.7801618308450345,-0.064984402,3.148241570649868,4.997611698427278,3.7313302261076875,4.543008958419372,5.158452143,5.819291421524496,4.963920626568622,3.263833872829705,3.280121242816439,2.817109109175009,2.1462698548644776,2.5692202154968875,1.1578540746950492,1.3520622666867803,1.611696023513969,1.5160005477689344,1.4646801848134081,1.5363274142404617,1.322672773729668,0.7322963970523355,0.7163932697483968,0.7298672151180463,0.7042584602200388,0.6496427191519132,0.5628647776181052,0.4368374803410175,0.25029098798079163,0.3222559408135183,0.30271922224634074,0.19893839398005514,0.269606721,0.36575032835808446,0.24619547602037037,0.337533459,0.4438021573283597,0.5096308500263819,0.4752321070848049,0.612950013,0.6799877482506504,0.8084354615812757,0.8152938549848323,0.9492659152656832,0.9568677351599233,1.1356537692657147,1.2463902822032193,1.4160525511337112,1.6035611927413884,1.564891612443976,1.5596061128615575,0.4168129922660737,-0.252169275,0.4935159922784263,2
-0.044429012,-0.083645989,-0.146465394,-0.3431403,0.9182294455481483,-0.466436085,3.4753597659400004,5.202349443019474,4.565114409844711,4.011687706932478,4.085718731989235,3.5434393052025617,3.8427396901486457,3.0767522960463176,2.9684916879471253,3.256358636257127,3.414322964979325,1.241639495076865,0.5719675132285076,0.2502970742758465,0.4821582529783924,0.7148239365681784,0.5928805516623717,0.7050974733177254,0.6802263202967864,0.48570048063982985,0.46502688090384325,0.5773516164303228,0.5405196591634566,0.5463689377922232,0.5472058926676524,0.5418975500360729,0.5988481064640242,0.6498939064073965,0.6828524008488719,0.39848808694207166,0.34831181733733957,0.4367343974996863,0.5532848123173374,0.5329486706614694,0.6156601666852299,0.28422912376295423,0.3635181034913595,0.4352758051463826,0.5594481895632396,0.33706498508418975,0.16441163877683612,0.20673024682409244,0.25270923655855326,-0.032160124,-0.286894486,-0.210612662,-0.039455853,-0.15990622,0.014789565670657706,0.37575863912930274,-0.255973735,0.8351884749533273,2
-0.081842595,-0.227042839,0.10886100959435087,0.34233790198107766,0.7753961105829091,-0.128709907,2.3421933341499512,4.669394224711388,4.007333107724823,4.809951655475193,5.2083106195166335,3.852757188772868,4.159021573118338,3.923203899009059,4.150011743933848,3.3174605264339925,1.6819721751583425,1.8075238061294374,1.5399683950971261,1.2675998749861157,1.5494995629642305,1.419975715190949,1.192001641500508,0.7429527130089425,0.6693292503681862,0.8181039022416376,0.9646150170660724,0.8255801631042425,0.8461158636288503,0.9182050331541606,0.7568489867005086,0.5253561022155101,0.5374267766153916,0.5495405711142782,0.6494833495144368,0.692732629,0.771255316,0.8027864148052646,0.7097456246022382,0.776082056,0.7660700436844727,0.588435209,0.4302737164174581,0.5642055994491727,0.5458661819250248,0.3702118936716946,0.3513411054061293,0.42901535471549107,0.5133669566022135,0.017022141611529616,0.067140258,0.16232924556755893,0.2838291031458841,0.31483723039715994,0.3850492751379882,0.3014339988419742,-0.276497679,1.198149694486919,2
-0.07584125,-0.41676722,0.14159516390200355,0.40135905873279953,0.8058193902015729,0.5232238722667137,1.6308442207779366,4.392116456062146,3.5458835932836763,3.8562166014586508,3.960983120853132,3.610664914654752,2.6148235436274425,2.529612573873829,2.2642574908380713,2.3325251114335686,2.610414694999297,3.147684752437095,2.290042632350252,0.8347241203936856,0.8602588979724377,0.950875678,1.0263414616012962,0.9746269788527532,1.1689738410205273,0.7308527229903051,0.78924241,0.4281302073741132,0.28881952391227256,0.23242936428087668,0.14154842680227117,0.10652354429397622,0.1780570044375389,0.18753355354024626,0.271514364,0.20390567947371274,-0.181813562,-0.127463681,-0.039868352,0.044974454,0.1540090967857859,0.21380320111500506,0.2690842833877619,0.2051964157177016,0.18496435048556395,0.28626412606038926,0.3139610520002182,0.23416177400207908,0.10324204440165116,0.2611331878173457,0.340308524,0.3867455406515551,0.579187611,0.5576679483509748,0.7691796912393232,0.31153894174752145,-0.272916309,0.7457194466204705,2
-0.028274367,0.048521642,0.1546888256250646,0.3007051038011386,0.8166245868418506,0.087853422,3.317043943267308,5.144021837917972,4.442800243998894,5.394905347819647,5.997928026576042,5.425337591451723,3.5990506658184187,4.025499720561292,3.8315821925423177,3.865022330796818,1.8592198015298202,2.300516122628523,2.691945420708209,2.296139907515918,1.369634391077895,1.0614785308174106,0.7570492838138775,0.922447066,1.128962957803484,1.1119859942590105,1.2902211152682235,0.6634948957927125,0.7568274787824473,0.7111204739639333,0.7669080925090836,0.872391106,0.9218424939296502,0.8053097920354947,0.8750048396975694,0.9991050836063605,1.078121408818842,1.1790908974113998,1.1759430240941378,1.2872165494661507,1.1710608209699145,1.0487287974633455,1.1138414676676547,1.205260895,1.3618326577127071,1.4170229898704612,1.517284044076498,1.6881389104009052,1.6750606188287087,1.6465564268194048,1.738991764526541,1.5567748413646703,1.7025122809203086,1.3854383367078877,1.6374222276597732,0.3663278217856381,-0.241462886,0.49539792239280744,2
-0.011667695,-0.440454089,-0.336323489,-0.852048648,0.7477344352752775,0.22529164891907028,2.3509896863933393,3.6923551086743256,4.736236901,4.247122238054327,3.5468976417724907,3.4000182933037646,3.676886478418723,3.6431452076509245,3.3673778837643478,3.795414626135173,4.640112838168854,5.256933911465058,2.0433704310674776,1.6485953213346498,1.7768680495366622,1.6391604295099318,1.4990443414055974,0.6713583411074152,0.578589862,0.6969253046111006,0.7684766534492891,0.7833578791523139,0.9182169428830687,0.5249978752980077,0.611316949,0.17726219371827748,0.15391870576227165,0.23796017533359917,0.24299017182773133,0.22467625246468761,0.3140280658676251,0.36942450654807096,0.46338837333182636,0.5711836023810943,0.6979475283194568,0.7915197433987993,0.8125177181058204,0.9283019925726883,0.9329213022849411,0.917105721,0.925447785,1.0744513068508528,1.1653597857690854,0.9239117875641826,1.0986811796329439,0.9913467542260729,1.1375770413166435,0.6287950068421475,0.15946199269044267,0.45825412129944887,-0.240579665,1.1708559966344445,2
-0.058563104,-0.296736716,-0.591649893,-1.32986239,0.8713138273038472,-1.482831822,3.099234043122986,3.347929990423754,3.332393714454713,4.138995842101387,3.793781433973839,3.0054847408975065,3.402154918137827,2.705550318760366,2.4825037972392576,2.309372074457346,2.8481776671483012,2.965620057531853,1.8015556523360905,1.8618439669574727,2.1170755883339045,1.7655573278516523,1.4954010351492264,1.6677773743014306,1.5021311566534932,1.684382697247859,1.4944736623630492,1.662931382881592,1.4864089067435053,1.2496115445255638,1.337361566948696,0.8318121668813404,0.7638601215781969,0.8528421792456929,0.9476807736780273,1.0172921812045514,0.9121478906016486,0.8609363859664798,0.932330068,0.922591005,0.9417337041767692,0.8420048071451014,0.9616304321172284,0.7152428594168768,0.8366639688888806,0.9487508806638972,1.1125505653392378,1.163804621263632,0.6987433331105073,0.8246922283826699,0.7922396331195338,0.7987556369111255,0.8309836371427641,0.9249381894401036,0.5196166939565222,0.39949525121298085,-0.27144172,0.4471884780118232,2
-0.021889302,-0.30274678,-0.146465394,-0.398687008,0.8265172312878795,-1.053177983,2.536465181262553,4.060830098292378,3.333088576591174,4.144163016580351,4.010696175233951,3.929319256,1.8395300432322719,2.154355608697191,1.772503409763192,2.100096220690728,1.8438657758290646,1.5708697068653288,1.7058249611595229,1.9737570808680645,1.6783685154033474,1.5058630135002062,1.5445407170498529,1.6034762904241855,1.6926938972597754,1.2464686791487007,1.4061985524960032,1.1580547472266873,0.9799948394558535,0.5829389374396505,0.6370846398109542,0.732060853,0.8324635092637481,0.7834353781820576,0.61270284,0.7104662852702263,0.6738046573682049,0.5971324223419463,0.5845628905508148,0.6843789221421481,0.7767366029966121,0.8719096920699924,0.9098846648675027,0.9325256438484326,0.9978784154737296,0.9926828376748403,0.9470036088750168,1.0299539221702312,1.0656939219273869,1.2321527550919693,1.1544131588707176,1.2349243528949614,1.3562776584227383,1.1267118717759879,0.7547324423581218,0.3751584769737575,-0.237257668,-0.048479852,2
-0.027165598,0.024248425917384048,-0.179199548,-0.460056414,0.9764251778330162,0.405419518,2.529296661791688,5.401070392141626,3.556029256142742,4.605821199692317,5.011722685977837,3.30272679,3.741391475552718,3.9488339272581428,3.3968558646982405,3.544576196058939,3.2103000367387735,2.531087782532812,2.432225772073831,2.0566934134985955,1.7929407451424806,1.8240202086968886,1.6144145763605673,1.2964351218262216,1.4317516777826416,1.2510351724536402,1.1933316348624574,0.9952646758422868,1.0935745760981677,1.061270327,0.8617370800521928,0.9196263108577739,0.7729354321747262,0.560876262,0.6249080228683613,0.6639947905299789,0.7853922810669108,0.7376128940053914,0.8026693049376092,0.8922057951453091,1.0188467000218953,1.1060453251987417,1.145377092525324,1.2832016343500245,1.435650947213927,1.0034675134662001,0.7100192266716345,0.7098375091765233,0.7314156978986328,0.8691561839889621,0.917684546,0.8496092877489795,0.858503464,0.8676704626213732,1.0692593704708293,0.33912767525845183,-0.236609893,1.1158688737499276,2
-0.059010653,-0.608798886,-0.002435115,0.023994798,0.6679540007593223,-0.124091799,1.8550474435364754,2.787686782270619,3.8327107263013773,4.958599844858259,5.621656847529012,4.273369878,3.798380021996245,3.9650959219113475,3.6097759377273224,2.9963907216672445,2.7316765390932085,1.9299755801137386,2.268558519554106,1.746810094636072,2.0726062180600846,2.1708901261406863,0.6572952439968197,0.3227823699358332,0.3292399806651989,0.38347304061295195,0.2770267490383134,0.33870048998812474,0.29972741283239923,0.3828659660955648,0.4908356362852025,0.5676447066170192,0.5720032098566469,0.6649460685504549,0.7384512797542128,0.809894664,0.8866883699151815,0.9772905088613731,0.5977316129944685,0.6023317218735029,0.7258435477450467,0.7458675934408996,0.680486753,0.6538531624853071,0.5628129531141649,0.6738161724987402,0.798680336,0.8833119014808007,0.7085468030941712,0.8114783028184579,0.9188435904297751,0.9686488635637698,0.8551280451044734,1.0850792235222628,0.7457643182277961,0.3527311432225182,-0.264696438,0.7097123280102031,2
-0.04013488,-0.204021822,-0.558915738,-1.294291522,0.8269836461741716,-0.62354306,2.9612893045572015,5.507030676700096,5.865997826804868,5.223123534008802,5.671933341566263,3.8797771778061145,2.9756195703698793,3.3497834004001175,3.685537820368274,3.557051972100321,2.5225481449496963,2.767301706609809,1.5443363241924715,0.770658737,0.82919253,1.0895749549027784,1.2452404854151844,1.3089565542297028,1.4543966061120543,1.2468817939391097,1.0667724915513632,1.0388926386059414,0.9395281330430151,0.946584901,0.8000540028793044,0.8988960557343874,0.690860263,0.5921082019780194,0.6427916365017903,0.5578161420240031,0.5719841695672117,0.6841821921901304,0.7679193223392581,0.7428766534209804,0.8389124194791014,0.8950577012616087,0.9082449530957106,0.9109390792755505,0.8997899950616903,0.6838141459249165,0.8287502224923299,0.9847583203025472,1.106381623696618,0.8856851800633823,1.0487667296658947,0.8791858447407713,0.8455791232134794,0.6973679401806561,0.7184389960472028,0.3406136560384517,-0.247537777,0.7267520492783485,2
-0.03702889,-0.08736575,0.12850150217894246,0.2648100176533542,0.8471905435388486,-0.653872164,2.009849852249236,3.8885736600316534,3.149386087553279,4.126279181701423,4.384343090079035,4.839776188608758,5.4046270275979245,5.037887848349576,3.8701328600862817,4.023346680980567,4.306197844721174,2.7477952724083354,1.797803674686867,1.2903924987252078,0.94793479,1.0064717680258297,1.2670623462648503,1.4753123600915525,1.5368179514244262,1.0566369659593902,1.209169063395516,0.6869203414728081,0.7607255924374279,0.8829797087506132,0.7270153182766202,0.5960446656159709,0.4980930960689848,0.5738187158373649,0.4373151741932761,0.5412834446991868,0.3150059178401117,0.41256658179516026,0.16306802227448533,0.068560506,0.1688406982717854,0.21187460186510448,0.13485346095232506,0.17948286196386692,0.28894147499466594,0.41791449187128193,0.5553186900129227,0.711534599,0.8755373362837119,0.9183842666299415,1.0937140405755366,0.9645123602378813,1.0589891866941892,1.2917823893579807,-0.097967609,0.39060488316046743,-0.252200821,1.2763824772585255,2
0.024606693825046034,-0.024170625,0.46238987611699967,0.8458173917172567,0.7517485394173479,-1.11010889,3.646593888530508,4.337853567950384,4.416666774949308,5.217134929,5.392169066,5.421822999397124,4.636938368486283,5.1038749639949526,5.530160279752527,4.450880321912725,4.938660718906188,5.757882031679485,4.165291126518925,1.2974947646189419,1.2900672944249707,1.537361502774078,1.1603416249889853,1.1896646552820676,0.45444666613565815,0.5938516730030966,0.6961164363583275,0.7686167491114269,0.6131692314864122,0.6568106203958438,0.7127775585657908,0.6460870451989493,0.5162255934710697,0.48147227428932077,0.5775758276981238,0.4262942870536455,0.5318406220699841,-0.010394747,0.023218312874303985,0.098524893,0.20807667590423592,0.3216500309872318,0.44963850197622235,0.5874446899101962,0.7124567124345782,0.4465260041739125,0.2593105807003889,0.3481125266528111,0.4787458119869249,0.288846398,0.26871807264680203,0.44980908443575884,0.18555446036679954,0.2918113303274207,0.514447339,0.47564547999868595,-0.213179888,-0.265359444,2
-0.011614449,-0.577303045,-0.19229321,-0.527129584,0.7348175872910977,-0.706932599,2.313884905,3.1006690527081338,3.9869418437319024,3.965956837808202,3.7590362961770363,3.496654603627855,3.7327172015195806,3.970799370602109,4.346638605761012,3.8582140748859564,2.061614529227232,1.416369090364404,1.4079492108421092,1.7030336864875255,1.813928784856468,1.484224923660852,1.7373981931420017,1.368623743379993,1.2610672934191942,1.4450096507767234,1.4544156852111028,1.570187829194012,1.3449190677071383,0.7967054986268353,0.6867175341357866,0.5789005021719982,0.7012757149668607,0.7417967648352511,0.8658878122055447,0.7674055782550255,0.7397569759558913,0.8455719462862278,0.7688742554510991,0.8508700635319786,0.8346353612904467,0.6776509585517276,0.7345043006053172,0.8287079463337987,0.9819147226816816,0.8195412245485646,0.7166287990433708,0.7080258504739296,0.8171607622374731,0.980319708,1.0527439421576585,0.5097751632536155,0.5788268486612098,0.7161061295362627,0.889428648,0.46538618325519054,-0.241772988,0.5378240847210553,2
-0.00427088,0.5829132198758242,0.1743293182096562,0.2805582622806342,1.1296878249170492,-1.189899195,2.4220805964155274,4.344991499014454,4.871250834032718,4.960773611622456,4.900526913896698,5.079182846296674,4.314606318265742,4.094157767726378,4.465372246,4.774527763720149,3.2935157810991074,3.204724456770752,1.7968026627268856,1.729643002725558,1.7098275930605606,1.9977927700253588,2.1599723034564198,2.1386627009663433,1.8855397862034775,1.5234450132465336,1.4255085118133721,1.4240990925014745,1.0463199111281831,0.8572963306660873,0.8929970591444254,1.0193284060388406,1.125361386751947,0.9510398042117819,1.0632598013469508,1.1894657498690282,1.0407150724571108,1.0357088156260175,0.9963404818336138,1.0536868541309246,1.1161713673481524,1.0421092944915362,1.0850231588373462,1.0682643962149108,1.1637179303428808,1.0980274434259685,0.9334927344038138,0.999729655,0.9051161467647074,1.0869535059569306,1.0292911650010006,0.9876220502505373,1.0895856642494886,1.2418915698841715,1.1702295332439119,0.41294937609264465,-0.227988563,0.37934126901777265,2
-0.015535924,-0.05481758,-0.225027364,-0.591726778,1.0110648174392054,0.4735062403938877,3.0533557106565685,5.440322257205201,3.608370777455071,4.348585381933754,4.5406325456177745,4.197457733226842,4.697593976356999,2.6037192687234323,2.8560734365457687,2.9812578949114537,1.7358398155274026,1.9274846500032805,1.9973371853107675,2.2722825702720155,2.00270143,2.2217323974779144,1.6114146000354503,0.9495871456800025,0.4522691219618785,0.4483678010556529,0.3602432350904986,0.47288148586821266,0.6119367237555313,0.60276578,0.6768739726846782,0.7566679639335393,0.8725878351847893,0.9925470884931769,0.804157518,0.8315316500922424,0.8790678476711795,0.9996231423737539,0.7480085738455149,0.527852661,0.5657583222515716,0.632743484,0.4607859100874382,0.425776354,0.47365093960204113,0.6200965624510159,0.7625287529326117,0.8998323894150494,0.991868276,0.820880569,0.8446150811982247,0.8403798253620405,0.558801335,0.7744638970660785,0.9053760624000776,0.37777566404848756,-0.232233565,1.1987266802090364,2
0.032000893,-0.352026194,0.1546888256250646,0.14119502863012426,0.7538453572386384,0.21810641371600112,4.129300419,5.926755649645975,5.641395723477818,4.840178451257276,4.950365680646566,5.460369013356302,6.137750775911611,5.607369031147912,4.698335819800694,5.082115680964176,3.865406525,4.267002213450569,3.800484255226173,4.183449510582052,2.127748580791624,1.1559938657724287,0.9294177838613432,1.1176547349408261,1.2913558429395708,1.3905714694471347,1.4393669580643227,1.2095834777030117,1.0376383813031225,0.9514834856528067,0.8565579441400029,0.8460681351115419,0.8418946744881498,0.793238061,0.8053447363305946,0.569938314,0.6668958728762748,0.7276045864346101,0.5841582875059068,0.5651917639771845,0.5887907425402155,0.6186918250207042,0.5298969357464534,0.6002657620688379,0.7458730246135542,0.9018940622234154,1.0519727475847347,1.0980521929805838,1.2483916627338705,1.1372588027500905,1.0131457742418386,0.8222491449738955,0.9012317545123448,0.8464595802386159,0.791913635,0.4185972517400508,-0.198722269,0.2239445851776842,2
0.024134462,0.1775384067964544,-0.19229321,-0.611432521,1.023839294190876,-0.697195283,3.671099903429391,4.389155803381377,5.024254302925022,4.9407590300046085,5.562285074689673,6.025528901138263,5.7489598496187275,3.864728677282666,3.8638540345255588,4.154871933407524,2.7402725194231223,1.6589871303080959,1.9453632122217988,2.229309458470009,1.4496620476585511,1.5325800646820686,1.8060583248537994,1.9980420667316192,2.0832643916972304,1.2852394696144958,1.1930720895566718,1.2835271293771653,1.4150133008606272,1.4171348436196491,1.4781220734254517,1.2788210841684662,1.3365547337764145,0.9617460426316182,0.9822693205793169,0.7733926777408621,0.6083155047842913,0.4510130521181721,0.5184440911893013,0.5885644296415448,0.6245126667338369,0.756488683,0.8859432409386925,0.962842923,0.9677795655184359,1.1109413122975893,1.190344019922844,1.3259632618507753,1.4210159304613836,1.6029228532823376,1.6404125473945728,1.5252390055323424,1.7352517975358235,0.9548666450578387,0.9803418573103166,0.3538145183023113,-0.196591577,1.2282253220323396,2
0.038061316,0.08723027,0.1743293182096562,0.16907625238395493,1.027785102959766,-0.388113684,3.924886553530057,4.255252236600817,4.028905166068664,5.008649323477252,5.552762575,5.309336885724742,5.087923891734388,5.662529624705672,4.917372570318565,5.034699374004899,3.8996668383249995,3.3958699643743824,3.328986993251175,2.652128938250722,2.3485023826720854,2.340883463686025,1.8272592971201191,1.728392961,1.5043025511652788,1.2204542348389769,1.2355613298843424,1.128003699531594,1.0382499138341053,1.177172048558667,1.301186516411247,1.0871561756249037,1.196290580006145,1.2617273582657618,1.2405506590748705,1.3634848035970781,1.5008804159374587,1.2444721265699337,1.3379431700908775,1.1812547211534357,1.013276047223814,1.0361037871496257,1.187665946628822,1.3058489025642133,1.4440691997841755,1.395295296270934,1.4444670008803338,1.513130570095887,1.6446837240119128,1.675500991639949,1.7571048545770322,1.6828924618749326,1.5841350046835938,1.8155124095818973,1.5478796137268414,0.5079567913647581,-0.206530525,0.2853606793867149,2
0.065838238,-0.244473036,-0.179199548,-0.678354345,0.8958487489675125,-1.403443702,2.7117844421663606,4.071610418638617,4.446880638984126,4.489079561497655,4.785352526,5.146652229478426,4.273487739301066,4.678814982349578,4.8173100312453725,4.0954891584183235,3.7376495364124604,2.427787956625782,1.7668171806338109,2.008177126661158,1.7683613886758731,1.4620747213427434,1.675585354918146,1.3100873473532293,0.5408422621989788,0.6838173238837865,0.7622572217037864,0.9011507936818687,0.5160567725228248,0.5464130805499966,0.45477960505879184,0.41585186760007276,0.44424645446044503,0.4577693563461643,0.48674989175305167,0.4991149573569958,0.5084839444703908,0.5907294989806269,0.7120592566472285,0.7399034272025315,0.4548944622423491,0.5593766845961086,0.5176882405687893,0.6460966123087819,0.6206327711582575,0.5274673647683674,0.471490915,0.5789537801700735,0.6113597615514941,0.5916704387302077,0.6095240381129865,0.5914050179516261,0.7098709215936057,0.9190406615261966,1.125601208906733,0.6152781251710256,-0.198692245,0.559736822,2
0.076220302,-0.378458241,-0.336323489,-1.04551092,0.8043458555912913,0.34186172424396316,3.9534906936273786,4.627719136665811,5.327010398724278,5.892373406,6.4052895245106205,6.379324844908224,5.470175722641013,5.245495060438499,3.657212576530954,3.790984176685271,3.960907096,3.472584958053945,2.4645434716057606,1.1671890484409724,1.453238454124009,1.7356599798174688,1.9015149651046697,1.3919451141181767,1.1387659713940577,1.0534329521425605,1.2022903187982652,0.8898523547637804,0.4338603155559104,0.49361635458618175,0.48488798324482796,0.5549079613540555,0.5741797845309463,0.6728535325836104,0.7500918175894371,0.8352336488379368,0.8910864626521818,0.9760101255763061,1.0746819822415352,1.1671732962867796,1.2580140809376488,1.3108478465346736,1.0957880339429713,1.236443501687354,1.2187608617787842,1.3595502751559936,0.9697106500053237,1.0790153001042755,0.9303309811138295,1.0443247422109545,0.9898448134720046,0.9321834306699809,1.0381501685573065,1.2057197529711923,0.8872325095121828,0.5343824959838246,-0.178893246,1.1119320136962036,2
0.10716809542015054,-0.186829499,0.14159516390200355,-0.076713099,0.8709502072000321,-0.960527962,4.042880154950998,5.343658052888242,3.900679499208944,4.569152647460734,5.05096754,5.495106092778578,5.9533515345529375,5.525856775999173,5.813286817126757,5.560506578566406,4.107217538683776,3.777257656321676,2.6987878650853743,2.003754087914155,2.2205861689089272,2.480170762032518,2.3162420728095823,2.389799809553193,2.025267086789414,1.9275096898598099,1.5447620531177404,1.7139618236915206,1.7993805911381842,1.3681181314540123,1.2963512870871854,1.1002150533364847,0.9333901774928218,0.9238171665431173,0.8914567862888257,0.9308779646045772,0.9366402361413845,0.9416946800139491,0.8900989530226634,0.9887896618463512,1.0399638564243359,1.0520705052430757,1.1052008308773553,1.0149142759601937,1.0966414636530162,1.269439819368049,1.3364629520225015,1.399190841778389,1.237507193533745,1.376774788718928,1.537706085513764,1.7374316136977803,1.6464220188271979,1.0713847629065627,1.307012254296091,0.6238179382785574,-0.165714409,0.7735672572152582,2
0.065831353,-0.392717532,0.017205377532923408,-0.247179649,0.8889373978901034,-0.337303274,3.0039127325318966,5.067202437901447,3.648857465953077,4.301545544777781,4.667090591,4.2439415477616365,4.301344401534623,3.7251246413531387,4.165367470411494,3.995269159937511,4.7241177380053925,2.392695832063907,1.9684810853040058,1.992512002922905,1.995450862403571,1.7795082778906572,1.6786297037159785,1.8951114277411618,2.059205097929351,2.026831482525303,1.9769630507168143,2.057066326926736,1.654988363467139,1.5681302612763683,1.089729237308471,1.108368384682696,1.2266045679653936,0.9209558671728337,0.9922694848939249,0.9888961407979945,0.6399256172478573,0.4280618775131679,0.23631844261356136,0.28569544,0.27400700838847925,0.3787035939277856,0.4723938798317587,0.48996258253393266,0.6311092866979038,0.6157135042436429,0.6969853272901559,0.7373888795729224,0.751646181,0.8979821622762304,1.0393303629995192,0.8456070690298092,1.0475999965246598,1.2243585225940885,1.0158533280358162,0.5051520946606085,-0.183327174,0.49617063990255633,2
0.075085196,-0.106546496,-0.159559056,-0.656304472,0.997609069,0.5286621270003249,3.2926795294972493,6.052762513,4.550878441753332,5.819876348226982,5.092680101293475,4.8292368149648475,5.373750671768625,4.630318096157351,4.3040528408878815,4.5307723125863415,5.3157124339055075,3.235165930289284,1.9425832768052422,1.5774373939044795,1.5906968195176587,1.3701698918523753,1.149513044,1.1813539654067047,1.3133981677697242,1.403155326054674,1.2300851951668645,0.9656827951843798,1.0400062502523357,1.1314965326087436,1.0043869410565383,0.8625143408330552,0.932426102,0.6706487839063154,0.687223896,0.49658319339371654,0.5016170139087035,0.4856053936660767,0.47082550722439687,0.45014133628474134,0.4192744415066314,0.320440855,0.3790864754453827,0.4656753882236715,0.6073576877102153,0.7111269783982768,0.838136819,0.6298640178784845,0.5545694587999608,0.6612314736294574,0.7106492867209313,0.8960217303484489,0.8460171489651653,0.8531799583319525,0.6291952041732949,0.44743140080550176,-0.167567007,1.1929023903725573,2
0.097773849,-0.327010628,-0.159559056,-0.707418196,0.9491451981175746,0.32581110196974067,2.469294343869967,4.1643169746925714,4.324206207,4.563891988866488,4.908632845973304,4.815888061484471,4.969326675176718,4.903127838964787,5.342898811657141,3.628304695904071,2.6787198702754482,2.666907665692183,2.7968587329439867,2.7091369633892444,0.19576173982981995,0.46585231320751835,0.6944195127787293,0.9098314682625633,0.8393528410938235,0.9165474398605103,0.7960926672862451,0.9277095950880744,0.7220702256405568,0.7696450392374421,0.6306051336684659,0.5606166826010115,0.3837527072430233,0.2956777764847954,0.3296266751225041,0.43442058919041165,0.47553643944597934,0.5931806607115336,0.6864746703430307,0.6979598720031615,0.6716251561888816,0.7510995621267719,0.8194628263772904,0.8781443291537174,0.9154450029501774,0.9532510822291884,1.0397541658724307,1.1559414510207044,1.1865198136598276,1.2945315758144027,1.3852943345937045,1.2293384571103525,1.3909234191615931,0.8396149366849223,0.8147456453625398,0.5580100535620711,-0.164532553,1.3091505168176485,2
0.11797732380459093,-0.286677516,-0.257761519,-0.963954333,0.8731023219468567,-1.087470632,4.330988441111236,4.364063708052277,4.201799779142613,4.8749298690789375,5.107961229616049,4.918495403336312,5.3840736422090485,5.156815613604161,4.831790049215603,4.758931114893434,4.258028152827628,2.561835043567126,1.2571922305150134,1.4891363899104484,1.553617010090113,1.4800981001079372,1.7439847245185847,1.8436252311640684,1.7040317388575352,1.4919285746627842,1.6618515745977167,0.7515215653123586,0.7222950527513724,0.766736302,0.8979519698003696,0.936480058,0.5784659809909591,0.592103683,0.5903955199461091,0.6608958427734132,0.7215038265907465,0.5567781991231968,0.6372301893015853,0.7206154833165395,0.7553281018696028,0.8436163890412122,0.9175866959330523,1.024384203253171,0.9459436446604307,0.922317004,0.9286432083361954,0.9755139286197184,1.0403453009160017,1.106220828930847,0.9731161515348702,1.12021555,1.2420284459140616,1.4790252932071661,1.2089736320036926,0.6725065206000704,-0.163882474,0.7004198908835098,2
0.1186614240211514,-0.290782376,-0.336323489,-1.134728133,0.9310931375275776,-0.384705167,3.980695358392026,5.896828337698734,4.819483264223602,5.035867391801535,5.662210472063618,5.070705338539283,5.167893885414063,4.924275177,5.428304015452647,3.674910208992755,3.373351746943996,1.9147860720361913,2.284471085403276,2.115525797777665,1.497189022184932,1.6566215880001094,1.8856618930711628,2.033630161106968,2.0902448830781486,2.251577547948281,1.961739369,1.9775564262438834,1.7296702203757917,1.356800837008312,1.1530710955746448,1.1666258988396767,1.2053490685204449,0.8139224589026062,0.8840494374930101,0.9865895175905192,1.0008727406948734,0.971742854,1.0816328425165398,1.0192019417488432,1.1578247615081068,1.1049462082633943,1.1514653963020256,1.083647698541482,0.8631471188604045,1.0249531292975544,1.1691324744519054,1.297878591351839,1.254380537710986,1.2914613180065202,1.494375013389987,1.6274321679465056,1.0584198375942695,1.0539547209034381,0.87460858,0.6332064233394143,-0.157825775,0.7615139583560472,2
0.079425568,0.6090895092464657,0.20706347251730886,0.13485359890824894,1.2161099768292603,0.7184557919177796,3.5902110158737566,3.911311066315731,3.966524662792326,4.8058431089225415,4.525074433878415,4.901708294871135,5.198613976768379,5.469721689974851,4.396569574668478,4.311784349,4.458518365196411,1.669847707286444,1.390695669782789,1.4257900350278856,1.4203374963991848,1.228158348285484,0.7612697307278264,0.9286630895765023,1.0981045396050966,1.028108819806318,0.7627041025427583,0.9191716283484711,1.0594895400938653,1.1536621174174961,0.9964775998874661,1.0123895131418192,1.1087565547054536,1.1370161733463406,1.0133800084742837,1.0607296879338777,0.8314032966614778,0.6952405771041316,0.6524668009755896,0.7106474217690704,0.8407813831595521,0.9569589779002251,1.0703024913415211,1.1435040244845855,1.2179970013498584,1.1017250525295847,0.929905926,1.029957202837477,0.9884997890262859,0.8488708253436562,1.007438356237228,0.529430893,0.5194021314663373,0.7171326244681915,0.8887401462822432,0.4668429263317611,-0.166986333,1.7491801406138263,2
0.095430308,0.2938178042640406,0.1743293182096562,0.023239907893403806,1.1413303662627086,0.17483006382185978,4.353468415273865,6.626322959487427,5.537308566942932,5.574426356951412,6.051465708,5.4546709661671695,5.920994975179015,6.185969346370156,6.537369897773512,3.908616223187761,3.476143732605136,3.993485967962128,3.2154807574071302,3.3375214662107244,2.011214431709694,2.259744155873597,2.1172640006511134,1.9914027685031943,2.1690863274465935,2.326820708409597,2.448123863546485,2.3168227400677477,2.4002590159697372,1.0437135582816741,0.834949757,0.9084133362681404,0.8268499428745458,0.9067102635067896,0.9999387225011731,1.0660936462862733,1.0148669329881874,0.6302256073603387,0.46091469892042686,0.5412742074125915,0.6374772587483181,0.548813035,0.6570043841921275,0.6253098355482202,0.6664236259463554,0.7524795419401801,0.49228704471756246,0.26662006624310786,0.3954386204313154,0.4311246705453707,0.2878601660559195,0.47847731211448336,0.565719042,0.5849556547711571,0.29186957827142673,0.49376512518078336,-0.157265857,1.491773126,2
0.077455585,-0.162287659,-0.100637578,-0.532861735,0.8741940080420287,-0.323885813,4.005914826871186,5.657309457414587,6.629224591194948,5.362493495616311,4.934004223213702,5.207607429024008,5.507897272097847,6.036201993316218,6.389231055434594,6.8624923591765965,4.578144750214091,3.4062835103166327,2.3111349279063313,1.7547997314656285,1.8478537290813548,1.7396696314881077,1.7236465522147284,1.7147114229987137,0.5442214337172802,0.6249721152951517,0.6674220734923421,0.7563823177742508,0.8924167771949613,0.7601828858926846,0.7143699546161711,0.5925743958758402,0.5489110093871535,0.6258318879887919,0.5859763236934997,0.6471800411229509,0.7692409778062038,0.8094300386543967,0.8962004558506627,0.9731685886688657,0.9766316415506313,0.894973414,0.8438442505723072,0.9768795231801111,0.7140428333369162,0.5103584381777373,0.5077954780209387,0.6264119932703053,0.47390095685106987,0.6474486821646556,0.6724550940180316,0.7836662290629769,0.9531356831908091,1.1746551921662152,1.2617688173103714,0.46818764943561775,-0.168611908,0.9268167295008543,2
0.058188757,-0.295306869,0.017205377532923408,-0.228618668,0.8254404092998974,-0.084461324,4.327894506932123,4.704563258467618,4.362717524998945,5.372644462967859,5.623043734649324,6.018916348384634,5.446375725425922,5.287804286411857,5.492055102135797,4.146076846002192,4.848103968618038,3.2090291335847665,3.359427719122017,2.494403489779896,2.5896951140276196,1.5321647919678527,1.2465831936026464,0.9317012955450151,1.0325485527076939,1.0906265964388056,1.1715395743601065,1.2790980296325178,1.388557543827172,1.3605484376466934,1.0918335006535174,0.9891413382108831,0.9814666221042584,0.9357283217070091,0.9115697731497732,0.8576988238891905,0.5945580502510808,0.39326130844980495,0.4889767802056949,0.5654749183557307,0.6933799918354362,0.6742115055908633,0.6675874020892485,0.6203586373909867,0.6812930298767559,0.8243564979433761,0.9620923620522414,1.1158291603293855,1.1241066730215472,1.3017951774076169,1.2146992989964684,1.1165278254576998,0.9537025189252117,1.1768907507197925,0.8241971652419529,0.5197147520367386,-0.191692879,0.9138416016100899,2
0.029158423,0.4056617839100116,0.10886100959435087,0.046644405687275625,1.2167845809700482,0.34809791723857303,3.6679541498078057,4.903603227229254,5.197348806595674,5.520874317239985,6.072019236,5.6135008388339465,5.401441788001954,5.990015181933957,5.608712837815124,2.613421134910016,2.7812700560530335,1.723581160347171,1.8210961831540604,2.1362912312118003,2.3522439738188785,2.3486858278557863,2.3993481511133905,2.2420778221371496,1.9114603142918336,1.7228282915161004,1.5675487382846802,1.5283085385166926,1.4938934422923913,1.018592379804583,1.1573363995796815,1.2656520961032176,1.2791610534951026,1.3565080130836267,0.7528295448823014,0.43960784241582374,0.3766221803014904,0.40707751416823923,0.5088627981755409,0.49746991908199484,0.6098540570082643,0.2715351853366438,0.3284100257112016,0.3896875849377796,0.5059420424495328,0.5907819200327382,0.6090739157597301,0.5435595530349544,0.2544736233200292,0.21390182623048015,0.33519846756656474,0.43360042,0.4319307011510797,0.5388843343036039,0.20567992955524658,0.2957089688251715,-0.184046832,1.1653778474650618,2
0.18396695836675697,0.15304527389984854,0.4951240304246523,0.4853894365382439,1.0260441367582849,0.32643409294458314,4.470250024210488,4.877019317848049,4.492219310003628,4.893492037162674,5.476658608387608,5.701519989,5.907832546706607,5.613318564163621,5.8516029962504845,6.434534057630252,6.106534296501525,3.3017358312095104,3.663149512463996,4.058652975367396,2.5800377189853183,2.0724614267197117,1.3314553467077272,1.2800205282786845,1.2013377310037996,1.2144439812382883,1.3635117140675883,1.4740828111208233,1.4542613102013802,1.0455844965978887,1.1810229541012192,0.8789694336935774,0.7937774238108767,0.8114013869056668,0.7421914623334815,0.8339541974095749,0.9215480154470418,0.5892423943053136,0.71047994,0.8335705911817475,0.7931974676783774,0.7051419255891416,0.7777735802786881,0.9235539762351168,0.6770696787845066,0.6740132834611888,0.7143279904053647,0.7938960606977965,0.872392753,0.9408960923265193,0.8415748109701662,0.784605421,0.8431186730174542,0.7568588993472131,0.9523398884188998,0.6854663911745045,-0.111715337,1.657121868,2
0.081369664,-0.155853022,-0.19229321,-0.742012716,1.038914863191735,0.27037624628549667,3.720497866380394,4.716315551183972,3.7089648071829675,4.623698854034102,4.674576758893354,5.089649801,5.588229891388913,5.1106355546469935,5.567398231682903,5.571946950780456,5.766104617317595,3.172013919853466,2.0301697232140965,1.4909244546430847,1.5220677845909514,1.7058356781117188,1.873572393864837,1.853055748357972,1.1650960639116095,1.112803463,0.8766246475337205,0.48120566950288024,0.5167666348057629,0.5608361155634733,0.4098358236319935,0.444878141,0.2801618492507449,0.2592356783136687,0.3422143147226252,0.4435017697592782,0.5483620902720463,0.6602511861499543,0.7810918741964935,0.7951828547522414,0.7056644021426465,0.837553126,0.6092471359755788,0.5215849363336751,0.5626201165626099,0.5621607611221152,0.6480523506347341,0.6494447267476676,0.7906799965785536,0.9645757067107128,0.8559522945088623,1.0158436422799888,1.1659115886464964,1.1703571436409868,1.0072550257095798,0.482159097,-0.167479877,1.7194017207885974,2
0.097507773,-0.073403789,-0.290495673,-0.991094653,1.1093200526473355,-0.381798827,3.474757422377024,5.267431057,4.270790958,4.820993693,5.514102433,6.163321168898713,6.461291795000982,4.942584081725933,5.367222793641183,4.2348726314763505,1.4847920430364074,1.8613292021672603,2.0995695712794626,2.2507606544123866,2.4960349982805847,1.9713711736434993,1.8989716151646505,1.6460241222582817,1.595902347861182,1.510310672,1.394280907385924,1.4978404461153922,1.4482983391697513,0.9829070147473048,0.3149448203835507,0.3967425340114817,0.38070359219109295,0.3138274625322353,0.17464636917840282,0.232113086,0.27600036917825077,0.38564946288067087,0.47401468058970786,0.5910580130071089,0.7074129290018593,0.8416609164442376,0.8893422498295602,1.0009289808913346,1.101132655490848,1.14295764,0.747629274,0.8936840396796424,0.9971104571665348,1.0118358710423614,0.6342575245232217,0.8273810948785262,1.0163270870339824,1.2558934215845594,1.1685867029663715,0.5865741765764725,-0.168860239,0.9957934011605318,2
0.13824252247170526,0.46072061998122626,0.39692156750169433,0.39465564214282495,1.0831457361813586,0.45478829510381147,4.711037273235956,6.401811298531844,4.022589024,4.919408655148185,5.466392822753172,5.975416852120275,6.273046615482371,3.792886321162498,3.4798703803353197,3.989012332164843,3.6252523682184536,4.216924868098034,2.5241547815658842,2.2790379109332273,2.5946399817332364,2.4540821194564404,2.1785949913787745,2.1008264792550504,2.0676767774452673,2.184850287817231,1.7503858669298782,1.641534876724307,1.1599069564241333,1.140847128177289,1.2013972666764237,1.2836224351384171,1.1081365983931535,1.1956029346884782,1.1959951783051934,1.238523541651541,1.1894530317311516,0.8239079553498198,0.5298950784337598,0.5037531574800483,0.5319279300056071,0.5273156238549064,0.570121425,0.6659190786140401,0.6065152101473157,0.2979932264477305,0.30777360708597745,0.43222580438466773,0.6001742744344609,0.693717926,0.6422710346621143,0.29990754877147024,0.48530967468147035,0.6116961798374393,0.7909912080791375,0.5326294000263412,-0.128054274,1.8919657182033662,2
0.12521470362929488,0.061841358,0.23979762682496153,0.09057815,1.0654961075306388,0.17385408136102162,4.198363446422444,6.0663315671425275,4.426084916104988,5.428330197085039,5.710985900110935,6.421820986212156,6.309439537084004,6.232169271635542,6.354086091,4.368722805685517,2.0376519201516974,2.435071841893222,2.512817744889073,1.8792868506397438,1.6723147503892726,1.5459547865323078,1.7169645964160491,1.9495220635465318,2.0145689040102983,1.893664761771428,1.3737686710330848,1.3551207955775153,1.2364188267447642,0.8631639786437145,0.45377134972047223,0.37983794107819324,0.13469456536809307,0.18166558408491948,0.24972161575692706,0.35201021796128096,0.41672169762980554,0.15877650239820337,0.2579905297370575,0.36164884976526424,0.4492648606370247,0.5253989566210607,0.6389449430080786,0.3979840296586904,0.4600648541369775,0.35117701057833967,0.3278649130651322,0.4693392706381766,0.4494331567731032,0.5982574415290297,0.7646195944892799,0.9532887782917576,0.6231494167143199,0.7417952080793644,0.6767073986157984,0.6011203458595717,-0.148003171,1.6198928362938647,2
0.11360451216718055,-0.036041409,-0.323229827,-1.09596654,0.9987179437383716,-0.082810014,3.491397676167541,5.1362558672906715,5.546055241,4.764240214885929,3.9792576852484762,4.122898231286456,4.493058999691107,4.849350644670715,4.932176896,3.2934249309900796,2.5650093612505005,2.2893166806539047,2.5805853688982077,1.6067572532694687,1.802617615723328,1.5532529533826729,1.5727208363086091,1.3834186353947977,1.5234740371983555,1.5690226136501289,1.0912692716672847,1.2360382986807328,1.355756694522892,1.4789660836029395,1.378691037151037,1.3718863928225198,1.4101362186752406,1.2175460605473354,1.2018866001348263,1.1375944860135314,0.634426403,0.7343094479656216,0.6236163321676484,0.7154675011516871,0.7812926671990815,0.8866854416998747,0.928986195,0.7554148178709211,0.5954884844856563,0.6535601170484537,0.8023342017627529,0.9218320072836668,1.0060499819285325,1.1778992885786526,0.9686327683794013,1.0869221468757542,1.2787949665230893,1.2936306344084072,0.9697051038111943,0.5069230744113056,-0.144420318,-0.059340146,2
0.11445072314965865,-0.012811005,0.41656206008628593,0.49898559520743496,1.014860211230334,-0.55111848,4.515880298505294,7.141340166181369,4.065802912316244,4.907012857126662,4.963688481809875,5.452902582535059,6.070229484987982,6.6230981232113475,6.572551283087955,5.332060295596781,1.9236504574445783,2.3817000547753175,2.3845426749345893,2.4495019967380847,2.717392298130121,2.9818299487944504,1.9396926455771077,1.9858475745150468,1.7348224102464755,1.928460505052881,2.116810474243766,1.429897766742403,1.3591369724005333,1.2570545648270175,1.3389362786168173,1.0661201215705802,1.0189390969590155,0.2962143260659187,0.11841150751329409,0.21597886997106602,0.20615212216475756,0.18839851379649503,0.027476556,0.13001198841694825,0.21684372200117735,0.2681135613336185,0.2200050694754757,0.19221927031328498,0.25929352140891365,0.15103705124352937,0.098841179,0.20412226970265254,0.33056474809115904,0.42960531406698443,0.6205486805951007,0.7975992945412193,0.505709635,0.704139289,0.8250310477250802,0.5671323554946595,-0.151849911,1.0997024434144103,2
0.10022300804096883,-0.081981293,-0.19229321,-0.783888285,0.9521148693447614,-0.843266708,4.131723002913257,4.578371027503804,5.650436650147301,4.629518528375918,4.5806541474894145,4.748377371303519,5.112555156276981,5.519344952271376,5.5860952996491005,5.9369193949869175,7.135781427506068,5.029163835971045,0.49361350890543654,0.465518662,0.6604433112790727,0.8967183751142259,0.9233235966038726,1.0617596196452235,0.9706099963012705,1.077903653687552,1.1755640910701974,0.960549254,1.0760676842831556,0.874363731,1.0088674620196425,1.086049676587788,1.1925788201049723,0.973894693,0.9791833781243023,1.0088349210818395,0.9084345342392207,0.8972268209347092,0.6049062831841492,0.5755440657204389,0.7005205163209859,0.6803449367741384,0.8239203851474883,0.9676872300585893,1.115319213771348,1.267169307473182,1.4275006159382797,1.4267441854174492,1.1063710048519495,1.01317407,1.1314566874457286,1.296158438519705,1.376029884,1.4142214677992788,1.4842806837486175,0.627171659,-0.171927413,0.5509038191248404,2
0.10639473206115523,-0.002139228,-0.100637578,-0.599100998,1.0782165107400834,-1.625899705,5.827947025876944,6.6037399842200974,4.383205496427776,5.417102091508889,5.6095697586278535,5.057878840756233,4.847314197855599,5.092732359,5.604231134895675,5.231163586978451,4.156181780259323,3.372417913065563,2.1297674865321627,2.152834156727547,2.2387250759911304,2.470932004951905,2.605344420326764,2.8241177167166014,2.989496234296115,2.7644585243301267,2.4369816806177873,2.389302016652546,1.205248395334064,0.6604381636179211,0.58098288,0.657179023,0.7689057849851411,0.7626997625522178,0.8474875683237566,0.6142834214216129,0.6197345439181361,0.6687335521235495,0.5977901125195842,0.6311269185016875,0.6268726459619748,0.711831179,0.8026789793169665,0.8613790231806492,0.959839334,1.1121544806695693,1.151401950433755,1.2610005664405115,1.2372771489726286,1.0683789410737765,1.1091978281577834,0.9118660278002416,0.19695605130226101,0.1158013143479975,0.066810185,0.5579411024917074,-0.157496294,1.2777706781690994,2
0.037419036,0.029765223,-0.290495673,-0.859970521,1.1487967663470964,-0.94797098,3.371902765204928,4.280413655318138,5.321588327659099,5.746189679082596,3.9823986178532476,4.542888990587004,4.875172378269029,5.287868079989139,4.883861891046212,5.134225079512976,3.6150836619028435,2.4449414880693086,2.358647584085849,2.3893632404278624,2.155521042841601,2.017956978373737,2.1551697152751044,2.0492522000800566,1.488181948724215,0.7020794983976785,0.7937273246448602,0.6408809361734742,0.6537357228729539,0.6797039845212377,0.7661387063280826,0.7880942571691113,0.9027103618140933,0.8221324833929023,0.9350288679453882,0.8334635689976602,0.49828832982485116,0.5263637718931832,0.5785510384514145,0.6797597118124862,0.740561511,0.7438209468226803,0.7605241414486335,0.8485494662420621,0.8998251544215553,0.9126546728267636,0.9551476227582074,0.8724801914343651,0.27884948601306014,-0.123252765,-0.103543684,-0.031817926,0.17358825982067783,0.39083863586140155,0.4144944258165043,0.4332501881310591,-0.19645132,0.4169259463516016,2
0.16399814099237636,0.36278010045310527,0.429655722,0.39819457881703585,1.1064534514638726,-0.19010255,4.132456277788201,5.554987002459288,4.9966951559846455,5.193106231608125,5.631277848577216,5.428592107604959,5.834841881283987,6.190504922277961,6.256980424744805,5.3042715096593245,6.07816797,6.823764211146814,2.8861342036370843,2.4642843641294383,1.6553189748806223,1.8188742937803342,1.4410003793651953,1.5912203158934553,1.741784258,1.0915190535155535,1.0430966406882825,1.2057109652743006,1.1991452627368087,1.2365021203697946,1.3089437372270714,1.123789923123768,1.1471056803335287,0.8674752326843396,0.9448502457545702,0.8572775946181052,0.9210489111262614,1.036261731876582,0.8470831266695941,0.9298617431049548,1.0008083491945647,1.0854005760159182,0.9102659164184514,0.9358494944720235,0.5799248945933441,0.7097992370692477,0.5067004558313298,0.5944895715931123,0.747782451,0.6781228698774818,0.8157516085714884,0.24405541056623015,0.3724184829310129,0.5205953288236966,0.6502458852942548,0.6486602020512376,-0.122865056,1.6517088409504561,2
0.14311549633126122,0.27219652851311754,0.095767348,-0.261515864,1.018131415858436,-1.306511433,6.732811732950946,6.23752461,6.028202044,5.035981583212834,5.624972557507732,5.826260291311962,6.484310348692356,6.617189973,6.455244921083714,5.888044854357749,6.665620755863433,4.066392022,3.578586370195809,3.897047596039238,3.772475363348618,2.123484823008965,2.134068253449888,1.7253286458338362,1.7858091201507909,1.935997241407844,1.776630257928125,0.8261205160065389,0.7496450970156707,0.631739209,0.5981538396414321,0.5688676622140421,0.5142163409393724,0.5223952776125176,0.48617707774583946,0.3778830345969907,0.4121826078255243,0.4782886915881255,0.4029616921453738,0.4969132195328658,0.6254925760263135,0.7113010954597498,0.6513591014973772,0.7173525231696166,0.6646822511210657,0.8038832093983986,0.7916895908577776,0.8283953314925624,0.9428349132726854,0.7540107305751264,0.8855415728741756,0.9038413126481913,0.9622568212945958,1.060168325320351,1.285978310288088,0.566905275,-0.128558046,1.2352401067518142,2
0.052460582,0.097066887,-0.146465394,-0.575638737,1.11082512,-1.250204442,4.8711907834830965,6.1157284404685734,5.505506492751044,5.392682774869358,5.7349508008550885,4.651204020805255,4.696413720842606,4.4159462212353695,4.734895302365143,3.9773217769617157,1.4830963403797774,1.7889662789821699,2.010794407105804,2.058204332502104,1.5456818597169595,1.6987201458486207,0.8846179114402333,0.9001328112831269,0.8177362984048944,0.8205660495879527,0.9109367560068342,0.9023813494796236,0.8462711701939795,0.8088502562249708,0.6818603666446231,0.7717117658880799,0.8438194210895054,0.7304555088091048,0.7759403092777756,0.6371351463281771,0.6183764411875183,0.5540802325333573,0.651526381,0.6106138616111353,0.6292779830750551,0.7666180666005973,0.8959293675147608,1.0097905763531478,1.0109428575678867,0.6863554434674777,0.766898841,0.8722146914325015,0.7551525391684574,0.8182685233299448,0.5463713715357407,0.7081091253269132,0.8538436165862067,0.9565533882757993,1.057505656904431,0.4283296162796502,-0.183467154,0.3792594226708459,2
0.11997150870677266,-0.069980785,0.527858185,0.7241979085134118,1.0574885132552307,-0.651546224,4.134561539654079,4.9821697259070366,5.125383176958574,5.262756188239666,5.645509918648813,5.799186681072036,5.333865181196103,5.953483346885678,6.2337049668437245,5.531636321030582,2.8823393039072447,2.4775422879655298,2.071751734,1.9021922027619735,2.2350019486133985,2.3481995418163986,2.3362998849306114,2.530968678253402,2.6809304051414626,1.8642995360668337,1.030520412887306,0.9291997579979439,1.0097810737031951,1.0317921386652984,1.0778881591605793,1.1010158245005728,1.007025951156128,1.1294547426144026,1.1715162953816634,1.0745869348419408,0.7673217949020444,0.7406117918289398,0.8681130220197387,0.85817711,0.8954957105693845,0.948327315,0.6158681558248154,0.7571874327629512,0.8983650105488651,0.9854764070461798,0.916355667,1.0830102650536788,1.1971891527792249,1.179104195607919,1.362057994132984,1.5374261987538425,1.3644675631856116,1.510792249820971,1.1966408162287214,0.5866368913039561,-0.150154672,0.9411890833990191,2
0.10659595746105992,0.3761204299816762,0.22015713424036992,0.094711939,1.3137090198153947,-0.609183022,4.003354767829279,5.040631786516567,5.621810982222426,5.559514539526223,6.274223872913601,5.804385459,4.963541541093379,5.1652949060572375,5.6630499244161285,6.072491673314433,2.6012443928568483,2.85300722,2.9898160751920924,2.2268427390082732,2.1047272899379665,2.0196088133316517,1.902952229699828,1.9499012967416391,1.8360704758932727,1.8305454739955898,1.3990412313759142,1.0322823074635463,0.9816074924858563,0.8438569846508632,0.8830650613379305,0.8189981718716133,0.7808543998480147,0.8717031042459333,0.9309799470731299,1.0253704669289907,0.8051756603851312,0.7678812499100062,0.8201307793711614,0.5954834376428315,0.5176872933162685,0.39089402298311265,0.48358605342516836,0.5247402377589961,0.5485458852073376,0.39966408675774323,0.5189365330259491,0.42683107193550285,0.5746094452870503,0.6972320647197157,0.6714594060187689,0.8007234369879368,0.49426971503195866,0.6890756486606389,0.9234659605873218,0.5753158591632053,-0.159673939,0.8635894675773355,2
0.1525083300025794,0.035894114,0.4951240304246523,0.5671986304107275,0.9376342010621465,0.082004662,4.096855544686373,5.348187197,3.8820683572024786,4.987917831710247,5.356518639872575,5.852637458237937,6.081917705143679,4.650878589944778,4.827582694772731,5.091271767373553,3.6302651932455756,2.119847110619632,2.1132877603565583,2.384084172571733,2.6321683368378963,2.5136221479830403,2.7612799956674214,2.931617455421185,1.9524838986702826,1.6571171343476296,0.6168749952588779,0.7408483825236719,0.6166190066633858,0.5396611363587609,0.5458870267786428,0.6577916130957087,0.6410858666754256,0.6935410971266895,0.7644646220081652,0.7670704684134138,0.8267022262094483,0.7238634598379843,0.7388228247635464,0.7060220920517334,0.7359109080209547,0.7067150474533483,0.747899134,0.8593146422526516,0.9533074422216129,1.082083813,0.8501494097521161,0.9911782511782462,1.0149961325842358,1.081447479735252,0.6796818638601981,0.8057334819449805,1.010071432467349,0.5627287533505281,0.1367782889361709,0.6027394245334105,-0.125815143,1.212617799021837,2
0.15973082762603524,0.15035366435033864,-0.146465394,-0.815148343,1.122741270984944,-0.917707372,4.625241550905968,6.496386275157136,5.819681995590111,5.0867043959358655,4.8619575488595235,5.479388505554284,6.013626212430814,6.313589000660812,6.411964684328601,6.434676416286013,7.490167933701376,2.8063045681518686,2.7087967936755404,2.987476628428399,2.3006022433915216,2.5157554981993577,2.602158576713267,2.608489719100887,2.287549207034529,1.7161071824167997,1.8690204490882338,2.0476940042633704,2.0485325703432267,2.192996602966427,2.0322108716595753,1.7724529128019015,1.7430350651547042,1.8146894687975113,1.058097668383413,1.0365726975371197,1.0845460796289468,1.2180306665287033,1.3587037712906564,1.2328284140868755,1.1010219507768164,0.7431949270883984,0.6215429666517522,0.7451982476341689,0.868426675,0.8640658528804435,0.8388228352839994,0.7507819473696968,0.7303503802403645,0.785487008,0.7203972146594843,0.9069393124016686,0.7813536444982416,0.3253091200489815,0.5401740339496964,0.7071542886656879,-0.134514465,0.8793483301804088,2
0.074870231,0.2765101034339498,0.10886100959435087,-0.068433638,1.205167700089285,-0.890500248,3.846792378100235,5.990627685654821,4.348817142737169,4.951861112879678,5.313350869538887,5.8040303563404345,4.820375392682228,4.534647662488175,4.468827789999235,4.660997327897439,4.843558918,2.426860319354387,1.4615694411878901,1.7008321378867262,1.6549443559638195,1.9168578593181766,1.6569691686353591,0.7316593971255734,0.7382077680804315,0.756167104,0.9165206879992936,1.0738174932633575,1.1046637633316128,0.9968068557400053,1.093500149,1.1571828860708377,0.7750569821184485,0.6967988313905517,0.678065284,0.7798991380921939,0.8796874543039561,0.8729937169842883,0.9854585973317544,0.6688346341626504,0.6544108680729189,0.7919706012689488,0.6816022648710082,0.8133586821986676,0.693663242,0.6705724178596945,0.8093195628413761,0.5963576916685468,0.5140057582679952,0.5728700178146892,0.6863558972522746,0.8806250320467139,1.0374770084852505,1.0656856694147183,1.2732629298957294,0.4482196114066932,-0.168072297,1.2304075058370871,2
0.15526316074632676,-0.158189343,0.017205377532923408,-0.457184264,1.0322635116519303,0.053130942,5.199126214406895,7.841409854,6.342695524134482,6.58178812,6.254149868030962,5.903558282079418,6.179263897190725,6.685978251881343,5.708280432202544,5.0027912611303185,5.9999939052853595,5.264664878445412,4.731351090459992,3.4347659352080857,2.730794716962247,2.708571828693616,2.943064504217306,2.2029755444947563,1.9343900196128219,2.1189262129640256,1.7602721821522302,1.6264790924490924,1.1125301899807922,1.0417591687385277,1.0880512431666138,0.9278506658078701,1.0083343386672312,1.053077894,0.8059791005203936,0.8777040849221152,0.8697639357734467,0.9864478813604587,0.955460628,0.8698738768659153,0.9911054425598357,1.0185989637782258,1.133758676362754,0.9415536195468369,0.8149034329196885,0.9702362911673708,1.0916550232072382,1.0217773130239685,1.131183828234742,1.3139086680680634,1.4255304855492128,1.3779182111328154,1.2109330338866773,1.4533494660256587,1.3105555020592556,0.636484875,-0.12826278,1.3807523917230378,2
0.1834390761657211,-0.098400622,-0.126824901,-0.824338218,1.0413158752726392,0.5098060208217233,5.278925183184445,5.593229231151638,6.2280458281953175,4.886643302963379,5.381419724,5.539198097,4.777547694624582,5.2362249040333415,4.937693857105957,4.445491616884082,1.7959708261457077,1.862047471801158,1.320012059081616,1.625408093579354,1.6631381301832588,1.2915213508253824,1.068711279015587,1.069479449806099,1.1467223249697087,1.047488247223659,1.107531548547596,0.8295379386642749,0.9522174342232208,0.9051482821577614,0.7446146224315592,0.7271201036400068,0.4949681614892934,0.4024622178717361,0.43363654441563876,0.4617370073849157,0.5235176690844633,0.6162571974202852,0.5647333881219887,0.5793068424255091,0.7061259875568177,0.7621392653173316,0.90190112,0.7637685932379722,0.7148496244240917,0.8244042176636392,0.6570892018969032,0.6019173089201467,0.5865183116542202,0.46675050285256625,0.46562447465058876,0.5242948902149892,0.7214325421020228,0.7650423400682094,0.5812862204671732,0.6202874988421648,-0.10341437,1.5133782485833325,2
0.21264643335928918,0.3472300067700854,-0.244667857,-1.131955765,1.2841254093303938,0.04639214,4.554729617849241,5.481668234989044,7.132225453874464,6.095677973164133,6.741954518542506,6.929622827301913,7.496761736742934,7.390712333412684,5.789769778466121,4.431480223716143,5.043868165801756,5.210953905981375,3.796097753284797,3.9405778980804778,2.286689130839199,2.366627321,2.562014591688514,2.4420061082945304,1.8404042917426666,2.042114722072554,1.4666354287742884,1.4009100811132398,1.3721929894612694,1.1052152928689438,1.2144416315033277,0.8428404276650373,0.8404551197948067,0.6771787698113979,0.674496777,0.7021140146938084,0.7493840427256543,0.8344106770462516,0.8938835368186488,0.8301201655947241,0.9086632114489661,0.9278337620828385,0.8594630434950157,1.0115804686348657,1.1294521416737744,1.2444251648202045,1.3969795904091218,1.107566164314215,1.1787157630776832,1.1481907856886164,1.034347771637894,1.2252104308234553,1.4170920872221011,1.658977886139726,1.7502415207414026,0.6625698663803277,-0.085394347,1.484752982302943,2
0.18137805665066206,-0.053800501,0.10886100959435087,-0.322764597,1.0911178829254091,-1.009923105,5.318557584952374,5.260657756803336,6.862162188593038,5.979687088700767,5.596134341675437,5.917662837609766,5.745279701939462,6.255312160567414,6.440016063773653,4.782237360357553,1.6389481195698545,1.6461010662278637,1.3937715221895037,1.6060968461479184,1.545531251479819,1.5910738701133103,1.7117379175698844,1.934235868710789,1.8088997612956899,1.2881373957413789,1.247357835485713,1.3082616241424565,1.193300987587703,1.2291617677699918,0.9917824902842579,1.010265704993118,0.6318619284764863,0.6634711889487032,0.5770023248820078,0.5689374557868468,0.6061879746447985,0.6715856455266603,0.7974286625372149,0.8649022984054854,0.9220228350987282,1.0109923824760645,0.8555462414980843,0.8726125781508683,0.7364836489267252,0.8754495955759632,0.9533863234204417,1.0982823319897226,1.2098929439509019,1.3360681947455157,1.543820646278074,1.7106443428533495,1.4152911082323707,1.5821512554691082,0.7685210877441997,0.6543962212289458,-0.109629914,1.142044024,2
0.1715120591748159,0.289684001,-0.414885459,-1.40851726,1.289089256519293,-0.696544207,4.532876992749056,7.385364569,6.5985760037418935,5.3432979473048245,6.089805066880545,6.799721539428468,6.995779144021608,7.169239879584634,7.635491201248753,5.6775209920472856,3.5975271218615785,2.849116628437609,3.1487437153848363,3.0863407843379846,3.1295151503472662,2.2324822681584444,2.2965577778704964,2.5470513904579195,2.603118670754357,2.120599514152123,2.112310060639987,2.1917586145825303,2.2117103787666315,1.7732252918211748,1.799328258096741,1.7378910178698437,1.4431127767716219,0.9122148074540557,0.6985912940355821,0.6329530103320694,0.6245814720720375,0.6736211281093363,0.5252826426350193,0.5682850229305431,0.5760933111242542,0.6482605513753122,0.7732696157643523,0.7811692033013872,0.8729818708423678,0.9386508820955596,0.8119503970479902,0.7384577354889337,0.9147266821676451,0.9236255924385796,1.0612075751769976,1.220625731684183,1.4318196282099416,1.644813133366188,1.7683331382348015,0.5843698469521014,-0.108086134,1.1652493808522824,2
0.1677898853499474,0.14282570392578003,-0.002435115,-0.527203753,1.285064631,0.11700282279627472,4.6794902567409995,6.151466041794409,6.649284694202818,6.450872114085672,5.1720217815527025,5.03493751,5.208134216,5.773991683,5.581698132472656,5.762165372879546,3.444399293165279,3.0271551427703605,3.3563937802817176,3.069290440930728,2.170894067078041,1.9788706599449435,1.628029967,1.8449178358861846,1.6392226146412723,1.3901799550976908,1.406310885279345,1.454437068138933,1.1346169714890586,1.1703865482994602,1.21659753,1.075281029545294,0.6797915478514663,0.6468150049527255,0.719336034,0.7601168169284768,0.6987861042636712,0.6687697847039127,0.7629158530034763,0.795229049,0.8505902534532622,0.878228333,0.5960955772265375,0.6151343305141532,0.6919873101554304,0.7595579354261767,0.6765582787763724,0.5234769303238089,0.369150279,0.5439133452130172,0.5174812675088847,0.5205651079715687,0.575968703,0.8038383868537103,0.9168710726342286,0.5781671986799781,-0.110383095,0.5655284244795854,2
0.14811636692639135,0.014130668004370902,0.095767348,-0.273263186,1.2273896932702526,-1.581572079,4.049658958607567,5.843879876337099,5.774171689766965,4.946337703173996,5.598685353820078,5.839356794254641,6.489934490223643,6.504090155539012,5.647032187438921,6.018433401177812,4.952622989817384,2.7312740391935475,3.155214168,3.1044781785643694,2.4445566706733213,2.3474174923775393,2.0482083846417236,1.5628997889260405,1.7303968936270455,1.3237659002550564,0.8379451513570751,0.7846593793604505,0.7382878537518761,0.8299196027923318,0.8403103926622638,0.9698533013352375,1.026089157793694,1.073345613674935,1.1493230296825452,1.0375106863816081,1.041802379844795,0.937211507,0.8155746704433336,0.6705288229418784,0.7587219050540678,0.8268457858991841,0.6797937496420079,0.823260484,0.9711789613133683,1.0285559149442842,1.069823065535404,1.1523399764836704,0.096532975,0.12029749287248408,0.29231808837444484,0.42823398598539225,0.049583683860900354,0.091867151,0.2660147567978345,0.6153610482762675,-0.131369152,0.8412497299886138,2
0.1815880309809978,-0.0929731,-0.080997085,-0.723724593,1.1510079093385481,0.42141819376093476,5.206856349785283,6.438656375552927,5.301779197620029,5.710260362423946,6.328335482110651,6.472420343792844,7.043765819192104,7.100047011853982,6.020116417511956,6.013718685575736,6.580948189607067,2.6686645928278665,1.554543459034799,1.617549313449086,1.3463970710540623,1.480217772062943,1.5319321409979967,0.6109342046023084,0.7703258376729395,0.7026083410496502,0.86184451,0.7213945482150929,0.5552323741207488,0.6531126640918542,0.6755925699534032,0.6147220406339079,0.7160610160277988,0.7955248162544828,0.7391677248223674,0.8101640644420284,0.9324216720476958,0.9548306961964578,1.0416211071015802,0.882373053,0.8120376070298524,0.9419741548798777,0.8835409918928799,0.9814479013701438,0.986423112,1.0152524934558522,1.0908139165392876,1.185378777346452,1.0036238889725972,1.0821157544301192,1.2899611718256847,1.0408379840198443,0.7021367214159357,0.4819811971352281,0.6555073705830974,0.594077004,-0.101432143,0.4486647300233961,2
0.34416008500740264,1.6307524724355933,0.12850150217894246,-0.63865923,1.9317497886661499,-0.792487071,5.5339533260046005,8.435285101409818,6.909775848,6.754157461271413,7.040817510932271,7.769782127003723,7.031708578733532,7.259433990518347,7.816399443555547,8.624711942343383,6.587929681737492,3.4898951948757344,2.9365399238882604,3.2990192170772694,2.197383662767123,2.458428932728327,2.603560068529595,2.6494989804822198,2.5827584729781727,2.0809376905715005,2.008308307350989,2.124569570084318,2.2280700537228717,1.9774366555800613,1.825023261,1.7038179964422389,1.328616938888774,0.9796494857222825,1.0835387178201579,1.118454907041657,1.0315716940636466,0.9149518323374305,1.0302486567372169,1.1266712168488127,1.2263233609033721,1.3255265679568229,1.3663027981050913,1.4494061602768717,1.4957965248834815,1.6350891948294155,1.6447472943423562,1.2687393134437173,1.1151136145213587,1.2491582314659682,1.3294293593621653,1.2615772639972935,0.4531733792543641,0.5743130853726532,0.6573000749629392,0.784139107,0.004136672,0.8329468101197421,2
0.42210956759837887,0.9694639506182943,0.1546888256250646,-0.745805159,1.6547101731492464,-0.411391082,8.377283429303516,8.086490504497922,9.731311344716916,7.651099489236961,8.357663076575967,8.767956467821728,8.302975243640102,7.874322702557257,6.841991514177695,5.713033792464496,4.641047265297931,3.3589646342649293,2.1401031526035768,2.4697686112023334,2.630069408750646,2.4992438481478887,2.4329865227576324,2.6576477493369515,2.7480524403983018,2.7494583812367543,2.851741771657752,2.8150941196852926,2.8179567772302927,2.9964828764653313,2.198101268094975,2.126396327863431,2.051768767719344,2.0384902840491863,1.4372179600422812,1.3421433786684895,1.2565899891524857,1.3439260184708082,1.424562123361051,1.0745807010540223,0.8406086981277108,0.8680473168906794,0.9951601165845604,1.1274320502878912,1.2740418409326855,1.4058951275394926,1.3825213950896151,1.3461524315951188,1.5241962628615258,1.0521217323755767,1.228460109,1.267730723618796,1.1220169659540895,1.0963171376118452,0.8625828884071308,0.915031001,0.048926076,1.0219788171215054,2
0.38126330681705645,0.9695286172398159,0.14159516390200355,-0.689077007,1.674746255619499,0.1737837289025987,7.009022468773814,7.439360460023362,7.007755138538105,7.529941022377487,6.495101726204853,6.47497515,7.032898259841999,7.455959165880761,7.151773836116367,7.783491658332946,4.466014594405504,4.064866718384356,3.9834961126828246,4.105866695569285,4.023033248118097,2.201181424333862,1.5887547030390259,1.6269753711399353,1.8305958955588124,2.0374142436800255,2.1471311561798765,1.9942631959449995,1.1824044289404205,1.2731666359203988,1.356242240132031,1.4842104673947913,1.149589127837638,1.2731158494795523,1.0679371621286369,0.9522382972719794,1.0684349180294783,0.8427767633075237,0.8203558097455927,0.9189734977017721,0.9476171157817407,1.0704805239779809,0.9856109079491306,1.1140876568581157,1.2015950885925593,0.938291494,1.095950168031502,1.2434525315577902,1.2044473964039863,1.2167254225550042,1.282442683715351,0.7545702998512639,0.833668508,1.0459043139108923,1.1181592017129034,0.8506415452133957,0.025007370402389106,0.7139630076029896,2
0.39109154258630185,0.8866492451551907,0.22015713424036992,-0.554312475,1.5170802238246843,0.2711201881751011,6.285924398841593,5.986303865982647,6.921582695618724,7.738866891172101,7.568917609472415,8.081838408058347,7.2958049932475255,7.7482427731191015,7.686533390720471,8.097092725,9.594906631,4.630238685036943,2.55533168,2.731619584571756,1.5001445769913275,1.721560845734656,1.9490397019795278,2.1992749167965977,2.188581048805202,1.963799363772304,2.125614505183662,1.7990770138791252,1.7869504472840922,1.585000880288874,1.3824718237479918,1.4525758568765617,1.5226436313662945,1.5290861396579445,1.455361726060138,1.5564011345377788,1.646022922378598,1.7655375200671362,1.895845629695689,2.037370000312414,2.1470765576921647,1.695533561049413,1.5706396769351314,1.668040253831982,1.827410591252756,1.7651366305212692,1.6277056529825265,1.604796319109602,1.6937390836721573,1.774833083464173,1.4206053649231045,1.2130928615827872,0.9834349777145514,0.9259380573741752,0.7105070150959302,0.8992409427679621,0.026369192621964986,1.1256076019151802,2
0.41879321185925944,1.1013672399498986,0.331453259,-0.394000028,1.648121489419407,0.050674128,5.7782208869381195,9.201227697,10.110642894277259,7.754430174280163,7.168519108042548,7.068804900127096,7.547306714166083,7.8957232385360925,8.240253273211241,8.437847326051052,4.509577892637002,4.397460390139159,3.6052257289160847,2.5110149800149646,1.8204587246374677,1.7803758969580321,1.1756943587024653,0.9086180035683661,1.0638766486090645,1.042937855301779,1.1727788342667047,1.2680009275115034,1.3446122739528088,1.4353106424715858,1.3577676348582848,1.4220125325267716,1.4812854207334523,1.6077234580637758,1.4453816629178773,1.3175139930900415,1.262600785,1.3673626902556097,1.3548929859335324,1.3239385464730866,1.2148335863361641,1.3276832995919627,1.2617262234959326,1.2932063079993892,1.2952334797905751,1.3843234108837834,0.7596224275312055,0.8336141628765812,0.8998368021735388,0.7335348826921192,0.7033884965705736,0.8381664165606154,0.9572645323455723,0.36477824763045646,0.11372236964769335,0.869476073,0.052256008,1.119291444301118,2
0.3591434551588559,0.7071011470775763,-0.126824901,-1.177759501,1.6036207380719685,-0.305010931,4.502738949682927,6.2288379667743765,5.180449278744313,5.991460719984494,6.644007759125536,6.681422547678816,6.564831597,6.926247138450975,6.542123575,6.550609428318303,3.773735883508837,3.391094990436959,3.6582910926098475,3.940420759497969,2.6464775878657054,2.492054566867025,2.5435562675856067,2.7157598517427988,2.895207081578736,2.9754213326750496,3.0761954550680644,2.118861858,1.9702732809056849,1.7020052930746257,1.5444775613123132,1.497526040572814,1.5167445576936849,1.4987155023198917,1.4597504392449998,1.1330521301827081,0.8605566925078696,0.6964271698646882,0.8114881319326435,0.8755916332038144,1.0030499691342607,0.7820455187413248,0.720603494,0.7053942483984642,0.6414660041771321,0.6834689327230858,0.6833361453142803,0.7629918725865371,0.8514668866561037,0.62817556,0.6373842206071256,0.7229735027056876,0.8644861352304772,0.9566278149923692,0.9881687231128967,0.8682426719533579,0.005154668,1.1184922719762638,2
0.4062195857729174,1.2127424040673025,0.20706347251730886,-0.611244984,1.8028531140109012,0.37236854438162603,5.955194854838903,8.166819929,5.707855750817602,7.051907330497379,5.9586606693219215,6.538110788737687,7.092759132,6.312097103327099,6.532512733268322,7.158466974,7.893123675,4.168344562889731,4.466849722225335,3.6157062770976465,2.458426160395116,1.7215459245332891,1.6143172105501666,1.770973509784183,1.6607786987662234,1.7883439081997043,1.748145475863982,1.7414829133034058,1.4604638558306784,1.6072876015328301,1.6899066171160086,1.671126103063931,1.7062912317825079,1.4292137423645674,1.4587029756658538,1.3646049178228392,1.2307672824017162,1.3528263456005292,1.0491469188925084,1.1107423439622581,0.8289632224383119,0.8531699346367274,0.8837999414127045,0.8989628159217294,0.7477151810625597,0.6797596465468853,0.8048980339107489,0.9092308392948708,1.0451860262708004,0.8440283505918337,0.8096233578750263,0.962078022,1.1622190103757086,1.1517022229142901,1.3820657195718522,0.8956501139798437,0.039074056,1.4632005151926208,2
0.41680032,0.6445675020504881,0.030299039255984473,-0.978242333,1.4920884602491118,0.097800294,5.101297022137487,6.560209317343399,6.823010489743212,6.915384080459583,7.292378727237155,6.567900239821039,6.744148602,7.374176805485019,7.722216265943889,6.903956760185914,6.8656137186397395,3.237871876692121,3.1087311039262095,3.350425308213974,3.3984517069897158,3.6362506769968297,3.9350908705502032,3.0451081495938914,2.365148006643403,1.7150148400024383,1.6486411371438525,1.8107742676714649,1.9666087814832582,1.9248810903399818,1.642676677904368,1.3439578417843603,1.2640552667348366,1.121304406643387,1.1803062984067119,1.0795087729679433,1.187918344355219,1.1660748378264343,0.9849761973473283,1.0173131192249405,1.009893943995728,1.0978191243010094,0.8198293224051761,0.819098774,0.7929109842754056,0.7375668251684288,0.751961928,0.916816743,0.8318216715793935,0.9922140893748764,1.0808108835317427,1.2447669686168128,1.437731337681953,1.6634027454545792,1.7767298495396089,0.8684169619917043,0.050646149,1.158927301,2
0.3207726305835076,1.5552240157168002,0.6195138167937317,0.3995399261837974,1.8573679000131291,0.49158246587488613,5.7775922908031525,7.046499431560438,7.206672185157659,6.711508877560143,6.859272100087976,7.591281526460853,8.431879650735564,7.996286796911744,7.755147827850697,6.132437001371127,6.651285237971768,4.739199523727995,5.086491478162311,4.225872486242842,4.273664473886607,3.2187295779428906,3.280219883344383,3.408448063506768,3.161742127982765,3.1333820363406897,2.6551101059939657,2.8155528107763126,2.674289938081891,2.7958759138126794,1.7512345718639943,1.7535055226352378,1.8551891715630806,1.3574880332471293,1.2938079177110673,1.396691197414965,1.4737162845085134,1.554052036134627,1.4546179288367143,1.421534183458636,1.2671775405295846,1.1146299864861817,1.2550080249609987,1.3969528189887055,1.1789204788168859,1.170759806784423,1.3371360738669629,1.4339969175072953,1.5161240709026431,1.6923530801125866,1.5340667567352444,1.7411688255045723,1.8557510185150254,2.0975283427388214,1.8528739486008279,0.7391410823325913,-0.008664596,1.769634817507719,2
0.40956913333057793,0.5873248816608273,0.10886100959435087,-0.810420317,1.3998810510102115,-0.173522296,5.478138496765104,6.022250595334972,6.513544377054092,6.670992735728954,6.639743092791822,7.014581052112274,6.148547092,6.636473755250654,7.130219624423692,6.861593094058154,5.507147042740743,4.3104688335655075,4.420735994135824,3.357704010062069,3.208536352303973,3.351487095010834,3.6353279279612027,2.560905701,1.9674478685752008,2.1681795543700955,2.0464012559082736,2.226498298520269,1.7154296597859786,1.8500200038446604,1.7681681671168252,1.9026967650326334,1.9857977955872155,1.4864211559163971,1.0897126743949854,1.0169854087855936,1.0940620339489915,1.0424547960867976,0.7697382967387919,0.8724428757360139,0.8163221721634925,0.6541054764085396,0.7078543052956284,0.7920527239470113,0.8857570178433974,0.4810916599697122,0.6170949952948211,0.7592767610626111,0.5587089962582581,0.5443073710129588,0.6485655270871318,0.8279895102646372,0.8119232649477371,0.9422896116073758,1.1237987348783804,0.8847281436951273,0.042798667,1.3849115511932086,2
0.409268483,0.952966292,0.3510937514709806,-0.335388572,1.4953507341790644,0.39233627884792893,5.476351713108589,6.942521569117316,6.417026212113435,6.8548882415430725,6.6126308693107765,6.170109842523257,6.861172558111821,7.503434932073893,7.513766087,8.118771498427602,5.629373731513505,4.6219532395054905,3.028434754663966,3.055145161180761,2.6624989208092398,2.7155738630762265,2.293621018399013,2.434615033439134,2.5177373995904877,2.241912260493202,2.328235711672687,2.2988824943333945,2.371676547661432,1.7819887544004203,1.797830066408811,1.8339088438457773,1.4989391046003695,1.549112455054511,1.5734899857157314,0.8197941364536835,0.8891005123037762,0.8709477799529409,0.9657357318371169,0.9047309737009656,0.8261085058114981,0.7678653339205129,0.6870317301006106,0.7748933144524291,0.7648410179014524,0.8532082134466812,0.9236387368264897,1.077758869112855,1.1146002362965601,1.1980478947676636,0.9466083916070495,1.0371137264368737,0.38710993917108144,0.43209519675679586,0.49987636159904597,0.976940676,0.030736436,1.3899292794067983,2
0.36961036284953913,1.2723004656890746,0.47548353784006075,-0.003019856,1.667711128735871,-1.575097762,4.511432198,7.528667237123439,6.442324741,7.392022780337164,7.720930001,6.777164908572659,6.810646866266171,6.690006093468708,6.335473060986408,6.561130213986427,6.444569355482099,6.294999464625229,6.167189073716641,5.711520088178109,2.435123511603484,2.597209625428484,2.5183024238780654,2.230011074790236,2.4519326179988483,2.6103719522867843,2.7805397352622196,2.232204429542042,1.7739354019219362,1.6055956596739622,1.4886017743167435,1.5393813608061493,1.5481824760284488,1.3563095321960572,0.9925705546224028,0.9258087826299148,0.9715150352539282,1.010943989573362,0.8189476762963852,0.6588639491488798,0.5354171384289598,0.6143964406622907,0.7525754559934082,0.7272274695579739,0.8495328729627069,1.014139852092982,0.9931274563828467,0.9436038387003454,0.7740011086985521,0.9120308062638628,1.0785146693841072,1.2591398368442872,1.2734186846928308,0.9692713491973791,1.158934461217537,0.857934127,0.014687869,0.8012988132814406,2
0.399728571,1.0886637226751699,0.076126855,-0.855141698,1.7091062298014053,-0.747708153,5.920823249223893,7.137979706683935,7.44941417,8.124867002516181,6.988014727319719,7.235858095755512,6.726717528245703,7.308494904399814,7.992968815546811,8.699786453493935,9.669414150297277,2.6818042889327858,3.066478134284564,3.305385268154068,3.5739565517744047,2.841364309247378,2.0238679228479843,2.0186283541571597,2.2493023174272166,2.074089837805858,2.158660875340387,2.219232991816067,1.597185223777827,1.748253304270638,1.756235609725012,1.770510356223842,1.5430890899763243,1.6704865844584753,1.4873899545561853,1.3626335200102413,1.4848907011596635,1.4674762735564855,0.917802243,1.0309940231520323,1.1701719341759094,1.0828781912349763,1.221833638316579,1.211822665873802,1.2975336340311052,1.2686043022005755,1.3977840810844269,1.47550877,1.0599318946627967,0.881473228,0.9313852131623434,1.0495290616165138,0.7886554470677231,1.019269454529971,0.7787427665413136,0.9045712895028845,0.032788635,1.0563258819824348,2
0.3611692985618743,0.7105709066458358,0.12850150217894246,-0.673856963,1.5508568582606024,-0.038886521,3.9165224268268215,7.160850922561388,8.289270427942553,6.337205214836852,6.696332203104289,7.458172592307344,8.139567792394958,6.922348325414811,6.764116478743231,6.5309819086719685,3.9200263936500286,4.069395593043523,3.9471804009105638,3.5039454287159453,3.438667125229824,2.5369832278944253,2.6863798185222962,2.033308509652066,2.0850252186899665,2.0845012260281504,2.133220111470498,1.9022061185497177,1.7410961310440887,1.4830743699707205,1.5694898980351708,1.5738198183514358,1.5827882077295874,1.572122621,1.5712680951005127,1.6991838889272068,1.8326177822706209,0.9923378236093868,0.9903993485967417,0.7919309798060915,0.5277656199296691,0.6086698984620007,0.7351231646019806,0.8138165383327947,0.8195947311152907,0.976948121,1.0998980150014606,1.0387072427575814,1.191149762618746,1.1531190777402418,1.1693986607724323,1.2193672096143533,1.3451819844640032,1.466712720848475,0.9276956674550034,0.8010344885227333,0.015186083726010912,0.30218157026000425,2
0.4293667001629207,0.6647167457788706,0.18742297993271728,-0.696549628,1.583070406,0.472372949,8.548638698772946,7.6743231348967775,8.652493134254993,5.803838468,5.7601726310608194,6.458449098491983,7.142536724272665,6.574231962741439,6.673497064230554,5.855690824111144,3.8403799848456304,3.3428562560048185,3.019999746276322,3.0167680407712907,1.3238717663969604,1.607657555204411,1.3977634621414985,1.3180483737310584,1.390565227888905,0.8941833285619498,1.0581034978136927,1.2240783307550631,1.3183018112799003,1.149005689449459,1.1866004267516712,1.3229358743476716,1.3844344751769273,1.2003064242806616,1.123488995124026,0.738284987,0.6980290549026581,0.7745363294387736,0.6301017373922302,0.6690151194925514,0.6665536203677428,0.7021097365423067,0.8240793401986135,0.882352621,1.0072753098825944,1.0203123998102317,1.1455413632624292,0.6891477935437191,0.7455340924981914,0.9117143586907529,0.9507446831991662,1.0935227327363786,1.3043208727698314,0.9684213887297235,1.0177872102484289,0.9137922201238385,0.054909815,1.6095451115161539,2
0.4291833634695665,0.6567434795133217,0.063033194,-0.938296957,1.5162226015409737,0.17451675917766452,5.424263788355973,8.929805268755642,6.792255172230162,7.103036858616854,6.778988834924474,6.580141242609433,6.7187141336405345,7.299811266888444,7.987982507686312,7.049006613096717,8.080270143428915,6.384496070231713,6.951517379295864,5.309927439089794,2.969061059,3.1276850049203984,3.118318102059685,2.7303022255776477,2.4350825900312416,2.5281498571741006,2.4186726441622963,2.483678622057794,2.384551312901559,2.551088370934359,2.2074068208537927,2.138075714307864,1.5778947366043845,1.5016548108532226,1.5649651060230074,1.6449684497405601,1.6583854493507153,1.2941849440389865,1.015410619508601,0.8566788053418557,0.8880798766238058,1.0335307537889584,1.1868068765222457,1.1982138961835187,1.305123201903418,1.3341164475434624,1.494295273993268,1.5665807060362849,1.605865332809047,1.7581004572983054,1.3550056077431685,1.2013912197187584,1.1752919265454729,1.3470389562448355,1.5935664844671995,1.0618446640122627,0.035659805,0.5013423870343493,2
0.3714858509223729,0.728375756,1.038510991931686,1.1087100398024592,1.4395812156712458,0.36243820060767334,5.967802701515542,7.033456964993044,5.104027683149475,6.323661130054835,6.867797131971736,7.141004268971626,6.617836964090749,7.084065090930235,7.220977442925277,5.533695884088679,5.546417373910959,2.699007896308144,2.0663577879045256,2.2975391518769728,2.2180478379360293,2.2713995345468847,2.3156024160612168,2.288601336498856,2.4671805978266304,2.3818116920982186,2.3280421249771144,2.062852126619344,1.5677934871284467,1.3535308631386844,1.3964666410678006,1.4024544805023993,1.5209910094811443,1.566751232237534,1.333272754976542,1.3125754588609617,1.0617671768256798,1.0341553758336868,1.039129205389043,1.145457023183656,1.0084570533800237,0.929181961,0.930590928,1.0492768244720194,0.9107255406614166,1.0486964468454838,0.9342271100150314,1.061316423127631,1.1664550360472907,1.2284795484897824,0.8554957705190074,0.925567053,1.0076963559121348,1.0698840128357823,0.9396408271866223,0.8266889295373272,0.020414524,1.3960900925415596,2
0.35667634697257067,1.0768674756036103,0.095767348,-0.729785783,1.6579572465415917,-0.673345671,6.022010159767602,9.049812188,6.320768937412223,7.841176268476167,8.729441573762932,8.644449022018206,7.752484368786426,6.985281563191758,6.707359919877205,7.207610508765308,7.671058590258474,5.174326909223691,4.4959544325493725,4.499903043773063,3.6101954148617197,3.1538823391487436,1.5799235986302946,1.6217583470438992,0.8599004921063634,0.9677554321229737,1.085944900658911,1.0789127984925335,1.016403092812982,0.9994955933639618,1.093359489994856,0.9254743178551921,0.9396442371530462,0.6521797155569689,0.750883911,0.861699251,0.9084990453547968,1.0157878422878688,1.1275411525953944,1.052783963799004,0.7740018204091259,0.6824384991059796,0.782910498,0.9030675387473049,1.0623325796019523,1.0971796408070082,1.0783738298037868,0.8273475477098402,0.7568517035845108,0.8746286672355362,0.8140680819849625,0.7926436078232564,0.9146996415848657,1.1297555562624697,1.1190517115860297,0.7450273663581437,0.018823147913739062,1.1015525600624338,2
0.41419611492627284,0.8216596400751713,0.331453259,-0.384292727,1.5664570751932327,0.2538993456183475,4.989494359661193,6.408357973676047,6.963997499594512,6.166949002681732,6.916594415399279,7.726887299681791,7.732744647042001,7.816574865627965,8.212035368765333,7.168060775762477,7.400404256701904,4.129454069943293,3.9310018064678243,4.243387821555829,4.070243469159427,3.070438875484012,2.3702561594390423,2.6232649280213987,2.118564716872171,2.2996526161449076,2.3965486404419565,1.5302679322442436,1.610063116,1.5554520400477692,1.6115874809311435,1.1381433950547002,1.1985414772431515,1.3071940193579266,1.0719167333015351,0.9463762586657519,0.9826291192782164,1.0348798077976882,1.050743751928629,1.1176955119352212,1.2196525011261954,1.372406578,1.299937649534521,0.9985412194533054,0.8865596469116074,0.8807654887612025,0.9808962307778843,1.0341562390095325,1.2146851029146055,1.4096517550853997,1.5731832879471443,1.755309224859842,1.632143364920596,1.864658943478945,1.5105474167808488,0.8782495716683492,0.047439813036235394,1.2825949872761098,2
0.436236505,1.1911230691472856,0.3641874131940417,-0.367006354,1.7029412342958181,0.10016156689682543,7.727428332271023,9.745552649196663,9.418112208410513,7.834649695727547,7.898901969633106,7.947382870950466,7.682562417,7.683154812236181,7.751381475470147,6.744644445,3.980342504877289,3.92019858,3.030390158515637,2.5663138516807806,2.629352578262334,2.4908792532774537,2.775439613948325,2.8391974192867946,2.6626460854318887,2.817018533056169,2.768048031419007,2.9087448256192245,2.9317633122742266,2.849105735719275,2.6875768102721156,2.3472173348531764,2.1543119003699185,2.0809254093158764,2.147330794859637,1.382251040720503,1.306099123372268,1.4513318635450723,1.4712971770057814,1.5052173986665502,1.4473639804295306,1.3449664893828988,1.503266433626038,1.543405403,1.492597696672696,1.669855486382939,1.0690854633625417,1.1264034086140005,1.0035818696942447,0.925417672,1.0929061387594028,1.221159793980118,1.222900782845483,1.4367044578814117,1.705224129769911,0.9649815094782457,0.053757951,1.415048013531989,2
0.3756317616045939,0.6961405026144303,0.8290124043627088,0.6831708144014541,1.4391119564187573,-0.692737323,4.7802141379230045,7.440542479,5.721413973195015,6.548069087827223,6.303094164267957,6.983097614562607,7.445742663725304,7.654799337292147,7.830108055537144,8.135914541312264,5.810142591231903,4.0267230550763085,3.9633582032647663,3.7200592489406796,4.043789304,3.577501997595797,3.2172888329793623,2.9908833724898853,2.8450037083636155,2.290218627423363,2.4684836889003843,2.078443423312924,1.090779213676404,1.1812802426419378,0.4177418330307077,0.4668237189196243,0.4612537047585532,0.3263912500272203,0.3027724648173707,0.40798908058271244,0.5056655220730837,0.6095733046893249,0.6961641804031263,0.8001507451071389,0.7903273671900014,0.8850708899552251,0.8341667153603244,0.9343584518498959,0.8435428820892303,0.8495385555513244,0.8573669814601692,0.8133708843165983,0.9400097366851857,0.6933186325977303,0.7620012709462815,0.8765815949408718,0.9758804786831532,1.0028771243980645,0.9540051836636054,0.9107630767906489,0.012490483,1.1670715761069685,2
0.33831432629212776,0.8304467203757565,-0.015528777,-0.914996457,1.6060549650096845,0.2995390877469146,4.5830697628662955,7.322074210342404,5.818563106921529,6.7024276686873545,5.832530338089833,6.098705296147803,6.671778724,7.1477289071870285,7.228264516502675,7.956967173249416,4.330956720326974,3.3203023064342307,3.381244158130652,2.319079419,2.3387306167155466,2.3875876934626024,1.6204844676832668,1.857773704959183,2.0519858340112314,2.058061779941568,1.997086176288517,2.173263544607331,1.8722756658790283,1.9059455178413132,1.8462186119108535,1.9163425908629328,2.032389235843858,1.9689794162043672,1.9521704584855393,1.3623705369039574,1.479620102419766,1.4649983467254735,1.4940792752253318,1.6303009285169379,1.5670317161010823,1.6992072373805585,1.1280062230533026,1.0576404079333195,0.9108963554837736,1.0384900313997762,0.809436205,0.9023241711940803,0.9386088452913992,0.9914865809319587,0.7907441233475421,0.7832747162657898,0.9637949336683753,0.7652086702015856,0.9564964725308758,0.7485246412997183,0.003858292,1.165685941708317,2
0.415325659,0.24910903990333053,0.5409518464553661,0.022863159055526876,1.2468830829049307,0.519517919,5.0279211474758565,6.955589073250489,6.635667389615303,6.259900541,7.075179764295102,6.408956895365973,6.748893148308619,7.433516926429132,7.155802867,7.518522708388486,3.983534758997995,3.4889803191120508,2.8621633164067193,3.1734065099978266,3.128022302903831,3.3686821365019086,2.8907656246281603,2.8558627630973827,2.0198027843015605,1.9947293688467422,0.8562531552844899,0.698854225,0.7309170905077774,0.855527968,0.9449422959839969,0.9402322955016787,1.0508571881132704,1.1084907698663844,1.1563327969321608,1.2532512835484848,1.2559759777729371,1.2880292106254336,1.231470650109296,1.2667720657139552,0.9452802328999234,0.7823371328724003,0.8222649268610432,0.9164894592885776,0.7806728219130812,0.6928359297715998,0.6875584849678418,0.7902586521609662,0.9599108986746872,1.053477195921995,1.202641332080511,1.2523451365141538,1.439877092074555,1.5857570296666292,1.5265503575140935,0.8956559475951756,0.046046223,1.553267033139473,2
0.4200662563995522,0.6874609004026911,0.095767348,-0.856736601,1.6362547019133395,-0.942040549,7.657840664564536,9.195072283136195,7.772944953607231,7.769291188248595,7.434555310079768,8.097062414183055,8.900766414831322,8.371400685808034,6.372580146271776,6.348816983550117,4.136153559015876,4.668834135762064,3.686758797,3.510015800156712,3.5108905429393538,2.5109189896979993,2.407159535492971,2.445246699983738,2.532582613709211,2.677025783300835,2.716343717667659,1.8418697938504665,1.887218845187935,1.585596117751257,1.7102387240568868,1.8051979795476245,1.8206658430320053,1.295401103066119,1.2570739563160642,1.2149797736184742,1.3128881318856669,1.2271640237471972,1.3733519503799838,1.5225003828361323,1.6885462993733784,1.7744758647793677,1.4822661394667098,1.1997057596851073,1.3149807992331075,1.4322379074555498,1.525981013877267,1.699664729738636,1.744862232171535,1.3955657631844232,1.3023756905441877,1.4368788105885562,1.600711094591717,1.2149393728425257,1.2321223985740148,0.976134486,0.039733965,0.9464465971541832,2
0.3777980088052451,0.6368212797105199,0.063033194,-0.837405484,1.450669105609487,-0.75471294,7.4031014205991665,8.460776395917351,7.782213191,6.4393761034242125,6.974240963554131,7.595616764,7.004476186387071,7.249238947358981,7.883479257801328,8.705232895915298,4.2067724189659685,1.877756621739914,2.248194381594195,2.3623107387516953,2.6479967003534477,2.3068811401072997,2.3855112076587686,2.6273734746537887,2.1191454731180746,2.278583680022601,2.3457356089573156,2.2000458305872064,2.1609045008302132,2.133153228,1.9638778023290597,1.5142826713400828,1.6499660240776486,1.6860815803962181,1.8179681935645065,1.9307168605261198,1.593701123956465,1.6489018601531384,1.720476921288146,1.5237454524878358,1.679566130665632,1.836106234004958,1.968217359848386,2.0352207017048523,1.6515154591964163,1.837942835869167,1.9923816155926184,1.9726447699489842,2.0372882847101015,1.8205747288289822,1.9188771988676683,2.046876813030407,2.262656848370897,1.518516279321541,1.4883513405485491,0.8583203410671797,0.021054304431934394,1.4554579128201475,2
0.31920449754776137,0.5536391879401887,0.043392701,-0.75786093,1.4724164872359975,0.4630046476547559,5.170263116,6.604928682486845,7.05292719,6.064831177175143,6.737517154934298,7.424314474073867,6.996768263855519,7.707915898526817,8.311890186506947,8.81447028,9.876967184671994,4.385094856574268,4.445523844937433,4.515448796585488,4.254144979,3.3156907242471414,3.5972463620881663,3.770334479385874,2.7029504216028806,2.4441458174434114,2.6102604639293254,2.555965491114701,2.5603185491953204,2.6568104367088545,2.522434807938585,2.5592231967465477,2.5408564822297257,2.5811157840370424,1.5337180784890951,1.4931467830915037,1.5808179374061906,1.4175477749636856,0.9433994316011948,1.0438746142795823,1.0889148106194873,1.0645137167553989,1.038180893156356,0.8131775155169596,0.8821654370706801,0.6127381207485162,0.7404137349596055,0.7423932408665238,0.5132501202863021,0.5252377092664788,0.7179168696189332,0.8425875548125245,1.047563037,0.8047099112772786,0.9957713286999083,0.7076142652390499,-0.005885125,0.9478831669430982,2
0.29033597350179996,1.1227037328880507,0.4951240304246523,0.22120505427794154,1.5379347497281963,-0.363128569,5.392011750148724,7.546001997943378,6.759815351514336,7.130668108078203,6.663419508066355,7.430571111300264,8.058262820917244,7.907826460030333,6.404344186340535,5.968012839247352,7.081893290758011,3.8914966317973616,3.552795775579618,3.8658869352026457,3.4211885759233116,2.388426174901709,2.1223258922561716,1.5179325821154759,1.2147450037943688,1.2850197328326225,1.4624855752504675,1.4313199920366153,1.5955076436816498,1.0438423188372494,0.973680864,0.9968413642108562,0.9105435343647266,1.031329072788773,1.1171525844099957,1.1553938191034927,1.153669987142846,0.8711849747061237,0.9130946936068931,1.0424293527952957,0.8874547732517234,0.9728423626356817,1.001158875728026,1.044915923565725,1.1635610145407647,1.1886457663180334,1.1775847385283327,1.293351819346493,1.2521483247073446,1.4402776179569086,0.5828216513874963,0.7031048569548346,0.8735093597947876,1.0916333911541238,1.165532451,0.637965996,-0.020083694,1.029696854308522,2
0.3771556990123909,0.6564615763210202,-0.100637578,-1.159952169,1.6178003623069914,-0.013226331,4.455625363627216,5.7315073960652185,6.774347910614766,7.974252923315168,7.413144057444437,8.124780643272295,8.433636483,9.293675120583282,10.06939892327047,9.206975405254916,3.587313105820309,3.897946257252963,2.203968735584216,2.296318534455627,2.1360191757598055,1.5356774024905717,1.7882267029136107,1.3927273100726933,1.5682207764273766,1.6173393839045538,1.5817426956868659,1.7342421096983371,1.4604376223204112,1.4803487374725106,1.5231465636188748,1.5956955759524492,1.5847280716753753,1.5029994714215882,1.557435984717966,1.146728842582349,1.1476357109038566,0.6985111194425578,0.7309711236860318,0.6721845901419624,0.5387092784789492,0.6707313331452224,0.7988242065591785,0.8992435177763424,1.0070503485478874,0.7046172937091421,0.7271954320981128,0.8313002069822237,0.9403511775293345,1.0094314476672777,1.1572342074198212,1.316159079457987,1.3263893934121425,1.2946011597130338,1.3772454025430734,0.9021172165792699,0.015173460074850136,1.6883821527243787,2
0.31544308882869376,0.7906289331239462,0.12850150217894246,-0.578355278,1.577776521007163,0.15694181810477006,4.745355797265611,5.760416746519039,5.791633179899875,6.090817005666962,6.3525391364668335,6.584109673636399,6.3691858523499185,6.298368181910392,5.2933204767349205,5.940173253867645,3.526307813868318,3.6971451116590024,3.282910633328957,2.1596071246810364,2.1708470238931774,2.4236736764876965,2.0023134824152584,2.0576991139605316,1.636426949,1.5896800093001704,1.6627934328220877,1.382601175011127,1.4169987556665868,1.3472031532109008,1.1538007701343909,1.245974264949184,1.2737295010343064,1.3947420533449388,1.3056275877656922,0.7460732847216177,0.6371669475153313,0.6561326610875483,0.7504149549360197,0.8553190932633283,0.9520218521159856,1.0072188133324498,1.128298698843799,1.092308589,0.9887445299150787,1.078995712,0.7895030118997439,0.9165973899583546,0.7966428862766641,0.8043471385839788,0.8455734504250323,1.0325003697789228,1.1682001425938073,1.0158145083519456,0.9558284698454731,0.786558761,-0.018967549,1.3027172021652866,2
0.35453234791115884,0.6630061014132571,0.39692156750169433,-0.125252052,1.4379866578671858,-0.123679548,6.304483682489746,7.355900497579378,5.578647431336534,7.041975081209538,7.806743029144943,8.532234702217366,8.125663393075452,7.187004398338909,7.607322398583243,7.742509479268348,2.0504900610173307,2.498662787744094,2.7831040598468517,2.401456119624046,2.7284072993958275,2.592470676062053,2.658723404107797,2.8855361863317968,2.830198161094514,2.940778709522244,1.6693268225351474,1.5358093706407139,1.4624641069408342,1.5175563899633497,1.5936393808632237,1.706674502279448,1.353477954,1.3946589390576474,1.147938219979066,1.1232766276694715,0.41472911638159676,0.4304174088506971,0.5073420876317389,0.5471129177491472,0.6298731851532152,0.7217210738109362,0.8226318842125999,0.8239660441329021,0.4416525983665524,0.5358252551363254,0.5315631259885539,0.5977773812521944,0.7509886625386643,0.9079765914269788,1.1094571405376037,1.1366267302165776,0.7247146563669045,0.9009012965523134,0.6564313504081143,0.8670577486082864,0.001594677,0.757074852,2
0.3885738950458793,0.7857217502434343,0.3510937514709806,-0.290952362,1.448663888613413,0.38406329899729275,6.309957147834843,8.281245461,6.630066063180868,5.712929646962024,5.2723721888429695,5.801445918570139,6.3038189754448615,6.449195586,6.771885154432747,6.872803143922861,7.914861452233446,5.241284526,5.122970615,4.854194989348282,4.748065230000876,2.7106071527055398,2.778539473325604,2.3088516210178134,2.474721141154333,1.9567478092742179,1.8848354554118167,1.9257910906350886,2.092371555563362,1.8509176978762547,1.6163651240711565,1.3810095837498795,1.1230299362732663,1.1195045741181837,1.2487016386286083,1.3736325166116872,1.1742383948499429,1.1126124474790322,1.2556597586013223,1.1467052562476316,1.0036602009131412,1.131262430827097,1.2526533093394085,1.3559838254991539,1.3717479705683733,1.505167644139854,0.773009451,0.6230702119944601,0.642766319,0.815756342,0.6407598027906739,0.7925762600025289,0.8530341513164118,1.0441401751926782,1.0604995958499404,0.8428378183689959,0.031913725856361146,0.9841554541797793,2
0.38991825389195045,0.8964624490809042,0.20706347251730886,-0.577677245,1.5045456219551883,-0.350294615,6.606907762147765,6.864020413079671,9.475682027714496,6.623743964,7.348076058494913,8.176356203929458,8.839576093314378,6.781863350019536,7.106882352486666,6.784215684028835,4.411103661735283,5.187447183439624,3.688278634516702,3.5501317239159196,3.7332331547075697,3.9080966709477827,2.716860408823467,2.849964771308426,1.0029542265975186,1.072772283091846,0.9184897839930564,1.033052327091699,1.1857004201884396,0.93562975,1.0149195988006665,1.0808458046231526,1.069525326147053,1.1645599760181136,1.2053683746138086,1.1195254677279458,1.1320991149771962,1.154247812750474,1.114612530550986,1.1417761443853183,1.254747016740113,0.7592383087138878,0.8658689805797639,1.0036561653716172,1.0199878216096365,1.1890860919567323,1.314580931740684,1.343415552094174,1.508159609838786,1.6344303692344464,1.846431453000376,1.9940643695221376,2.148324353700572,1.9467993379301474,1.9988462945600172,0.8096287133658472,0.036965673,0.6274838810382959,2
0.32674285861831137,0.7306846927584739,-0.159559056,-1.181414746,1.611647998234055,0.2732991748794669,4.549330716891666,7.576209742110269,5.609565168738859,7.0337391071260535,6.943996650434475,7.189503144764592,7.166971179878869,7.852912109775093,7.073511439950971,5.780252778936181,3.1981894804576836,3.5685421371177526,3.780850388377125,2.4885404666711524,2.392194386282095,2.6123106547950505,1.8031425925018825,1.170902673588207,1.3537783541427217,1.5271838220530418,1.5487851811783582,1.2606627925944667,1.4175526046952396,1.3579776088663245,0.8453748978597748,0.9518329987898311,1.0328264768251036,0.9696047905818695,1.0873661617493013,1.073297731255512,0.703981068,0.8289966247238808,0.8013793467788338,0.7364564060206141,0.7336132800738615,0.7167366023698767,0.7972040651626933,0.8685653734999311,0.9059856489726114,0.7560270411540305,0.47137749993454064,0.6317661794162747,0.7886017796276116,0.893935175,0.9278655994898174,1.031532281318721,1.1933312664402058,1.0343614758188764,1.2038698906798553,0.7294734414109317,-0.002813214,0.7082936673978193,2
0.3504542339235124,0.6575479955368309,0.076126855,-0.756238632,1.4534439836294122,0.087049642,4.86646497,8.409187139937247,8.374558302,6.931222783806981,7.649063101574603,7.717843483926483,7.5329480287162545,7.309424652334838,7.974741112697036,7.300034568612916,3.775502068317166,4.113368117983288,3.4802865772421105,2.5228143626077046,2.4786723641680513,2.6852043953864007,2.9049778869238803,1.7094918650314812,1.7125260392516628,1.8170691603113034,1.7411047117093394,1.5885365981049764,1.485557939092976,1.2054726674337999,1.218050906554673,1.1787869500863393,0.9917133303863084,0.9476099689458481,0.7288035525027089,0.47321026145671014,0.5755997940336672,0.246993203,0.10704081255529227,0.127950063,0.20291616982021746,0.1712757758168731,0.20483752969934493,0.32259597435235854,0.418209984,0.5594814452205014,0.5640162275945645,0.6237416229422565,0.6581183617204178,0.7805375143491344,0.9258499114598429,0.8485726669808494,0.9855988193625673,0.9364234561424561,0.8548704704510196,0.7868402050053106,0.008501316,1.6944048818775463,2
0.37442789675131455,0.9427840805438705,0.1546888256250646,-0.649172438,1.6239051673538072,0.14470472954680155,6.122415396966254,6.7332269971224985,8.078236183321048,8.640578689225187,6.815759499394124,7.154967293424812,7.670998809212891,7.344846739,7.627931985308151,5.706849348257542,3.0597329088691136,3.506688106490672,3.936440296,3.1220363553948403,2.8856265223303894,2.737447662441301,2.363021257296361,2.1100126184106758,2.215528111516377,2.1044242354299922,2.2465062116340637,2.3294120437965704,2.320571377569056,1.4908166429124647,1.4564106568888175,1.4928357139082395,1.358303738542335,1.3545559169028634,1.4670794681114494,1.6040450488233262,1.4825052315033869,1.4992032489728555,1.4415329434929867,1.3762122046200433,1.5369657626847402,1.1953870452720614,1.1840816530654337,1.1690621984942595,1.2284119138840728,1.0552581289190488,1.2207680175745828,0.9782504651234728,0.9938792186126107,1.0276636063707318,1.1994058519489628,1.326695848876377,1.2464695762460904,1.0851206944385448,0.8564070124621309,0.8432952733457133,0.020333208,1.153508491,2
0.37709226175050536,0.7754527606556467,0.31835959716332796,-0.330814053,1.6424808971689226,0.5216636637774226,6.5913545034849506,7.660990839247669,9.617173526033122,6.442133005518148,6.490575101,7.0043388194516805,7.028680011807563,6.921781764682951,7.212878921771295,7.505294343534407,2.7830073686353285,2.094241902835236,2.378300668191942,2.4449621617712656,2.372429997788564,2.5851844716113863,2.0578430607913085,1.6906061677737245,1.3738420809538676,1.554749547,1.6694697526417974,1.7517525227374033,1.7093885554345791,1.5128951206078873,1.5795559827471168,1.6268217034339745,1.676173508959126,1.6327834540994481,1.5942119267893935,1.5639332725376398,1.457876188900949,1.4037477743538214,0.9712945663733175,1.090158535846212,1.234616372200126,1.2343355925937247,1.3128528226170908,0.9015670277051898,1.0170633974689764,0.9743287381795255,0.8885368708855017,0.9147465004476745,1.0682436014839347,1.210496938467649,1.0020408459211299,1.051785050080945,1.119134207517161,1.143448613034722,1.0808324666511069,0.8214647976434623,0.025828808187583485,1.2280951068070463,2
0.36480566672540543,1.0632294931897435,0.3641874131940417,-0.213185801,1.6000853132338524,0.27786851044309635,6.670936594671511,8.108957377802481,8.230297314842355,6.714703596617005,6.876703666489299,7.3621903814072045,6.387114683469989,7.087270078745562,7.533129255424498,7.282275872030736,4.8756645514327355,3.2777120549438385,2.8008912576135123,2.589600888560786,2.0938813442935293,1.6155536856548094,1.7688220843313742,1.9812186145076134,2.116948468126936,2.274361880580117,2.4287372328601458,1.6279542304968377,1.7257220131529982,1.4956373467752047,1.3824041507736269,1.3666976929463162,1.462847367230018,1.5556842103904704,1.5087046693809643,1.6273409470421911,1.4828082782615217,1.4677420162284434,1.5505480231108903,1.521551929605751,1.6419205755359214,1.4114708635238458,1.5406085686758173,1.018088128553676,1.1214813299357744,0.8706454288985138,0.7819154702598101,0.5805281211340909,0.5816979532517872,0.7480020146189515,0.9233361640292065,1.0462226628314746,0.9471147096411213,0.7775507693003385,1.0180566283726267,0.7974336659199842,0.018462516432589386,1.4819068616087436,2
0.39019058314226246,0.8516211555977861,0.39692156750169433,-0.204145942,1.5587671018092508,0.16707064016742382,5.425652345210801,7.549662731201695,7.918421670611862,9.036737122277621,7.962999148,7.407127020364658,7.946571550284812,7.739574044,7.807660776376436,6.191043915703067,4.681923570959765,3.7790757521818104,3.829552224532922,4.017409197166296,3.735579964270756,3.689778912624343,3.6370269391230754,3.848106476467312,2.5431301275841185,2.2238241697460746,2.3683592397990334,2.294839333,1.9282071277164388,2.092023046171815,2.15858131,2.2756279066496745,1.7242411645332563,1.8068784266475615,1.809543709733621,1.1689560182180156,1.2815682793971916,1.4232578464977699,1.1753650066889718,1.266279625836495,1.226952916583179,1.3215274712120684,1.2118835804171948,1.2637966701691892,1.4017293725214521,1.2776387365260886,1.4287340121999736,1.5174923886993612,1.548347678588247,1.454294262201373,1.105067907214321,1.2738374667115488,1.2331140007069332,1.228346561061114,1.4467841838271207,0.937580376,0.020888844,0.9504885431791931,2
0.4437902590270243,1.1910728638798895,0.5605923390399576,-0.002320472,1.7498675877286483,-0.292261267,7.671334919840074,9.791648176177425,6.831218681738876,7.1666294910866215,8.05837759,8.611493069043817,8.275947374461028,8.710232466333766,8.296972296634099,8.023955098735877,2.6144898387405022,2.6613850711960936,3.026927151259264,3.0760366140479865,3.061958421081982,3.0962095542650134,3.0631822232589356,3.322325903084868,3.184024156322405,3.2454112275768687,3.167367433320121,2.919001722234011,2.933585129021853,2.497574423948472,1.5860287218329039,1.729143870290595,1.7330012863837299,1.7635466001188578,1.8738038079706316,1.3591950498897307,1.265900924114857,1.3707471276081074,1.4213355196152522,1.2871827891155048,1.3277059620460732,1.4273485420719099,1.3506831167071642,0.9967354226320332,1.0245911244016155,1.1170099260838686,1.070484072110778,1.2208034666673602,1.1747484864166247,1.2723689031544938,1.380437998696632,1.5813591737441586,1.2417937514326567,1.373017065441434,1.6033670994875495,1.0201371113217919,0.052732388,1.7251066819228467,2
0.44429216502224533,1.6041199846017935,0.2725317811326142,-0.561489295,1.928602543351758,-1.139639088,4.179144589508599,5.553488882366345,6.264268378282218,6.691355790299569,6.678055278364876,6.640734019209531,7.245725173,7.582134576069969,8.211039983019912,7.559630235475727,5.746494456,5.357987614281127,5.357038775745269,5.285181874000193,4.553704977392407,4.457407833988844,2.790983192271782,2.8730052642481256,2.3783679857304247,1.8405653721907693,1.9191434942460721,2.0915548159439643,1.6716660066999809,1.4451405022673893,1.5250431763022643,1.5783018007803515,1.719930195554532,1.6930366829901067,1.2352913071513905,1.3165735615032874,1.371252488957663,1.1279191666220743,1.095254102004214,1.1111805238454158,1.0200493164029545,1.0225612547920895,0.8695089029435077,0.9925167178626949,0.8771003954287923,0.9898043993580269,0.9803446375343975,0.634170933,0.65117015,0.6763325847910607,0.8597860063990374,0.8776625190660674,0.9957955567272736,0.9527347269728457,1.078178047926067,1.022765523338976,0.052674419,0.9876616196904233,2
0.3866653354147165,1.034113644,0.46238987611699967,-0.067283531,1.6213862517065745,0.25959725748408824,6.246640646149343,7.954410560519086,8.313354934093173,7.523812075751186,7.312349115604895,8.088107311,8.447178734560357,7.347806807303331,8.013474702337046,8.887514147248307,3.6488585493349803,3.6242099875169838,3.7242969064942044,3.8239674209353227,4.0261317634951155,3.8000295864739946,3.5106906357748846,3.252059786035693,2.9990300482905234,3.2095112062499425,3.3827603558595696,3.0678999350254235,2.3960246926243234,2.5078370436767847,2.249585524172988,2.154680053277289,1.9224497265215343,1.6100091137527004,1.321652543551558,1.2639280988375161,1.2895877768893966,1.1303920302480674,1.2322918721265643,1.298717884,1.4489500739484107,1.3774196622195072,1.1302178018998805,1.0483390227620657,1.0407357789962965,1.1744870895690693,1.3128340031325731,1.418079971464967,1.3835441339826706,1.2337866805990072,1.1012237777470428,1.0894068739616527,1.0516516045713191,1.1962983984950004,1.4243207934834028,0.856935651,0.028487729433849054,1.2992288330174764,2
0.3853802047231073,0.878628021,0.22015713424036992,-0.542431979,1.6602710619771934,0.3172243477112642,7.856087851094702,8.998463824202332,8.298037161744688,9.918210898,9.422088212578988,7.9658715272550396,8.807775900477008,7.990748936902885,7.978603702045891,8.616706326027488,5.902604801035076,4.437434566936669,4.437881828414861,3.946031057814993,3.7851393051505355,3.5477983416014856,2.667392274508026,2.606554483019929,2.691153300344696,2.4900293618140883,2.616384493216272,2.6778940057777643,2.859712047631574,2.5949081329195356,2.720532552145663,2.768335772,2.9382094496814464,3.1011760568309916,2.2705873363188216,2.2697107510215666,2.3719344395745905,2.462893597306965,2.5067779471419755,2.389454397098213,2.389619066132282,1.8463540959845341,1.7515467602912902,1.4887274823895773,0.978868128,0.9911812824930067,0.9967219478639566,1.1303504225561525,1.0515616660245393,1.0103931872580179,1.143912341233727,1.0507266930887469,0.735268691,0.9258928766289771,0.9508315249807691,0.7993226250616354,0.034752653,1.5498996566961336,2
0.4029620974076238,0.9732897877414871,0.095767348,-0.822980803,1.6779715833735396,0.2774673033233269,5.2993539189642265,7.938441885267871,6.102664297,6.455104914570043,6.816496977429637,7.330975310870231,6.387616523228592,6.935415422029145,7.528332701,8.033984242,3.1242212980147097,3.4195246867416964,3.364912096054024,2.9768205345962935,2.854895402577717,2.359625278696774,2.275975335728885,2.3303986618598747,2.0270551982633074,2.2183971059402037,2.2456889443842707,1.6470051292556687,1.7082429309510412,1.7390779877500337,1.2373929649341198,1.1558797992063787,1.2312170978009378,1.1694183483275926,1.2350144897819932,1.114380294701807,1.2109791446327007,0.7375877405733621,0.7931988939354491,0.7881054778520824,0.8109338457937384,0.9245511585645538,0.9412964260279902,1.0405454693208778,1.138435978578576,1.0455444129309157,0.7722270023431703,0.8072361656930747,0.9314216247788271,1.0949925242042726,1.2550696600242752,1.4549509295759506,1.5358895847087097,1.5634197217122743,1.6114089687993545,0.946505016,0.030130322948463375,1.0584176455982444,2
0.3936319493718654,1.284480551188508,0.6980757871320982,0.38108170455193285,1.7417024522677091,-0.074561396,7.467496263256534,8.474883526,7.402324047676671,8.154985124770324,7.953635407405499,7.182840734928672,7.490883935841709,7.597622654,8.161678574594879,9.076473918669778,4.0881589183178715,2.815958242415655,3.026258252625991,2.3538133261564353,2.4721329149827542,2.5654094614071994,2.3744028526513836,2.5263137551847015,2.7437230499453324,2.9233534752592507,2.1855667360765794,1.8620270472840437,1.8047276128316079,1.954554800989582,1.958481528394679,2.0324016797875277,1.9182122965769852,1.6750415727386663,1.5957177363837485,1.670001685916571,1.487335034205528,1.411068635391162,1.1082827870087628,1.155181639260535,1.1769928411504107,1.1423040645836497,0.968124506,0.9284166821711582,0.37589234729632903,0.2147342540241538,0.28679638282302083,0.4317025198000972,0.3732386672308978,0.4416316142487988,0.6211016433250612,0.5590706918953993,0.6690529859284851,0.36883132777539396,0.43680060888470446,0.9189618152704292,0.025855557,0.8272309342590052,2
0.4313212593252138,1.2662167864012384,0.043392701,-0.980627756,1.7327968028902534,0.070719222,5.943648003146555,7.475005748183873,6.841999323838144,8.045822680205184,8.480311030900975,7.280726077084045,7.856247629920533,7.705205648909968,7.972663092574073,6.222182464894462,6.578490975777044,4.657822963581319,5.023932603,5.056292471895396,5.294156813692385,4.236642692126982,4.345716112693775,4.181921613770898,4.066168140039014,2.941112175312305,2.4311382077990573,2.407581517668975,2.578489631181953,2.7376315834713822,2.3987961609986517,1.9391476217284331,1.6973769575773203,1.5574392247332447,1.3796127510416019,1.293343284102231,1.4221367685080986,1.5334576422664747,1.508786142509882,1.6030267901953512,1.765468038877526,1.873371278,1.8112321744694915,1.9809790037456838,1.8621082232494375,1.4458604997263649,1.0207384248197642,0.9524861786897739,1.1238883087749292,1.2051210964010555,0.8376376108516197,1.0294698681169372,0.8922100918251753,0.8647591306540622,1.0176694140294757,0.9670929902270843,0.049793857,1.3848077625795963,2
0.4449433440057418,1.2129055337346286,0.527858185,-0.068275165,1.7323501762289737,0.023207399061978384,4.693886514673336,5.542751532090479,6.442038608166416,7.935063197706046,8.377790855127948,6.329876877772073,6.805751167300536,7.476766633,7.299869448718356,7.243936529410099,6.044756036499815,4.783301008490328,3.280363957438717,2.2895189168037717,2.6253433495091176,2.7905724647315355,3.0628412333288098,3.3017718865794583,3.5321314335684013,3.5086495286542796,3.2828534790138035,3.2093556065087308,2.8885603821637007,2.8091241693670734,2.7340109932070207,2.5506759718157572,2.4046984109851715,2.051761965054833,2.141190867539835,1.9624129409296058,1.7277006891171554,1.4369149021330514,1.5118901106859952,1.455807449222133,1.5817462958882478,1.4035579339583246,1.315866513474276,1.2415622866324558,1.3725578657822715,1.5035288158631257,1.6662622070910325,1.7864893720157136,1.5495206027505453,1.6576882094031717,1.863047497186679,1.0802989850426732,1.1740936795355041,0.9256120619117271,1.1419550590763603,1.0464647600908905,0.050285438,1.8463516378416704,2
0.4780031769639942,1.5788616616430702,0.18742297993271728,-0.792716455,1.928126188476085,0.043852345051270065,5.825839462,6.202849700748128,7.8924435136060165,7.840721271600329,6.895042383778566,7.176803430721218,7.249220228,7.967384015186019,7.929899312001026,8.587672282517822,3.281969865914711,3.2114991667489723,3.4072226810268993,2.5653611189996792,2.238640130364757,2.4318266200802245,2.612475099345284,2.5984219279371157,2.8354449635433316,2.6911974215698917,2.547841940057846,2.1861657463290167,2.257424886785588,2.401067175,2.4666256130178943,2.493503046357594,2.3209909537935816,2.075451726305048,1.8323222089525608,1.2702108185086434,1.3252281397586605,1.4039669041620002,1.3839928412475586,1.5219278845288924,1.6618585818752172,1.6757658117577572,1.1457464419255474,1.2942772903253252,1.3264356674297528,1.5075037963160685,1.5894817479818284,0.9888978807617437,1.0800333883509037,0.8943995132041679,0.993459456,0.4528273346107337,0.5816673197233234,0.7350680132904659,0.9231213964355345,1.1722859423673464,0.060232184,2.281443603,2
0.4301228963766383,1.8299796071738832,0.44274938353240806,-0.201239252,1.9502227542833668,-1.337689732,5.711565802571477,5.777654606,8.617055657,6.044479793097094,6.058979704,6.4827121524811036,6.983241914243681,7.660010716252388,8.257618801743957,8.238382650320721,5.041234413161636,5.070382105,4.295623833447519,4.7154013740640615,5.087695063,4.293140572106925,3.7211000405135084,2.4632435705802727,2.6762133565179393,2.2319704126578945,1.9855176421354774,2.0035656789672585,1.8676505829493446,1.6057021063080252,1.443023719144867,1.4789268317036235,1.5328759332371495,1.5772865206101634,0.7125758773758581,0.7602729535743801,0.8089630751436918,0.841835141,0.9342411900312634,1.0639730109674228,0.9284012560473076,0.9121215267915618,0.8960447326047514,0.6802632359999734,0.6535722265116619,0.6086100721633878,0.690822356,0.706592728,0.862412548,0.7360763688704142,0.8205213010359196,0.8564449722201813,0.80417218,0.9945475136561576,1.110727543602257,0.9934590167951413,0.045461003741730316,1.1351605258993092,2
0.40304258155457495,1.3840086604105346,0.095767348,-0.823140497,1.7931960014363097,0.6338039220819286,3.660590710264544,6.8423135229560526,6.947432820098663,6.155257428755447,6.844332953434447,7.4244991671107305,8.274443121244634,8.655302288978202,8.593597892,9.372802104876817,2.676690029832648,2.788717272,3.002359483810466,2.5125129121615863,2.7383358957670336,2.710373286436108,2.893577618673712,3.0879234153340755,3.1166982512475165,3.166373726005346,2.8077004624513773,2.8180748327437457,2.8131704575906245,2.0699461231154626,1.8420189538927243,1.6150167233628119,1.0651375012801445,0.9008460870871616,1.023107378273009,1.1381366081848483,0.9569499862834062,0.9953862581193302,0.7844976320009687,0.9009572394482737,0.8786267261119456,0.773575389,0.6411685094356897,0.5826700976000783,0.6400990756192736,0.7174354873934109,0.8027699912027456,0.7152269312221256,0.8165201569022547,0.9536062865809624,1.1303076730766615,1.1866858199690418,1.3246335831912646,1.4631870025496099,1.336937974792305,0.9525753813688691,0.029148927758259512,2.441544928758998,2
0.4489739852746601,1.6658968487243426,0.5082176921477134,-0.115095826,1.9476862219164899,0.2214021696603475,5.1938968324252235,6.790522703327729,6.582786655,7.5292120185851985,7.494167196133711,6.942764539887963,6.798078618032527,6.506470629149899,7.030329512650093,6.788708081233548,4.829159833657657,4.571946605,3.925264346699239,4.113290277,3.357245434628035,2.4675688775099514,2.724902255260514,2.900175651845965,2.8214114436170084,2.8962621111040785,2.6273664103174763,2.639891710386747,2.3684972321877917,2.0586749235998845,2.1517177502171125,2.280904184171987,2.3474680000263537,2.4839589087284697,1.9413767522675456,1.6671319125309254,1.767860710299232,1.9242533028864166,1.9039739830577496,1.8709375544052615,1.448073133758514,1.2702582358968568,1.2969315619748842,1.3551091784335836,1.3784683756374507,1.4441060984697625,1.378257932438004,1.4544474107582999,1.5452647141012188,1.4513881183944946,1.4528393763032033,1.2945641585259344,0.9748917117126756,1.1213645998632702,1.227786854639035,1.0999261322431644,0.046410468364386004,2.2140841440383645,2
0.5088019976744567,1.896150748829308,0.3510937514709806,-0.541289109,2.084517301940729,0.3046981731549452,7.359274707042259,7.9861428881414875,8.643402684,9.460434921877862,9.635017782949792,10.224320054848906,9.555010651544178,9.846693342237886,8.351103158278706,8.956606711838626,5.885991822,6.076267050522436,3.4092235753096944,3.368101040752829,3.5634992280183817,3.595250906324901,3.7718455977479746,3.2909156967332875,3.4503128447319558,3.205115400429928,3.0149817122806217,1.7846780570779226,1.915211660433458,1.9530282708347835,2.0072724766466403,1.9900191417325812,1.9865580761021115,1.994582448091245,1.9806723573046916,1.6082279291974397,0.9322175198714211,0.8332360220394998,0.9094077141637141,0.9120389349857531,1.0301484784251589,0.9520958,1.0599829097640796,1.213673430613472,0.831005234,0.8181658851750524,0.8652097738857434,0.9007370142409165,0.9944189387039354,1.0542466224554738,1.0948017983727942,1.1173889697508106,1.302323927568414,1.5214447381789185,1.4658528469125864,1.0722646300579115,0.097513071,2.1396369945416085,2
0.4255487090140578,1.267921521719068,0.18742297993271728,-0.68887681,1.717861403031943,-0.052733564,7.445596422709712,7.947600883281764,8.240206943850655,8.188536089829917,7.5658987830527105,7.423493945144606,7.798734425180268,8.574691817,7.181383104747763,7.751939204826464,3.7940662427951826,3.351256015759574,3.321152084949423,3.6715846643878725,3.914437669763656,3.9049259782113763,4.205269456174662,3.728581386275997,3.5635027737880076,3.0424536832804794,2.940458265999564,2.9695336660909364,2.3502043648782163,2.3620126655493543,1.3396921716093406,1.3112548952259961,1.2475600736105863,1.2384437178337298,1.3283665053536624,1.313840616619234,0.9542095411688725,0.9226292114683081,0.9748190153630489,1.0899168413868516,1.1815575158883456,1.315997359990526,1.3815276103607317,0.8676856136290987,0.9471585295773357,1.1102411138077843,0.9302390445806894,0.8676234722726632,1.047164536,1.1790929806055974,1.0244456600769498,0.9462474085022043,1.0557674874529093,1.2111324117692286,1.2780358140223742,0.8518268760332937,0.059943218,1.7811929769917394,2
0.524454045,1.4848836430294783,0.6522479711013844,-0.003282399,1.7956969027643312,0.5245145044322641,6.498562112798643,6.988927413,6.678662424159428,7.545826365380086,8.040155114,8.465794845200117,8.291129478761405,8.382398836547605,8.205478988930153,8.284882161594798,6.127322590997829,7.153469675527147,2.853102086272407,2.7309912728009005,2.459727754732082,2.289514104455254,2.2784045460094955,2.280225735752034,1.9162847875013285,1.8025950075238233,1.8331122873842354,1.9661519545321235,2.1235249590199015,2.2357906935996437,1.7256606368406577,1.6638872306335875,0.8902360894242726,0.9506210126593773,1.0759967920028544,1.0716425570439947,1.150268631048408,1.2930917338940306,1.3388829712705257,1.0465322985128325,1.1830122758158048,1.3211767791304991,1.4604291169353534,1.4875153760235666,1.0608762097323878,1.1019946176171025,1.0012670729010769,1.0328963982225094,1.209915670185819,1.3736483581188976,0.9408557785498839,1.0074820421732642,1.179363349786338,1.3246655994318426,1.5874490031884372,1.1461972550344588,0.10074562653195179,1.582248170269496,2
0.6139646826218722,1.6960467446903063,0.4951240304246523,-0.480635199,1.9586607959758078,-0.119113437,7.932783862313413,9.188467657486218,7.820263068301308,7.763620954,8.248287497881895,9.050322239057369,7.714140416880132,7.977961711468809,8.54747439,7.065816601347222,4.565915027671335,4.278486781279924,4.3037334871525506,3.119295729,3.211221502498731,2.9856198171741397,3.039546028124453,2.0182782465348708,2.1684330231092965,2.1540056939244443,2.2886139003611987,2.3677426993945363,2.479660047749732,1.946115025149622,2.0956104196257845,1.6693059939624804,1.6747701743115835,1.230120148,1.330064495250888,1.2966328759342207,1.3599078423885802,1.1532608186630198,0.9345858519935168,1.0220697686833677,1.047458535427303,0.9859448509237265,0.827453687,0.8730755258606184,0.9493379889283844,1.0295455344880786,1.0221155988611528,1.1827014139109757,1.3191898303925327,1.4641458850052635,1.6383766290738873,1.2065089336783459,1.4286778584802384,1.6498416499664372,1.919088798144716,1.288601649208562,0.1532306616968198,2.1437874109492223,2
0.8400804288214881,2.589703260786618,0.7308099414397508,-0.489838744,2.593777946643588,-1.188243816,6.824160563725812,8.701045355357754,9.624524204225473,10.356857989528262,8.266479951530478,8.758462121508455,9.124345577306524,9.558621097938737,10.237094450061775,9.6090783,5.988464845992183,5.927411257,3.909818779375185,4.156298202,4.258291996497237,3.8938302467607735,3.070995526,3.2632708980739804,3.363734813,3.2509481332402235,3.1388711120268087,3.0592153870429866,3.218333054944507,2.7682072,2.927453578,2.880343704799874,2.550503190395834,2.6119935909150405,2.3298543164398664,2.2058732398713676,2.3653235401782653,2.5338724121253873,2.673202189002935,2.803573683766004,2.797130697046062,2.197810533688954,2.0738559562246563,2.208720461242576,2.4108252786132995,2.094365786948467,1.8736843616186347,1.763978877990305,1.9024238739828192,1.9896159505509015,1.5136175794130515,1.5911056868925813,1.8011593102177252,1.7548287818440582,1.9260127574963422,1.6275070518866934,0.2885689489417323,2.447310922110603,2
2.241339792949119,6.063102669319237,2.1711127309764673,-0.553573224,5.538416702173828,1.684705365880801,14.043529047424645,16.310980265115337,18.810293124193716,22.804516066306135,16.465473744737462,17.50171223290063,18.21362432643501,18.95383806835312,14.48258736143278,14.969990248044146,10.055321339787504,10.23593508951438,9.179593126732755,9.345248339,9.385985377056025,9.483310243512628,8.421637828744142,8.484918435813523,7.845227388963671,7.529300283014556,7.701171919991267,7.534694803648186,7.808830069,8.049100259152128,7.537401866770048,7.478932123502753,7.608098327537767,5.608366320648105,4.961688447423757,4.988625727404779,4.8863617523675655,4.013027305025521,3.6339227534346454,3.602437457453353,3.3786604212090525,2.5865743633105573,2.7336404697243806,2.434233327,2.0357965664616757,2.1340813625598254,2.1481939024401453,2.2942250424939714,2.099256283877468,2.305868625797251,2.1828740071577073,2.350565678593732,2.2204239687067613,2.4163264701316094,2.5763432173708667,3.1366334068777073,1.1764462046281587,7.405740639443757,2
2.3876259384667593,6.049834586638556,2.6490313838681954,-0.162463006,5.569511343967509,1.5762429866497463,12.818066744423716,16.795656946727902,18.040159254718617,20.534157696028704,17.24975951190473,18.16878426489471,17.717062758626653,18.81543946159669,14.148976477455685,13.67667882707351,14.588157165361991,13.453160329064579,11.552292473203652,11.55224769,10.4001902,8.651845862161277,8.996666874041441,9.069524588,9.365519857067488,8.332845803325357,8.219939153176085,8.273189421441298,8.361044739239908,7.701167849,7.914652403387922,7.121235875705976,7.3571495488371434,5.282381243893021,4.997011589376831,4.648774520367175,4.461210462419072,4.665311598354058,4.197226056996664,4.387250900450801,3.670081679302716,3.8416193481948095,3.3046779888661773,3.5247844670240935,3.7322542607823963,3.9878278902742132,3.967723593398032,4.069238595092296,3.326897304,2.7962480714266618,2.846854032183769,2.944063809696093,3.091550806124974,3.2837247860791727,3.534977743,3.565759728809967,1.2411525456746881,7.239269992564902,2
2.447530406296402,6.854725856320841,2.7930616628218674,-0.070348516,5.890366922025021,2.2124632903634085,13.888253821149542,13.608618002788072,20.359525394521047,22.71640041145652,15.755324710700027,16.331757759230303,17.437044348140347,18.907435612728964,13.46912167233467,14.15815469453024,10.632826958459827,10.473007467962155,9.709337369312111,9.303302036275484,8.323404604302658,7.752704781057407,7.911461211,8.213103073793524,8.295284070867039,7.341243502978586,7.318580255,7.554782670737738,7.654053272,6.833665424275867,6.937567334317287,5.432454080708112,4.659016573616277,4.189118168317666,4.2941445920723815,4.105785033120034,4.154043802788082,3.9149728544666487,3.923757668948839,4.063257717515579,3.945251868743227,2.9930442490307767,3.0722433443568966,2.4734046789253448,2.3769929768482982,2.569128455,1.9474133392097264,1.7834634507998428,1.9169596376903129,1.8626527203248173,1.932404083319322,1.9764414363672813,2.121405706,2.162110701486566,2.430818418202589,3.5906856443952986,1.282687810197145,7.875750055538342,2
2.3881443501760917,6.828405482726463,3.2578866539905342,0.5724124847678511,6.074711824146739,0.6583339015774816,12.100919742239117,16.81805585067273,17.854392565162307,18.56822275,18.137840345859036,18.13834089004655,18.174587370712434,18.071469146952417,18.572219460086313,14.188414887363118,11.143743240209218,11.566385384530276,11.060858265988468,11.401480491156406,9.136291002724803,8.567062854,8.946959437,8.222468414,7.484708782587388,7.4457842443200075,5.799787576494936,5.956930391866437,5.722148996541065,5.7404220140338635,5.687763609026678,5.897400373512082,5.946774546970314,5.608640542,5.783378374709689,5.617500586956853,4.6931692907812375,4.540937344447382,3.793622695391682,3.432127004,3.0553578128459074,3.108636272870173,2.8974391938636446,3.098481637288165,3.1052528572564566,3.186995567628715,2.506584734415913,2.6222707555889624,2.7596518948061775,2.7678659700072776,2.9021621805214104,2.937825539907117,2.995698378968997,3.1856756326320914,3.462269886227005,3.586800059394617,1.2394956520647333,7.749620012125984,2
2.308113494029157,6.4562305597429175,2.4264391345761576,-0.326635295,5.787198701789025,1.5265521627902028,13.883955301569422,12.334987537934879,18.11131914825722,19.447067968789366,17.03197336,16.357080800686045,17.167056347957512,18.611249800932963,17.933682964846703,14.864025667839831,13.475430038034396,13.269473438573362,8.196058115137026,7.491108698,7.897237549845039,7.897597632378643,6.742593305724324,6.631636623279307,6.895419815107799,5.909951504020421,6.006882095525443,6.232061947328434,5.954477191985441,5.715576046898805,5.6686282720723575,5.829271538921899,5.427345195706305,5.559035482,5.794722921145189,5.015309789764819,4.787393658933256,5.049731557114366,4.723647299621945,4.261767212675371,3.978398790645533,4.060285763837769,3.9377730621736973,4.182429768461579,4.402301530318734,4.424504118687086,4.567478661,4.346038942047312,3.842895771664386,3.628274877284377,3.023749025735198,3.1452247537799196,2.6183347730617856,2.7907614356833355,2.716923999707018,3.5614269263408818,1.1830643295374343,7.089825585715806,2
2.4456474019603114,6.453808925431788,2.557375751806768,-0.34940571,5.602936622717281,1.6474574915877365,13.021533645297819,15.304211477445799,16.98723444793048,18.623273964688803,16.904399091714875,16.573733140723885,17.95560570655292,19.497066180383847,16.82671645530493,10.272562040587182,11.067706467208522,11.03370070499664,10.031589172613833,9.572060341464796,8.070517433653642,8.249216891484513,7.449670038808367,7.178093950369274,7.386544599784944,7.057059453962658,6.966413623664293,6.436404872,5.252833831782062,5.043733162222389,4.825560028130985,5.026272275729859,5.012846153222223,5.1074176073433994,5.005061560212143,4.328844755,4.330023486894179,4.458523425146526,4.061327450449903,3.654707070581338,3.842142072607725,3.7743008540455376,3.0769252807092577,3.0685778547904285,2.352539790313519,2.353901158870967,1.9917681420655506,2.0154561943092317,2.220351867727727,2.1004830676371657,2.2491328958421315,2.348704027132909,2.387763862744787,2.599717199942941,2.4931827011322674,3.631802449576752,1.2771485287618158,7.238036431047956,2
2.292548034386062,6.323474063834064,2.570469413529829,-0.128451113,5.660000266673218,2.611799092168308,13.706737016714591,16.61831895913852,20.444691171257933,20.936553579975154,17.44705736146758,19.051812966512887,18.110926388814555,18.14499186890458,17.29133230129508,14.385012759044631,12.854666662412372,11.112071040518341,11.728142620901034,9.678225145,7.820265955285321,7.636013780157801,7.547504492301814,7.837815965768991,7.263793767,6.954996771194204,7.1864804357230625,7.069247135090104,7.001151859624287,5.674539528975683,5.691315582,4.336492166819336,4.459411798829256,4.289137184472413,4.104568887804597,4.145499459351107,3.312424873627413,2.9882049374824478,2.9656161983509297,2.808210385904703,2.443767257950179,2.517345556021988,2.6575937160418808,2.8398676392283955,2.857042374790347,2.3280385990402204,2.059822717622548,2.1702936567083215,2.3574792035954926,2.4280193276234314,2.592453070001766,2.762038972325786,2.8990338026279057,3.0402605434952585,3.2988868345043767,3.2938745006774743,1.1984348702408651,6.442687983312336,2
2.2404173670572187,7.053575074995205,2.3937049802685046,-0.275525177,6.034166821557571,2.5264657451540624,14.326153982081792,17.88439345217955,19.738479926597282,22.712490254814462,20.301214044251967,19.12985718741293,20.483586130853062,19.882511691836484,18.636657283387656,13.56917425294676,13.40876974125595,14.852101147295214,14.292153794586625,11.91779776750992,8.856729760497299,8.642323817023254,9.007822838580122,8.303135497,8.459391186303248,8.507537688,8.111649691546466,7.844119770930265,7.438424808212232,7.078434443996437,6.620063004099541,6.703911534126802,6.944994988938899,5.405194831623358,5.525112242390898,5.137409221939823,3.705795669,2.7317153882229492,2.614830222567003,2.4459640229063497,2.6041279257139993,2.375866714197769,2.5568625920351327,2.751133428432066,2.145520004236045,2.1991852932630285,2.3822458609006625,2.306207435480321,2.2855735497310126,2.2514879808174926,2.3223603211698203,2.5474196725275227,2.5068587721587408,2.7535806557718474,3.0142949880824483,3.2464247929504984,1.1651636028751498,7.955248692751517,2
2.4105184018576296,5.505381881531457,1.9616141434074903,-1.020125793,5.322631583,2.1052313228730655,13.426528317092012,13.372087994478209,17.45090427210816,19.758794839676735,18.26428805642779,17.941271271652738,19.06523808008521,18.99483138869582,19.200438694271345,12.494937077262858,13.638328368446205,14.097174458049682,9.066270899001758,9.233403225577248,8.979719027573061,8.426575995845043,7.957249053,8.015445820652781,7.903925097539014,7.922350696000536,7.8466835260116765,7.858650919639245,7.504730499399394,7.0172287983471175,5.8311263124098875,5.553254856462915,5.091633526854655,5.307475090790103,5.330386052053835,5.508777149216133,5.086529000892466,4.0404515574071675,3.5714202824571037,2.1319992290413565,2.1659237960712256,2.3599569494455603,2.463157335280061,2.552015853745906,2.451832663141099,2.507983846530084,2.663221724937786,2.738270169930501,2.968405946023256,3.1590141950634494,3.335889630952626,3.485343822582288,3.6587477335938416,3.9004974489713153,4.138287691957321,3.527993181652658,1.2617913890181827,6.977125309447363,2
2.3293847896307445,6.590834813229256,3.421557425528798,0.861081497,5.871545536841596,1.7363497692384096,13.203598479708232,13.818099779987593,19.799251893525867,18.32836453594119,18.42511070998345,18.20227372980401,18.44654755312364,18.977940057189922,17.265417024525753,12.099818074608928,12.005456667510664,10.35525059673918,10.623252568129116,11.216918937593992,11.728496228673249,9.409925026989463,9.665006912676674,8.019078748290188,7.104758356672375,7.2708143354392485,7.3147663041804565,7.050200142886541,6.952263533894367,6.814556394756784,5.020165299429767,4.738806015450772,4.949722233395676,5.127889639,5.270340359063648,4.647518187653568,4.393342150718677,4.285160135,4.224970473832832,4.0986248863620665,4.113583821138454,2.627637225726275,2.4735652791352547,2.343990526819627,2.4742804703370873,2.649216609742734,2.831936420948311,2.934866656568456,2.798706732560073,2.926333765764087,2.1211023788472994,2.349514136822663,2.287395093,2.300197898127257,2.4483122300961484,3.3785630321446076,1.2170471388727746,6.494076264223067,2
2.2996858387551424,5.595940046230495,2.491907443191463,-0.234865215,5.482841976873277,1.8407536134911608,13.990628170788986,16.714383462799592,20.652703907265963,18.25874517309545,18.17393108880234,17.232099084240826,16.951406439211443,17.97556743506933,18.59519860166421,10.778036366746209,10.874280282326433,12.266485192436614,12.771649300548514,10.702031585360968,9.242407866677594,8.702430292,7.808631917047336,7.512862657854182,7.783828416226054,7.776780632345732,7.126698108332932,6.558796651436195,6.749344302972176,6.104342263486435,5.057722789116053,4.998741288784752,5.116442177996899,5.244624141423875,4.817415157299641,3.682658689156509,3.6703782107139045,3.7372709171386505,3.0118162101033517,3.0432772189545196,3.1489990872565885,3.265309948432817,2.893367093232836,2.8294954592597037,2.8044946011783924,3.0406476648619614,2.547482812924539,2.715844505163231,2.880155912398096,3.030158227006072,3.186170549567566,3.242386347159932,3.4900366640220093,3.7521068146870307,3.7012906111083232,3.233704837,1.2096599736662703,7.3489235089551155,2
2.2893594250572518,5.751291129608896,2.0729102680535094,-0.736880307,5.291814679860298,1.892918552750392,14.058884658279398,18.05195633,21.127458704518144,20.707368184627004,16.946244542177247,17.547897918745868,18.19647995009549,17.89033643901178,16.36017382771799,13.02608996303209,10.291150156529074,9.429518015211151,9.406539776,7.806229167466037,8.290398535197697,8.225657115217537,7.867753026,7.307698235217511,7.477470381288289,7.311851615577079,6.281985688902457,6.5079107326702905,5.520626641343596,5.331313837394773,5.392739207659053,5.239569394571192,5.463141755599254,5.385694116390637,4.969802396296605,4.982871446248623,4.438501768168403,4.349007459,3.7593799612204717,3.369221684265411,3.358723603838296,3.1417980818256543,2.4256997702132574,2.4331197363206765,2.4349089166654987,2.336829799677644,2.5025174146033082,2.602244073701979,2.7792644613928785,2.8553064649660578,3.0837438392310155,2.284896391141442,2.512221585042723,2.7314724826847954,2.7968766041246824,3.3585235784160283,1.1897040959374183,7.380301006719175,2
2.3199066313389367,5.553609329047036,1.9026926656537155,-0.983606826,5.328689563109103,2.313268803026264,13.729682069808268,13.420263648930854,19.986640450152084,18.69982861295027,18.500683997348208,20.16630118017721,21.966122117093942,23.305330797603528,19.84376870827579,9.923522253009644,10.362365295033694,11.021102843577713,10.621239447298048,9.758327660624204,9.166760692711765,9.596932492,9.773728629441347,9.385102283208113,9.230585155909893,7.304694407084666,7.430752012831631,7.193373521026268,6.986821117129529,6.876719689,5.660014940344945,5.622551843851373,5.159045117576695,5.301668101481183,5.442652503424516,5.340792937283153,4.779853392394492,4.959796824391843,4.114491956840546,4.020458161868608,2.3153046713934606,2.2130726412389574,2.263091380748806,2.4236842116613113,2.597633158508485,2.5187758799038122,2.7246791566505473,2.873623418658288,2.7271309180062073,2.3355245397643416,2.231190207588581,2.3872757832297222,2.6016265160327197,2.689478158331214,2.9666263985228607,3.3960185653597863,1.2083391687124767,6.832215393283109,2
2.332729827,6.046801697121381,2.7472338467911537,0.032343501,5.588655977605575,2.4336448492505482,14.311932009127592,18.252602516342602,19.043035880936742,18.191307346058274,19.873950258315546,19.92150584717834,20.747919789621793,22.585721734772765,17.733587877235763,10.299329200938752,11.584784198373706,11.342204805692152,9.593506445665057,7.988143348661427,8.238361817336257,8.610588836299328,8.938000261983591,6.169124996421435,6.424386428535385,5.6288622858778945,4.321755037193307,4.509875298885254,4.420010374181979,4.556952039728697,4.117110610149637,3.634304016725792,3.4357938477286774,3.0892762961202602,2.8292362686874464,2.8319322840377468,2.9139751732537635,2.8206429339406514,2.592113663625944,2.720275575107863,2.7324653986290803,2.9392073905440936,2.823440765123422,2.932559164836422,3.1476193770805687,3.333311393617768,3.470189949278072,2.9428589713065536,2.9703861967723357,3.1518516135176893,3.0028167408899256,3.2336005813029094,3.061127517406369,3.0019914673207735,3.139889789777222,3.4473420294492736,1.2127647376942772,7.267295371939958,2
2.1871969618163836,7.294937964959538,2.4722669506068713,-0.103260717,6.111188588,1.4587312682086628,12.29155068765772,14.110625660639165,17.30566112368376,18.845962983312607,18.350895314132988,18.835621224811057,17.800425775172688,18.380109603105627,15.046630871190986,11.440628339008786,11.183887176233224,11.956519355237404,12.012171735299424,10.131543035307022,8.973293680998756,8.853281254895109,8.549016509414438,8.469882347581763,8.479513258414991,8.341175171277674,8.411183969803997,8.191703514490039,7.908814903,7.8361647389168825,6.88231774,5.476769435507219,5.220097043,5.202234509566468,4.846015196982666,4.787739486265312,4.539910808774709,4.741589346754045,3.9212639955060764,4.082098705108472,3.006294207043737,2.9141112692439073,2.775195094741226,2.712692021874229,2.4686668914339296,2.6925830633531636,2.6051945041633684,2.530699928021312,2.3578336308595937,2.5583560458528685,2.561279449609228,2.6800931070501384,2.928283969015401,2.9231836775431783,2.8127172841521655,3.454238196711383,1.1049382501353684,6.323867817082588,2
2.2001722570111575,6.465358494,2.570469413529829,0.001537497,5.609814942445363,1.0463169241063153,12.303990134332896,15.393599682853152,18.201518206741632,15.847696907655095,16.995619786186726,18.24164707321052,18.278379598412858,18.29828473,19.650418717740738,9.905667319186687,11.353725116334198,11.267163332351881,8.139333365683825,8.487781387206628,7.537922529253875,7.797894302467275,7.783728524626883,6.102903630808909,5.932746394406307,6.184704973863374,5.909640843331065,5.943190977765997,5.2963162132855715,4.886875605263469,4.804789706723541,4.875878410098135,4.928029925555412,4.922383486591362,4.1534114313746215,4.340804136530135,4.374602913038905,4.2442359492942545,4.213373916,4.286940161926508,4.472845157650165,4.689915962392069,4.272572811796355,3.9774647084716555,3.884806660051931,3.578372001729489,3.7508669021383687,1.888581715076361,2.059348318772168,2.269870496225698,2.3086435922585267,1.744383068533607,1.8489365126376573,2.0398625963846126,2.2383066726222194,3.3919625846724006,1.1208062379094033,6.7927557238781064,2
2.185436713,6.011603263864793,2.4722669506068713,-0.100767448,5.455242204761041,2.4700213925844063,15.697527311611896,13.000493725109665,19.61561590709215,18.394608274400788,14.253599359757096,15.492753232666155,17.03060330170233,18.485582176879102,16.019145851926663,15.271824861609097,12.46726012416561,12.433752994261427,10.654667137131263,9.890873673237309,10.155851988237623,9.528961807137362,9.807149857756393,9.615556428922966,8.623614961745321,8.206959846293767,8.409276059497822,8.222817669129087,7.8481929545846985,7.366152741403726,6.946836439819448,7.113862537,5.101667443306362,5.0245784852248185,4.760766874102618,4.823552885345376,4.495154339538451,4.331494172006176,3.742111516942387,3.616102526015828,3.6413024333322888,3.519267080836239,3.326657929470954,3.4385230353023717,3.5657636589938164,3.680380280386629,3.7607749093816696,3.6142281783622496,3.8563444783139262,3.9231824654438356,3.776436525701799,3.9934704762909474,3.1731913900155595,3.0354262866088524,2.9831770190074316,3.325549544453514,1.1166467971580722,5.923767308744045,2
2.277572330823131,6.001632816016251,1.8503180187614712,-0.996770276,5.386771398407969,1.7370695693067884,13.298650852140055,13.686748643042433,18.88788698,21.032242360475195,18.960347565937468,18.755599794687736,20.431210027683495,18.922108064847226,19.69357412755893,13.416650908290276,10.966135864394507,10.225418590004601,10.853551403657839,10.753603612820799,9.514585264,9.173092428564937,9.337601566695858,7.858366684594445,7.631641528927697,7.7375109355950675,7.428982033494004,7.068994619002215,6.507701363297564,6.637997964,6.628637144192978,5.522958773553179,5.500438609918166,5.418412136405844,5.422476782572526,5.0919697387793725,5.117383729314712,5.027534038436977,3.6667577226529526,3.468779744206784,3.5247603220342625,3.0232375973504197,2.8790033911595647,3.050721727391695,2.5065278994393885,2.4313391391291974,2.195295895424029,2.2413849088984596,2.192559104626928,2.3308496055836043,2.187213132544328,2.0677817524894926,2.2425250194798996,2.4284466607047417,2.7138614974917394,3.4389521227699795,1.173093635401373,6.809475138818848,2
2.1572402933062413,6.485384316756083,2.4133454728530963,-0.135103017,5.5990221631456665,2.474486875118659,12.794521623391844,14.076285909529332,21.007092980340794,19.390030353249152,20.312942124080354,20.66414101010149,21.45077151810604,23.041629614622774,19.03835133,12.49532992976749,10.899890640931645,12.05319487995033,11.97639987190156,10.877846031537915,11.04664403083359,10.988619421034885,9.208906048901444,9.017650343,9.026632684565927,8.633902704358233,8.899352130429717,9.015560501,8.526180757742614,7.123674504832875,6.811784103351874,6.472320581450043,6.4130812795455885,5.899031894568841,6.0522254367717006,5.114575883438743,4.632973689627044,4.8108359350190435,4.491648922467247,4.471892608,3.0161978469841095,3.0475876321825544,3.1436534841748465,2.9727168817394745,2.2253426558389386,2.3235560100441925,2.338480015185429,2.2878935080471927,2.129017335459925,2.084465285209166,1.927532473531002,2.1306564589598476,2.3341269057085907,2.5478695101551887,2.8283334759897807,3.2109343052288786,1.107784071072022,7.171173747305042,2
2.1892656178549115,5.906861040839678,2.236581039591772,-0.402331299,5.343008286,2.161233467906131,14.179054687586929,13.279227371033533,19.168618616240362,21.53285150733664,17.58024882106398,17.79016211397584,19.012654921629423,19.01030308582814,18.089558804347803,13.072310908167228,11.75500111148876,10.519314309938313,10.789708979198043,8.782075079868648,9.179115205092765,9.516236933215495,7.895257241178644,7.991250916592826,8.293244242844576,8.281397895590853,8.49466956,7.942024321478134,7.915148943922445,7.030407334136567,6.861632525182734,5.555833996,5.337934206528305,5.548004886654105,5.560618382274174,4.516917642,4.582663779666998,3.233332184016402,3.3842966363144193,3.4927363446611324,3.389640887188668,3.4121996898507008,3.5946379729320905,3.8009862922767357,3.5794962424017394,3.8423504332287437,3.088743901194139,3.276033525428522,3.298171878389574,2.980559411589307,3.036940667855938,2.428023190388594,2.6028702280296185,2.669295658014201,2.8712748712713787,3.260928507312734,1.1261018046167854,6.8292300604702145,2
2.1581080909967922,6.693251325,2.2824088556224855,-0.301895993,5.786565080989068,2.283571351645163,14.979269111296949,12.63559151909693,18.91615585846994,20.069672523548526,17.92369811172694,17.436658206032757,18.50962123625226,17.16184204912558,17.358144457260654,12.782577557491448,11.686088248872748,12.213248294328523,8.679752365,8.899548087504131,9.027558339845601,8.717217341,9.023203564699456,8.035481655134582,8.165196057316292,7.6593547802173125,7.473568631752088,7.705680363297284,7.848739762292785,6.896752488449077,6.0406316724042775,6.088897783865552,6.223705950380046,6.298660915530007,4.911090276627536,5.086736850076339,4.815032271150021,4.5685822470249695,3.732520418978992,3.767925516502892,3.2777071294116706,3.198794530270396,3.134359616482967,2.9707413114772887,3.024938186926006,3.0441602241148953,3.0836445828687107,3.326088554118084,3.2238199429105534,2.878177383303333,2.9910679201436863,2.416409558575368,2.577182946,2.225898273115546,2.2175666587247886,3.266614197,1.1025852097690887,6.027544669194385,2
2.1493545004829198,6.538649189223412,2.1252849149457536,-0.488787503,5.333237918741922,0.970870429,12.801511721069984,16.678764226530088,15.165112511258704,17.805359798477298,14.965439286201654,15.963420079466543,15.54805121686111,16.210418417390787,16.18834867100937,12.316555672096849,12.363852461648506,12.018475434488906,8.699667425143106,8.013748758196705,8.296332753707473,7.657952894183523,7.288870235678441,7.221813518,6.988751609250946,6.888826454851803,6.907803379142621,7.009985236094647,6.389521561,6.268652677329175,5.643653429802765,5.192052060188715,4.458514401,4.208704601553353,4.3563587969164015,4.262010276129253,4.451689879449268,4.315810236957985,4.563997623508626,3.5631510678950566,3.010571831257308,2.6759519123207305,2.6130921724977805,2.442900164808005,2.6188652022611363,2.8481020423472145,2.916581252071954,3.099735979741701,3.31468684,3.0646397081949495,2.6056092427528372,2.6993687445879395,2.689157423347662,2.854202405269158,2.857688154,3.440128261274275,1.0782756753630556,6.080533607435928,2
2.130688732571752,6.845946559318127,2.0139887902997344,-0.605034814,5.659076245260449,2.5258118228249855,14.31373028770333,14.006132994648347,20.936700144140463,23.46072996397675,21.84138176040262,22.77236832190618,23.71001658795921,24.179187694835868,21.425435611417832,14.74700810999837,12.695664166890774,11.82520211967604,12.578223222167024,10.651486513690216,8.721676991750954,8.140053182115558,8.366942208964277,8.680403421130523,7.034335233558574,7.203844926603957,6.680790280368036,6.771344000184794,6.430844507787939,6.406726682774319,5.892185244,5.8388846545206885,5.291734405373562,5.277357717233497,5.499690086746637,5.6856132947903575,5.075057820405736,5.290441923168619,5.322549574733015,4.427590087035798,3.3746722222947727,3.6150190660474615,3.0370898313209183,3.0966091687786106,2.822524024414499,1.8834040521162718,2.054640174368485,1.9475425851158013,1.947173617620015,2.163844786808019,2.3757079502504808,2.4133788978031627,2.301722483550557,2.517089897350794,2.799386107188376,3.2580680735908016,1.0832791461698474,5.522692315574596,2
2.288921016454022,6.0942904204508315,2.334783503,-0.413753102,5.405993655716946,0.7910258155971133,10.302082489315316,13.257093593523347,17.25309444099585,14.34362995117187,15.824034705749181,15.862765897596299,16.946399294274187,17.46198365858458,18.282766443841965,8.728901100472568,9.645770165,8.303892282665451,8.261130390346844,7.564849331674935,7.823771970039319,7.649248383253062,7.6623669176615925,7.352614073743404,7.4653411039795365,5.927675438618129,6.044404006782077,6.082762142933399,6.121495948955189,5.770843842086571,5.961160167369036,5.573893084245008,5.752441219475159,5.859965534902965,5.458748728669916,5.577274700478834,5.506949070645844,5.584403610954985,5.703458269025316,5.494405245953135,5.548628484131079,5.712114471789563,5.14467754,3.953973357,3.9804252461643888,3.6626973673121466,3.736156126561186,3.6027575694664313,3.066437482182236,2.8162035865654533,2.2742989075213638,2.4118055717415388,2.6204972323587676,2.895412446014622,3.1407407845810047,3.698120528380715,1.1551508943465545,6.655673161386305,2
2.2436614163438096,5.781460493806656,2.4264391345761576,-0.239270278,5.250893272811745,2.354404122614816,14.040197336828935,12.964723158213756,18.912301348287258,20.33989522142595,21.05217765402916,16.700724298709257,16.619633822672693,17.690379385401066,17.239382541996363,10.342097470346493,12.237011679846553,13.483923345158404,14.111215226003761,11.52054438677239,8.931970424326352,7.697763330841343,7.055769505470782,6.4023773512392435,6.300225126598435,6.366609992977455,5.9970357196537405,6.175375051390187,6.267530687273061,5.478237596,5.021115509,5.159942231535675,5.380048184251303,5.430418938476666,5.287052306134708,4.873242662116992,4.656750406145312,4.801168915991606,4.886896344445378,4.697532484903208,3.237694413810325,2.801911042656269,2.949225670364467,2.6236002296158465,2.7662064060354425,2.6819468700380025,2.794234220422857,2.8930315757290104,3.089360478777102,2.9277301866010177,2.8707933067100226,3.0262346391451906,2.9076736940694308,3.1153732516182124,3.1994684642729707,3.559451266841908,1.1358238209026346,6.478908235225089,2
2.2035122138169028,6.968788715035533,2.459173289,-0.142691529,5.703627522338517,1.1056815604880232,11.947585292355162,13.645251200664696,16.54038750346355,20.185629496725667,18.224399148068244,16.576795431576404,17.548011105357045,18.729718743966213,19.876834011078166,14.218722506947024,11.33242646745124,11.78722905986251,9.343375754,9.578925151865782,9.907579045580194,9.610104219710667,8.521936115707227,8.580755280325649,7.623296184099113,7.845103945941929,7.926733633693217,7.311708786154312,6.945842949089563,6.645257612658657,5.927780640675977,5.450988587676931,5.662740091934565,5.185862951593161,4.195632520440063,4.024547595,4.046764535121962,3.8499724924258985,3.7633531885919314,3.926237199405905,4.164663209262869,3.6784281739266014,3.4061513245677024,3.3960713105952327,3.2578501053002817,3.3239761121219797,3.396135691983316,3.594216648880571,3.4313001847214397,3.1034419284533086,3.217249484888995,3.3276177898803216,2.999056504588139,2.741665389519997,2.7305857726474496,3.5488665425040002,1.1070139978944928,5.606830585850798,2
2.159033102483253,6.259924844912792,2.3937049802685046,-0.162474187,5.340087060778104,1.257168097063196,11.211401042431179,12.63176245569544,17.548829551663182,16.338453069792415,17.37983265361925,16.93091563207804,17.193693550491968,18.61896670172798,19.770897443034613,9.214978119295735,10.461897801785334,11.419723730920229,11.508124941176282,8.688770517,9.169681910847247,9.338000741205223,9.242483305980588,6.976156664801763,6.078992704,5.877699297237852,5.649856206048529,5.812272103596109,5.764537172171017,5.402149066520815,5.436567387669488,5.326954125810285,5.124447716811518,5.321775265062796,5.360831685786681,5.030364337792043,4.279903660887335,4.310767866671617,3.8177519836678417,3.807437450950083,2.357034108945572,2.220040530795299,2.0399889348026865,2.108537738282029,2.2742291815322146,2.121987208213653,2.071012335512895,2.1786459046277593,2.379529419061631,2.5949216298842335,2.5579567951576494,2.395257817065014,2.405779051889798,2.641706465857344,2.7799874465587955,3.390424600609969,1.0906610066090645,6.085581597927332,2
2.191835819108024,5.928809065,2.570469413529829,0.013506103,5.1373199940310394,0.679455096,10.774381047200038,12.559356513951291,15.513635308040366,15.620670925803998,16.011089966162405,15.702194644623921,17.22786418855883,18.139676235986634,19.167204857013992,9.366310059400778,10.225765136564736,9.574349646,8.277365111838233,8.165945676639424,7.983080523587827,8.036156790277353,7.150819950973205,6.772025040341074,5.07948309,4.894393450096323,4.733118413230676,4.866235329556821,4.493728888241178,4.380288478,3.9730679848786337,4.0116412435755056,3.6938202671986655,3.3651560490843266,3.1317143913714087,2.733374440507496,2.761665078384236,2.6966393037888174,2.7488174299454617,2.660905364,2.2003252410529552,2.240506730579113,2.1546471197362704,1.9029478050321504,1.9595094053794218,2.062387578037446,2.2278006102691625,2.347353374434845,1.880225774208238,2.019893055759213,1.9432020194806163,2.098558252471449,2.0895443237369737,2.053279855453904,2.118530534896648,3.3780667831907603,1.1160683378425598,5.5560201649684275,2
2.223588243170375,6.616737934811192,2.5377352592221767,-0.072715862,5.476976190340317,2.629940187852641,14.31183278962654,16.160090822334062,18.360938690555326,20.406805946731126,22.12428322199561,20.468786878852526,20.63495085766571,19.848099854482395,21.120219032711578,12.335972332518173,12.628640847275861,12.346501963350384,12.908216756924281,13.090123231481325,10.029831896030814,8.629070162081026,8.850682808574872,7.632370912069812,7.783103431393604,6.673164908266572,5.835879212390683,5.727071429323328,5.722684994694632,5.902293812039029,5.38089461,5.534429487425415,5.663167315247609,5.880924218373962,3.9131775618409126,4.096067610902275,3.720567057731941,3.721185240305453,3.2577400330740396,3.209025187,2.823840881622619,2.672079048938772,2.8318789115768594,2.6695074110308323,2.276184957072408,2.377900292143189,2.553262430627796,2.672796481340876,2.645864659273756,2.0707885133531265,2.2889377921771454,2.1962397163996377,2.4249965722637423,2.409920604,2.511458517108034,3.3341566708199712,1.1439493194047137,6.834988495303212,2
1.9603785051323837,7.2878209380275925,2.616297229560543,0.422996869,5.659695888906106,0.8121867723921092,11.282590934596207,11.212173072974611,16.074340645769478,18.690774341842406,18.833895258617133,17.761752691271464,19.127418689266733,19.64166007239446,17.60607980661327,9.763139946335237,11.498307416955868,11.839811376422771,12.008638552450703,8.676336421131968,8.807030826150207,7.8885948975934825,7.684582408221987,7.520365059981947,6.458310260923718,6.445028772,6.526433382600321,6.3384671484710715,5.848201501551808,5.683656100489347,5.112173522079209,5.243806815283976,4.9579165149715925,5.1302631,4.829812536357066,5.0549239990681505,5.097581887870219,4.202111016311431,3.9960157965468768,3.8613178327300006,3.939848494,3.870078785142829,2.9324455104763016,2.893922236821133,2.5831394966720005,2.6600385677537903,2.6151221057203453,2.301994929606827,1.941059140908156,1.8025328935614526,1.9997181280935363,1.9080424141875354,1.8101140590361717,1.8074753321979584,2.004317625439621,3.205314095935377,0.9623403584010719,5.518041485750838,2
2.0978685481511716,6.565093999041515,2.0467229446073874,-0.519188687,5.2528313872333605,1.9926846447095725,12.542713436892086,17.762033375438453,17.340190721221862,18.417997921846034,16.781738882468666,17.288736830096795,17.25455174969803,17.88526760993949,18.87497368850812,11.766850591233526,12.421849968493772,12.038339170997535,8.490685525699453,8.273594679756494,8.624593424916961,6.627027310138372,6.556144460398886,6.743219619251508,6.852449779664114,6.5638711611423535,6.473849500512497,6.383018338443483,6.299205248410898,6.172425563761164,6.3075258331270305,6.2505360684362055,6.451477406872465,5.613952029932425,5.439399625643864,5.619606263037367,5.5925161349104044,5.3501800406097475,5.023325131681216,4.127355801964784,2.917028770075045,3.1412104859457193,3.0815940197874023,3.1879644229256217,3.1836645697878363,3.005168950205036,2.852841168961899,2.958344507588272,3.188750343877499,2.852329149683107,3.1015059735542163,3.1959098582768193,3.3125754919307573,3.2423052274525537,3.3469129685022776,3.254671490030548,1.059255328,5.718804482841037,2
1.9085162585969597,6.312887160817424,2.138378576668815,-0.129874224,4.871799511068573,1.6009996541816995,11.986788279205603,16.266011610407627,19.231417773023296,18.44095885006548,18.03612359347109,18.54539194677765,19.427198027992695,20.772423839868843,21.69148795454822,11.234086007466143,10.637862710063862,11.108001353900987,11.965271708780675,10.861768191372827,11.262611800529026,7.265124417111867,4.898889198995237,5.021905011205158,4.963504234319424,4.447441068098989,4.0387656192645816,4.217153058076537,4.370609117655371,4.551035268,4.544740829492747,4.608399969870298,4.334749545564285,4.474593920504681,4.114668201315501,4.304231960969674,4.501834558212183,4.536624400869798,4.723599518917293,4.065351887288399,4.129010906133998,4.013012704751805,3.6077076142659292,3.8049241748901608,2.8350672294562234,2.751346366457482,2.897634882094647,2.845825223448239,2.9471869028977786,2.787974188583679,2.640072933295632,2.601694904691169,2.708767226220893,2.7413739746340227,2.7633092127121137,2.942746440375717,0.9511890555973478,5.599082850454492,2
1.9374928665085505,6.092247351366626,2.6359377221451346,0.4856693406044898,4.849457198139232,0.7185088978792606,11.031868496151633,14.753281980611929,17.078895236253427,18.333778459669848,15.664451538046507,16.708459614486713,18.097784517436217,17.711532987996964,18.458719314300865,11.521941324824729,12.18388191072432,13.680404267015751,13.903917427620916,10.36218321761794,10.915790922652267,11.00660497968404,10.690683000471374,8.225841143,7.519465876692716,6.759255454631727,5.988817427780852,5.964123130035531,5.354695179106421,5.112249712247415,4.185086806912873,4.124569849423243,3.6218878745516663,3.604020162606795,3.7211333367041473,3.9025653684775836,4.061873602333922,3.822339036970418,3.8639585634983695,3.879407124014567,4.062765525445994,2.290071591853515,2.189753898975723,2.0461921024503473,2.1983889085426616,2.2364824524632803,2.2224167906538645,2.392028899750505,2.429956056765946,2.3284169363876615,2.4348060122687856,2.6558391007484397,2.772146993345067,3.0285360664721357,3.2595422371983753,2.9476499291417264,0.9725266384915615,4.569367557492225,2
1.858919173286642,6.036202436704531,2.0139887902997344,-0.222396189,4.672435070901507,0.6702254052982434,10.263066917496602,14.671328228939988,16.125271421285483,17.39718750310273,17.254678942492582,18.890051647972545,18.80227848869902,18.106562562366374,19.308516478131097,11.103132921377064,11.478860816133867,10.41141212075219,10.971543273337693,11.378209268339427,11.022625897166098,10.539506045575123,9.890465335,6.465157565,5.961571960318223,5.966681342,5.987969937247204,5.085346046503238,4.896199672,4.753340073983656,4.567554277222117,4.709078028261756,3.741565699792951,3.9215098138726336,4.066540547100751,4.073790177658406,4.247147819522369,4.316580651381083,3.6009465793809454,3.7270351610017936,2.6621161191068183,2.260943873206961,2.2284786005656074,2.256705267343413,2.3410216901770196,2.438848679337182,2.4880588316265166,2.6574780896077903,1.5566742625724739,1.6513051,1.8649085533860592,1.7095218379237551,1.8968918992082482,2.0053108240161346,2.201402350185109,2.847911912320848,0.9243555801856616,4.366526080600605,2
1.884509073235033,6.051953937368352,2.4722669506068713,0.35315568266947717,4.784579499147263,1.2797337869533385,11.480359087039378,16.029810559253804,19.188358198960792,20.380072114986678,16.95752292651596,18.485429344826866,20.305947396844086,19.510135443803584,19.802205418959602,12.719245307431425,11.870917207868338,13.192138575153704,12.035834655437233,11.038091801072081,10.570235940444176,10.298476629901833,8.691355909,6.7416432939033575,5.676699152898873,5.908792065,5.884678417690227,5.884794639301074,5.994226123056506,5.830703942,5.540265319206314,5.244819630595467,3.5203414027107405,3.6893936464144836,3.4972572459894793,3.3723402199883212,3.3832977617447826,3.5345152743784887,2.905011657264819,2.9428664775554747,2.493782376934481,2.1106317677905686,2.299728309096685,2.348769765,2.254403201029386,2.4370448739112267,2.1371350660211195,1.7373588498832953,1.871489010915628,1.8878673233191396,1.9535850627966542,2.1720435820210646,2.102226339758486,2.0087150339111197,2.136725657470269,2.7829178972514286,0.94995629,4.446444892478377,2
1.877650904,5.853894586937075,2.3937049802685046,0.2588610810588899,4.563239761043356,1.1814681465251573,10.495420546608393,13.488389186036631,16.795116505071086,18.321938808435068,18.458955259980673,18.040763543605475,18.350053666819033,18.269813249464185,19.552482853045053,9.625374863,10.493789580790539,8.986361236026566,9.598466032294843,9.842598176087197,10.357894307527735,10.628517340099739,8.152705409051869,6.674842901175541,5.535107554088368,5.632758090908149,5.615704917,5.538425449468642,5.147953299167603,4.823710645864146,4.617288357,3.7726644315109077,3.1273880280736317,3.135333210347531,2.707697433298183,1.9913351571569788,1.934258457,1.943759472796864,1.987165584640085,1.995382032268998,2.0359180105654304,1.7104418060483104,1.717348935624756,1.8206649389929952,1.9340651971044058,2.1125097067420073,2.1985255896527858,2.281864109737503,1.5692088612581403,1.4021648780156994,1.5111095368460687,1.4613984337251487,1.4981445166529193,1.6279228990867882,1.8342211391295506,2.8490084310352426,0.9380047172833388,3.803483230584519,2
1.5850906389100796,5.634610559396923,1.9288799890998376,0.089615576,4.4715978913233085,0.8017190013760208,10.577100349409072,13.167789821122545,18.636672344963998,20.22593143127816,19.33172053159607,17.083045871231835,18.26553504362574,19.801043235597138,19.806556593084547,10.265391963131757,11.44775434692888,11.893106860547686,12.658383382065711,12.973963113163718,13.053161269349093,9.778573607586269,10.102065045775754,10.001055042162399,9.460606700056138,7.849673313704156,6.514245436870311,4.565100279838921,4.604122405242772,4.191153185246686,4.353315184124796,3.3070678167356395,3.412421552080209,3.0593676801993266,3.015391499849535,2.4309265191670337,2.5561608447931294,2.666444488,2.855123227,2.9993131523745498,2.748915455080871,2.44677218,2.643651199063445,2.664038991586046,2.7787289583849906,2.453433905745042,2.4041588741866278,2.3681809063388504,2.412482339447868,2.1434666004236265,2.136788190838358,2.3013634813556973,2.5117423086794988,2.182242364,2.4265977828121357,2.469102710338411,0.7603591232448417,3.514445225472898,2
1.5082537737364479,6.094728136078331,1.725928232392391,-0.076434542,4.623976093444597,-0.216633866,9.561554697,13.970929449911425,14.162826117162318,17.171714940825463,18.011303715431826,17.43737266695547,17.413613713937323,18.604708156545833,17.107644646090545,11.849840156713686,12.098124730787054,11.177704133473716,10.639094741664374,10.579462486968717,10.241787702737682,10.295898300102122,5.941364329385201,5.114106540104735,4.285462105846989,4.407396932854487,3.9250864260315512,3.915643799087885,3.605730907277712,3.623879119938256,3.3679088356276656,3.4552503014731006,3.614358345591843,3.6613184402086705,3.6535162903041494,3.683739340598801,3.3234207696645854,2.553347050391736,2.419608100742516,2.5987523879814383,2.7390356640786067,2.958154955153332,3.089130442,3.1622082577435657,3.2683386090651796,2.8623023322131953,2.7144100329412373,2.901293115014936,2.5650932237759068,2.277830869162971,2.4751974913006416,2.668780600169439,2.138480160731075,1.9765586373165487,1.3587164971021197,2.338508128205775,0.7166732893791276,2.9289726689339934,2
1.6758952166138297,5.295292688550343,2.0729102680535094,0.14418758084983505,4.204123114694972,0.7110387239477711,8.295244812467452,11.841704928710898,16.617900209536177,18.213881015344228,18.778365250966534,19.459856055718245,19.53615310411007,19.23516991097404,17.45134005246504,11.01672996404449,9.892576804354634,11.170731736863639,9.810080136,9.633012345012359,9.623075430252808,9.636047255465527,9.805353385514245,9.058782774593372,8.396591242327005,8.677452492334075,6.641074746415902,4.719019873988901,4.581556051455528,4.4475233500049836,4.460121527408406,4.485306505822911,3.808800888953901,3.4988560099015262,3.6087462416327436,3.6653084659218003,3.860781079541843,3.9039406270681516,2.994354263994531,3.1089436237607955,3.291384078013461,3.1927223608465076,2.955780850782753,2.4328870559145246,2.4441494370302124,2.4430758214386272,2.198650979163689,2.0901371421093526,2.052669393039034,2.022335528516701,2.212018719554005,2.1820303869608857,2.226324475749615,2.438824465228957,1.9624291389468216,2.6273957617220223,0.8112475307168818,2.3124685860775793,2
1.5911748435609065,5.448368755241557,2.360970825960852,0.6968327219193772,4.316631958243691,0.3245324720764153,7.990796734107338,12.353715307003197,15.418115725161444,18.26755428769234,16.620076059262313,16.96118738292923,17.960573079761588,17.736567586365048,18.165179643227617,10.160870721461404,11.458034789448547,10.790244579141648,9.828949612406351,10.318654450459357,10.566002649808386,8.732734781121877,7.6226418363863715,7.942104620261569,6.213530104935031,6.408093968,4.268916277453733,4.442544026162933,3.6409576344824877,3.2650895509221485,2.867444575565221,2.951069127652252,2.9612798039736163,2.8696174963126304,2.6667866211462963,2.7623021092365825,2.846336026665718,2.9646330367622595,2.901581116,2.6530628077473515,2.037881215813432,2.0785985769236914,2.2707428370711127,2.2808929795548716,2.142606126073081,1.81291036,1.4291983042397376,1.5594746637567267,1.644661640463807,1.8100844205706204,1.9942214636788884,2.0593346659968574,1.9935505691403752,2.1832630965293456,2.376408790167787,2.5422942090233867,0.7570380330315243,2.775768181115459,2
1.5504494743578032,4.857948545408394,1.5622574608541278,-0.381251935,3.9760566340548813,0.41515870527531273,10.30070408611742,14.767107530182082,17.29632703,18.486185114680655,16.47477571087851,15.443402169148367,16.36632027249952,17.42458340797025,18.312374993910723,10.841614402367144,12.321388584313043,11.944007720417591,12.458513463959562,13.073664710594397,11.225846739480607,9.672822774812902,8.953943819225548,5.282336762702226,5.190732136065265,4.884119009863746,4.920389578034841,4.834313830033286,4.110916281561142,4.206273159986234,4.175246781856748,4.043727849,4.026899163,3.7215744799868764,3.865438302,3.625913262302114,3.773063833475906,3.474225310377997,2.843956731153097,2.8613820535160435,3.048994921217807,3.089576021748781,2.4274570033360527,1.698308322820126,1.7757271339065601,1.868955589285977,1.9167890480450198,2.107773944665013,1.6957199356443824,1.8876262262771748,2.100660851525336,2.270773268504325,2.4395075957886467,2.6540375551412523,2.313918893400561,2.5144566444820957,0.7293798053482431,2.878221841894184,2
1.4244974065437603,5.9084942317372695,1.503335983100353,-0.266383248,4.427948951188867,-0.800673108,8.141107210203865,10.33833735335784,12.430026094313673,13.99608261487703,14.37374533087127,14.920877643077006,16.40829236869453,16.186353770618812,15.088361888154974,11.021115948164336,9.915632898310403,10.743958673929239,9.487944326610858,8.765402522378634,9.05766514,8.176432652,7.734973542474204,5.626774746275654,4.528534203051357,4.7474664679227025,4.839330267109001,4.326042575525184,4.359900742891401,3.910638773,3.849544221424973,3.5489996208975225,3.7236515840589504,3.779487569542994,3.637219406906381,3.206725314877878,2.3582052706206316,2.4768907348739146,2.2998974601455036,2.3421964252015113,2.350213793,2.182589895485818,2.328998670701267,1.9780446958090172,1.9198815855479765,1.6252798074562989,1.274855853271899,0.8431646573581242,1.0074594811792235,1.0788693768719677,1.256636160754035,1.4623576341116225,1.5752178441440756,1.7398193709886096,1.966971374828122,2.2416126715993876,0.6643869631694178,2.1383714221343095,2
1.4152973499924466,4.722946814413184,1.503335983100353,-0.251315859,3.7375831374567823,-0.228660318,7.1768580926882946,10.688537694998168,13.754862606564851,15.090247224903282,16.37851895596494,15.496901819705382,16.755623098266224,15.739498297362465,16.094205329501957,9.825001210596342,11.531133635914411,9.627814533,9.544928698905279,10.102232329568658,9.792328948718538,6.859903290128085,6.511696921374137,6.1667663935886186,6.0791136865381254,6.082314430496574,4.066093226284285,4.223491347188331,4.425074724862415,3.5179903362789187,2.0931703696791817,2.2018485545897613,1.873147300072343,1.8263695147822596,1.9350765577113298,1.980972283963876,1.7337883329145751,1.840740553996162,1.918261159584756,1.7309118709001934,1.7995648138330171,1.9108912168004155,1.830349410328935,1.8629175084357577,1.992774570746509,2.107891023385209,2.2061627670881188,2.3706673535027534,2.137845542719855,2.151701400811587,2.2739066296085273,2.3589974993446163,2.3859976804030008,2.3891512230785237,2.266384490461975,2.2855694259915897,0.6528058762242157,1.4885817386186182,2
1.4255933679217279,5.006140655938188,1.503335983100353,-0.268173764,3.9593967836697472,-0.622580791,7.835866566393981,10.06300559637572,14.971899271878097,15.41876127420205,15.139628248203138,15.243761924811368,15.575540128125498,15.479540482682568,12.079716729827151,10.20507794160335,10.638861255303919,11.14656775414245,10.671848266338586,8.469509227499474,8.695217845,8.347704998388455,8.355711112486489,8.083326700256915,5.502122942,5.134725605675368,5.143692171821065,5.240030765128444,5.189821221399421,4.9258324893643675,4.463432859376995,3.1471708821517037,3.2779226513170996,3.1611021920221485,3.233781502654729,3.2558440650383416,2.5580506374283574,2.7092375762207586,2.154279854990484,1.930287003170429,1.9225664267773246,2.084639706003719,2.168782883492076,2.0751768820854384,2.192800239524344,1.9031199773686995,2.0397375515082707,2.1763267513171485,1.9655927438228564,2.015628821085433,1.919104736331857,2.036918462301759,2.2149546250301033,1.5141935185488622,1.1619724039517971,2.3138672709321337,0.6573368307776065,1.5862009370563925,2
1.5054874581424447,4.7669790044542895,1.725928232392391,-0.071876743,3.8516376340618126,0.5448119361529693,9.731863827197625,12.299926257096457,18.061665179195327,18.556803197488406,17.086765563781785,13.874395242478577,14.731287091126019,15.797856655265807,16.684081229198654,10.017374291341083,10.875321275878374,12.073233433368591,12.056914237301001,7.831500370220038,8.010640002016668,6.241249596973632,6.2886350190550075,5.954655988487479,5.588364763345164,5.011004902141228,4.693167597262662,4.835723082830561,4.469399028860189,4.570249194242585,4.598044504216372,4.279321836199939,3.9553876023037584,3.7538805144294454,3.754606461039961,3.8169156818356607,3.7969419743153994,3.4241731897124703,2.611773622,2.2547565465751176,2.353982488377213,2.5239152260535374,2.5774143736522137,2.697321145964325,2.4425558047268927,2.094732175538518,2.2685939077546724,1.9106171499222042,2.1188253799575323,2.0371646184790624,1.837092147,1.9859342659473784,1.9570311931483642,1.929830313512574,2.104384240584039,2.408755277,0.7071104134634859,2.1529171142985923,2
1.3896556479576918,5.517313350919598,1.994348297715143,0.5264106435250252,3.8991317291034497,-0.872822129,7.567737022515636,10.084354089988775,12.59337547486345,13.721071477509167,15.223784540165695,15.409547523946998,14.94463586048138,15.165951184306165,15.539270685352426,11.701480063758451,11.551407882636209,8.410615151802949,8.790262990978743,9.053372172429743,7.793781535186301,8.185529004597928,6.517345961207675,6.409882789,5.5923725990305515,4.648289348903669,4.6631252723531835,3.7055371863447846,3.542752648032087,2.481870714182647,2.4513147584435924,2.200686164832828,1.9111947597055836,1.8612400812774577,1.9178385020671271,1.6845250678343227,1.828144777764709,1.9459995687649925,2.039933058373872,1.5219890540013028,1.3921613505970292,1.3900960676861729,1.510058252584512,1.5443375085680182,1.6733672996854536,1.608092517860497,1.6890959769119553,1.6149198,1.7538029427943596,1.847594764390119,1.6447897182601552,1.7814683904283268,1.6093642530126457,1.5842204516699505,1.7056162693077677,2.329672554836057,0.6285327243646669,1.777734334256642,2
1.4505998555161426,5.061937400580484,1.5622574608541278,-0.221802197,3.8755411370154675,0.1523615281063231,9.18502412,12.834246776306578,17.529125964701997,14.165596510923105,15.117380331287025,13.972071329430719,14.277898094869096,14.178081579542345,14.36071002329521,11.948526697580673,12.64494962335713,14.371113188897358,14.058584816730248,13.92949745415047,11.511755782500483,11.188113839874262,10.926297648579562,8.638233663905211,7.983099978591265,7.554982563884484,5.0132414033146935,4.515494695268591,4.475049994304966,4.027447322503133,3.847426638220543,3.6764938702377754,3.7941904249002754,3.8202480094434326,3.5856973469433773,3.6504599278668937,3.7336021253045666,3.608478867096605,2.8307422915840905,2.7334559186141294,2.506043684571069,2.5076697138396464,2.3105515296865065,2.168531431,2.0535828172422708,2.0561070506695165,1.8700333074154911,1.997900669981971,1.748559331589893,1.9519884486442154,1.7712772937409542,1.8685516639731257,1.8277294884194843,1.871195215558919,2.1386837524529896,2.3568988517525513,0.6716041149542427,2.3098678634070384,2
1.2666866647699713,6.480138280778799,1.8372243570384101,0.5168393029678696,4.456408731182273,-0.657121401,7.540450348604247,9.637153639704515,13.08693107138783,15.014864966058452,14.712931786501953,15.080707052376427,15.822079856587912,14.726968374535288,15.56293388595721,11.924538472492868,12.578415773815903,8.865739048869983,9.275870303,9.397463532412427,9.549787426232447,7.377201966457594,6.941340176954533,5.789279576408753,4.899454444753381,4.755253485484912,4.7167053043802625,4.236455395,3.6892677443556976,3.621585542,3.494866036581763,3.4990643917388153,3.582726209809197,3.5478952655856806,3.496392345579019,3.5223380180961192,3.2548010425205445,3.4289694482998048,3.6380787461285524,3.370315224333879,2.8138953147304564,2.875855578048551,3.047560945764192,3.2094793940717308,2.8373810960301276,1.6942236090650244,1.6778429868448403,1.7153082505263642,1.6084063464595604,1.6982854422242926,1.7211956447074366,1.5085476671406313,1.6967108902418595,1.8587617791835038,1.834905926422557,2.1908619351370233,0.5505910948727888,1.6933394691960124,2
1.4488027470365488,4.865525888827222,1.4182271819004562,-0.431555346,3.8267147775510777,0.11181645331421676,9.973214590996326,13.143104829053414,19.002829123556875,16.34062991709272,15.441035676700583,14.216436568557656,14.897624967863695,16.030367169091612,16.740765685976626,11.425733134305576,11.547446339426351,12.831468721309466,12.735144567298942,11.832106453718405,11.211828466393357,10.158200837412055,10.336445373172655,9.039518792464868,6.472316607823313,6.227679238000878,6.060582718320713,5.1088380084051215,4.888815439550189,4.899381514746098,4.834620994,4.6919218780838365,3.5671611076087753,3.5777185650590138,3.540281245,3.3964136438765653,2.9413172177173643,2.5102360503871672,2.560236634449312,2.7402052646092785,2.7394873709350147,2.911118415068081,2.8283308575507737,2.889902450251843,3.105694942738003,3.1710138112496504,2.184145372183511,2.1067181105364643,2.012759997437283,2.0065240970298404,1.8483494925632464,1.550892580694977,1.7398968336216798,1.6823505677604755,1.9494126235062192,2.3555544854858717,0.6703455172028595,2.2793176003783175,2
1.419297685687914,5.3499920281415125,1.7586623867000437,0.12182073472354814,4.018289202164118,-0.568113875,7.673337454577957,9.524914193928424,13.065721702802357,13.813820969559023,14.064684209261106,13.631861586130416,13.895358383879636,14.682916231532921,14.120522720581162,10.11331093344994,11.89960901254626,12.935296264790002,10.485291448271186,10.444724419361924,10.517518545444554,9.084169927282213,8.857986609889847,7.865062877993403,5.269696897109949,5.007162068936562,4.727435817693157,4.725464558076457,4.316539300543558,4.4745456698623585,3.618652172136384,3.469299199609438,3.583799466165284,3.6713297295235567,2.919587361251236,2.8790547010660483,3.0469826028044067,2.8800756844952247,2.5366091762306526,2.3436819080848466,2.457178797784757,2.1072180469393014,2.091060417705348,1.8170139537511496,1.8766505481291322,2.075147941504545,2.232888745269279,2.0573074000518994,2.1681643137707165,1.3871969099332224,1.4592997014123936,1.2858958204316684,1.415918336549611,1.584949902533818,1.814966904966473,2.373812767845811,0.6459745846839848,1.8266938487950042,2
1.2852156667549226,5.510032485234592,1.4706018287927003,-0.081254727,3.900380589369157,-0.763683534,7.584214358149156,10.221239868645863,13.015530157268886,13.80997277,13.915202426268802,14.640888881263466,14.130730813424945,13.994322621022507,15.113437795516289,11.248211614099022,10.721543465421494,10.651661323699686,10.35336903,10.576739018618763,8.712354318318603,7.326881980955951,7.427465618607237,7.048803814056737,6.463736546524569,6.056904420432151,6.192434701338112,5.488346128444293,4.917562357214575,4.525355221618918,4.264551410079895,3.9247550497163113,4.112338908682146,3.917473566065294,3.8970109209447332,2.8723338141650876,2.645950590882161,2.413067994,1.8177936347233665,1.9255569483389943,1.867811513167461,1.8912856350522103,2.055224747064982,2.1518825126154097,2.2692101014647625,2.381177488610101,2.376208897496135,2.537094715185306,2.5712396399491015,2.150586090512397,2.1371310265995347,1.9813087196786157,2.2191075396596878,2.330104582664635,2.514661722209631,2.3776393204254997,0.5433614955561366,2.0693259341112493,2
1.3021594587540086,5.140711016458054,2.092550760638101,0.8409214842385073,3.557854091141915,-1.005233799,6.768378083020056,7.507121184533017,10.209286965247127,11.406130141493547,12.49652555940765,13.330447729404142,13.410896578663378,13.946267952727622,12.865178081038184,9.928532019948197,10.972855906663765,8.289595115,8.883252271393673,8.976893452988723,9.245248426,8.079017065446982,7.446664818406007,7.715166964258755,7.104483604023215,5.458307777771376,5.561940720558891,4.495069652596647,4.514785044978175,4.614447280130116,4.216360767885334,4.122953627511445,3.6587606271552326,2.1476715531342663,2.039500390678747,2.1814147065126916,1.8458867623594943,2.0015932774691585,1.9552496245660191,2.1166471831814393,2.171214313967809,2.373213060795879,2.0246356592819987,2.1178455029604732,2.2846649737112665,2.4146767056184024,2.574196452639994,2.5697820488444645,2.180971386786139,1.6861646902962322,1.8369589685854744,1.9466809347009348,2.0321789639950767,2.0378070611914856,2.3186382083169175,2.6029177994334223,0.5300727303953287,3.165622525219124,2
1.2815151998983394,5.612657974156144,2.092550760638101,0.8814796422680982,3.791412400622195,-0.059278417,8.835163587125365,11.40035281457058,14.038850892766284,14.868708194105238,15.050956910305443,14.80472456358708,12.848652928812331,10.992035659079063,10.773626213353724,10.328202188813927,11.00775992881026,12.290708257083443,13.058909568490277,11.944879976720625,12.566673196067114,9.634065602739684,7.455109868117484,6.212035036668296,5.732302543435826,5.555135713404418,5.165746628840135,5.185828577290671,4.706885113663438,4.248295401899391,4.441776628897932,3.629566794292407,3.3552739898763693,2.5489179035442646,2.6287520340195103,2.7120355040050224,2.1769846735480582,2.305286097294792,2.2197775582550086,2.320506124,2.3577666274036564,2.5421577624329905,2.7255369640450122,2.6254339115708745,2.722390804450614,2.4257786396009666,2.341624871204729,2.4644500690713462,2.4119396464117457,2.6038846316815176,2.5643106338301864,2.6228443656216918,2.4334302241120316,2.0012783044242526,2.1731098185534647,2.410512846568169,0.536563354,2.8644114976980575,2
1.1890813669060407,5.698864752686614,2.4722669506068713,1.6657142010125654,3.5875496106150404,-0.447286147,7.680386733570796,8.304360497794306,12.204036542348046,14.81087569022987,14.958546508083188,14.728449631716536,13.983572951026286,13.270259289301402,9.018094797092676,9.089104757353942,10.33308132999283,9.675460973594209,9.418645064200485,8.389698035250444,8.911339461412474,8.213801230294475,8.371290843,7.966492504037706,5.722751895451962,5.259192224242557,4.489911822759597,3.955191921815054,3.9727740267304275,3.5047077035610332,3.6376850306713764,3.5160374501913125,3.3547556269249608,3.2153651970317583,3.032810578663813,3.058100098755055,2.1218193845580595,2.2683269398803136,1.8640698721470708,1.7212218906795738,1.8879846823056572,1.6169515430313568,1.5573762318183038,1.6131838551492805,1.7612560428782928,1.961065543179007,2.085544495059229,2.2900618838280584,2.322762161815237,1.9529286595117707,2.155563723912208,2.237593187649132,2.1324809816509367,2.051843364590917,2.264591030917274,2.3586263630382036,0.47144616910018416,2.711907724,2
1.0874714692747434,4.585989288472756,1.372399365869743,0.12097418976401601,3.2744915107497405,-0.495740859,8.933632316613126,11.508744053948677,13.353066957022738,13.908528523141385,13.349420424314332,13.42746889886263,14.111304528700694,12.146410775280247,10.804923562115464,11.473954558505472,12.969759232686775,14.616646551930813,15.29144623199762,13.250221801394645,11.752675116946365,11.61785122,9.019351841834272,7.688890093451212,7.037649787732949,5.497044101283157,5.5876668093401065,4.598808202667712,3.383779730745545,3.4596591023234686,3.540173515408909,3.5184324471693533,3.6355020582951196,3.0287124219539563,2.8603215963671906,2.9281646530546994,3.054708890800077,2.2407685168444424,1.6287204308831962,1.5678517414467568,1.7093076853995621,1.8575858000475487,1.8955063146146043,1.7540158178197254,1.811703464783762,1.9426300539934738,1.8166432156738281,1.7341110700139923,1.9069808220127173,2.0795264541163143,1.8678347176379861,2.0761207456856616,2.2023747997575978,2.386216085608546,2.274952899658541,2.182807550350857,0.41367444205328585,2.0641037874543193,2
1.0085536815209488,4.759366642853131,1.3069310572544377,0.16426448881227235,3.228727677305634,-0.075356224,10.548902457314036,10.33606207832329,14.191063122193663,17.30159733361021,19.010464755248076,17.370584834204035,17.404872010234488,18.439855799868507,10.917567622456746,10.123929821517613,11.517943287875463,11.13247003096668,10.248273747602592,10.302440649911325,9.863771672,8.239313175527188,7.190348778426759,5.324895671908878,5.045971258464408,4.8039046081889145,3.4793764380611782,3.223847911,2.833219726408221,2.907785850085521,3.0086211777903022,3.0163513677582143,2.7600812520465277,2.677806862796537,2.4086315887273084,2.1718289720198958,2.1387182920830177,1.7950010403120567,1.919901227555131,1.8115778070095916,1.9172843707951381,2.0983951663059712,2.0230482684489752,1.7616892256446472,1.9379650711043173,2.0151285945250055,2.014961884959277,2.086134788596936,2.148235342100939,1.7763769445950943,1.9648560674875517,2.176389779358926,1.8364948147528912,1.6897767661200984,1.7853488310343526,1.8536881153279574,0.3919043603962909,3.269618010978622,2
1.004679108,4.465397118,1.4836954905157613,0.4634320954697478,3.0998999708843864,-1.218178604,6.878499461914584,10.665473738188203,13.116711672905472,12.88677645898419,14.158767551587045,11.918340729527486,12.242682740929038,13.173000709744677,9.426139404042914,10.130138516915034,11.945121473779453,12.762093556480288,9.213100837,9.273154133563395,9.823980500159575,8.495393852647224,7.770539896893549,7.242565850635467,7.270974703459251,7.334087780359479,7.0654913939036295,7.104383766044763,4.68201725,3.8224992420276527,3.7531284638049853,3.1747880990929445,3.3169915392721294,3.358882974208776,3.356807068,3.5396415040662665,3.3079785280451994,2.8879814384187683,1.7042290555273283,1.754912902501841,1.9304242819127198,1.5834222852077011,1.702778085554148,1.7398801885847714,1.8634764183495665,1.8175612984676117,1.5151458870375147,1.6587991405466997,1.6803206911082733,1.877349496216945,1.5728070019289875,1.7212321380356388,1.7104816558117246,1.9378900595161255,2.1700146970158833,2.1355461039058934,0.35471593951364827,1.7648714560077785,2
0.9624958241878353,5.034683290906948,1.6604599237770858,0.8441009570982649,3.1736583316497438,0.007330717,7.601776699622489,11.583221410493724,13.72031365911129,14.115540405766275,13.373822247683117,14.38019454931614,14.501178118064093,11.432290984202442,11.108471096298153,10.753151187356133,11.683638045105713,13.43522312593884,13.79385139340415,8.336811834102013,7.329979715738107,5.055017197278771,5.382896992492182,5.336367432,4.985125160882537,4.782047708145668,4.73511106,4.237376390379942,4.109542215158773,4.020076605932934,4.068147755546907,4.094883497267596,3.195424781942948,2.8964845937928967,2.6671247110794827,2.346996289286396,2.047541969886873,2.1026508190410858,1.7120278935991804,1.6979032379155972,1.706425046984959,1.8038198199726627,1.9164233757319624,1.9509115407140667,2.1029051835583816,1.545960282355317,1.5710147142795263,1.6026181901027403,1.5613132091467496,1.7244646884661352,1.6522899429740354,1.7509126779765214,1.9633094994217137,2.056988648746681,2.1051758908286784,1.994742473401192,0.3392082971923723,2.107902582401099,2
0.9140394370543894,4.267887279434472,1.3396652115620904,0.40645274535711384,2.785881698629554,-0.506245021,6.613618670052351,10.450186283919166,10.850616229629724,11.795039506060753,10.995748175177017,10.832213948490951,10.055873012278104,10.657123087822946,7.678432012964835,7.734107496081551,9.196723894300133,10.338211471823156,10.78786528284504,11.21529113489031,9.768125503530165,6.486894964273524,6.594480142780349,6.220011397150651,5.8103111085289445,5.761442723478686,4.787027685088786,4.456482797587253,3.5965219641775437,3.501460204519245,3.328536746807513,3.0081677877957773,3.154886117122143,2.8345601272852243,2.912258570717905,1.9701720524137922,2.1055984609920064,2.2586547720725596,2.180534149,2.3539970908304806,2.4980125752167655,2.383449224269086,2.1707067398905813,2.3012528565364923,2.4897892914274937,1.9073908048778032,1.743670259850231,1.6506445033969455,1.6511631390270134,1.7420877041909084,1.946296287918492,1.8557020374455158,1.9239782688292548,1.9472328631979452,2.194387680810672,1.940039310242323,0.30792299645196297,2.416340399806999,2
0.846796811,4.222582886386192,2.7930616628218674,3.0492079310781772,2.6909652293927286,0.5051134749439221,7.2088268608212624,9.920254104078243,11.777858875559534,12.40044777197988,12.625991948412155,13.436632213020323,13.984815555601248,13.270206685389839,9.006995311269508,9.676373888256286,10.18093725054268,11.610947901608478,12.339618005374234,11.544790619939093,12.071251970364283,10.460368649626671,6.552443405779602,5.291127525693321,3.2751731329675406,3.245299282943321,3.1992001843108393,2.894820839880177,2.7498267191704917,2.683329309064544,2.671681697025675,2.757329171386309,2.811244260869144,2.9778031101517914,3.061790332766293,2.5627635120752417,2.606154153,2.762963909,1.5796467110286267,1.5265970993464741,1.6694297880793478,1.7046957411227437,1.8078457511718247,1.8630037078556982,1.9292060125078832,1.6788126299710964,1.630888797011246,1.7895609118579399,1.8344827062747289,1.9269427508971517,2.145633901770225,1.8238465182412857,2.0253692649292576,2.1727044079275504,2.331808729893951,1.8244500637637735,0.2694432421334364,2.193161234,2
0.731080782,3.0852569209748366,1.274196902946785,0.6831811185688527,2.2223530243377496,0.20810789502073745,6.119577146562325,9.072579119269227,11.037581391844467,10.36219868282025,10.797091980899012,11.811367496229584,11.646049741246827,11.534264803163088,10.524770170951161,10.380183255911342,10.693081663907817,10.692134578431215,11.545401538815517,10.444106521730133,9.422421017019655,7.033958668274237,6.959061853226843,6.160561741164451,5.803320144802514,5.4969892853826625,5.058863595876339,4.740670477079181,3.855910528746829,3.9732723723262766,2.967623839834458,2.9334362646731873,2.773897813950374,2.8305683677199185,2.9414397503530147,2.9545410131950955,1.6943403560359551,1.8203177728267823,1.5331221336283392,1.5719011470979527,1.645026974035182,1.7302425492719014,1.8541034582512455,2.0089599150273134,1.804380291748949,1.922590950262634,1.9783335381862341,1.9185293243755226,2.0935065588823543,2.2232795758916195,1.665756941587708,1.6686854527935695,1.7041986504424902,1.9298071109721766,1.9147385878633072,1.766822006739046,0.18505057068716055,1.0195537736015845,2
0.7689606138711264,4.013489046704198,2.334783503,2.4661985907101864,2.6633138610894598,-0.057418705,7.502013757518585,9.701734833,10.837059468153369,11.194062870613179,10.85039785,11.647034377339242,12.869894742740698,11.370875275653974,9.719679705434269,9.684407344,10.33959214440456,9.662670312,9.050944775944327,7.733640353631429,7.486491898180595,7.572747792533492,7.588290998522454,4.344154755,4.625115988659477,3.7493873342792647,3.682376038093067,3.799497255009903,2.8672794657303142,3.032269274132026,3.0310411131078507,2.7353996817557085,2.8825084313455913,3.0057938132514397,2.7135925663149454,1.8780219168775762,2.033120074890231,1.8786626816599725,1.9466531217085663,1.8266892596558861,1.2327658754778519,1.2912155032609338,1.2151199846741132,1.3530082895992182,1.1927957898250687,1.2136679343453394,1.2589087798769791,1.1826114356597168,1.3684456046787128,1.4644214858223794,1.5954027092646175,1.4617974865789145,1.6741498980673637,1.7790987173469797,1.9889334971877748,1.7748605672601045,0.21399476082876245,1.6346769038283253,2
0.6166943188511831,2.851578229987508,0.9272148672856668,0.30856917669835277,2.2772926301937884,0.22354612307966665,7.900809872299739,7.743396850790666,7.622415689222377,8.171407022688538,9.097380201805569,9.69543185,10.44329137408829,9.676653606325363,9.264764240775468,9.760220271362526,10.912812304621829,12.395152229710376,11.24922367535169,11.475118556342421,6.8656310451233535,6.808909884285906,6.871360034573287,6.984425544729609,5.946100249930317,5.317870243339676,5.227151962699472,4.902517665473249,4.988659686807156,4.066163514401661,3.5555953559722235,3.481825569360692,3.3249406064568356,3.361575395250607,3.134159922261126,2.3939883514832037,2.290029010101649,2.234682664217673,1.9660436241735635,2.060213430459169,2.2216509665696647,2.2233837185659957,2.010657087295728,2.0280268643987625,1.9879731748864968,1.7520061711551749,1.8370331508972388,1.759865712173743,1.8381967933567358,2.0535878797836733,2.095384596758963,2.164735269478112,2.3490982700804435,1.6736322949051559,1.714406179281017,1.527651389566857,0.12497002379290262,1.4973396361817577,2
0.6056468249215095,3.2767561098082747,0.6980757871320982,-0.089859409,2.2412381477915413,-0.548916133,7.850286251205281,6.2847800511714125,9.118636523795907,11.112755395212771,10.650771347894317,10.171906048030374,9.986548619178395,10.858613309344598,10.21290696346342,9.942371910666854,11.170063469885138,12.39844353,12.560166823616857,11.76797088483886,10.285896887170747,7.854920144,6.615093270289561,5.129127993674823,4.4320188573948744,3.9151786632353067,3.891854796596578,3.5860137293343586,2.6232582776095152,2.651185492262685,2.6195202851033237,2.1598681234334154,1.9257532555408938,2.040077294789206,2.1779910593512977,2.2031430628910913,1.8908283140664297,1.9972414770021294,1.8963026299669328,1.737179139709772,1.7721217123674284,1.4195109374688224,1.4980035609172324,1.556724445178334,1.150022471997713,1.098147160987124,1.2429620980550748,1.2192542209919155,1.3083078448659542,1.2653475847236584,1.2435052921846135,1.3401597822880005,0.7474207460302944,0.9559092496686799,1.0795101207402524,1.4395835649227402,0.1273846820901383,0.23702919877444384,2
0.5706844754077527,2.5397393022568173,1.1039793005469911,0.7403532615013193,2.0909705571383377,-0.080579972,7.697761765504946,5.049993888804739,6.958381493913866,7.964129926215923,8.89204921,7.697114370595108,7.983677328824102,8.784188608246772,9.437144203480315,10.051560767178396,11.40815585888834,11.983209041412923,12.044943882684802,11.997456481493732,9.381349506618772,8.802046793249914,7.538456039204385,5.960586107446042,5.2165578404742075,4.396036531502731,4.173806008664831,4.184315588653333,3.869819700939989,3.9002748816128707,3.8132610087183303,3.916199212077054,3.848222625090263,3.822818846171041,2.9827232421687975,2.393495930652047,2.181427508978815,2.0658438230605793,1.92417901,1.977670986864772,1.8694470500695648,1.547174143,1.4859983026442594,1.3352528366974703,1.4275622335683897,1.312090960075282,1.2596253036744376,1.2298220814582628,1.3443641423016162,1.2781345537040056,1.1578927819277045,1.3203390508122825,1.4666305215513813,1.3869513117235783,1.3089285017469512,1.4601258639500785,0.096686798,0.5839311892008728,2
0.56434559,2.725301709065806,0.8290124043627088,0.24174061725276694,2.0493023051646397,-0.350058612,5.203446265767857,6.474060445690069,9.208993549,10.274058696813187,8.717423769099309,9.336534804894937,8.287644562901407,6.963548599225566,7.367315554682086,7.522791580894772,8.975190192608359,10.362902051798283,11.207115032680552,9.519898388217868,5.522143071556861,5.114620394865657,4.352752065935934,4.270226834033576,3.9568394819095647,4.137230701053613,4.111428250614417,3.486330318025541,3.165142354493045,3.330247126948607,3.113248846585981,3.142952772037906,2.781512745016943,2.904106014850059,2.774571233939912,2.809528319969255,2.233245742895585,2.2492642411217565,2.177834471807909,1.9237076242356372,2.091676385163744,1.8837258247534436,1.9258143571825048,2.002492602,2.118002136815933,2.010710429052517,2.0329064936919887,2.0939210830812893,1.924850840750425,2.1142026035979664,2.1271964177679874,2.3008975049751257,2.5090200331189494,2.520578199769696,2.8054151534378287,1.583768047294538,0.075167041,0.12316175185763707,2
0.5568314911199824,3.466717468,0.8748402203934226,0.34414613662307675,2.2101981300625733,-1.158837235,5.8533573228249995,5.682364668624712,6.876924860680812,8.269251272922373,8.920816569038807,6.5098809800116655,7.163442639540509,7.299574531622234,7.756289800374668,8.177404500223576,8.579401890527679,9.754298350254015,9.305975638252622,9.892482337624337,8.58252737,4.2490363720940945,4.427928883504614,4.1549938341488994,4.418455360461724,4.632084008,4.0255640333312295,3.187895579535009,3.0747734303044845,3.2525740769781466,3.0868669115113136,1.9304003344836416,1.9764258055416561,1.7348315550846918,1.8407493773048342,1.3890562653808347,1.232864894782955,1.322852377271982,1.4275622993944377,1.4893525993685919,1.5647481217773416,1.548522154507517,1.7172369877471478,1.5682621572184523,1.6707064041898125,1.819865784521885,1.9641939462504838,2.152953336888993,1.796270265075675,1.7938687898567691,1.962142097183993,2.1295908580328704,2.3706363628831175,2.5879945548204497,2.2687113623665915,1.7026506002671005,0.052291171031480115,0.10529513429528325,2
0.5359192925117421,2.6662677883050634,0.9599490215933194,0.5516620546314552,1.8575202724041757,-0.498473377,6.7233160895007185,7.023236399069809,8.074336034027425,9.104062602839964,9.480407107,7.916512222814251,8.552165751264141,7.9818458867923985,8.382309136127912,9.323547704582058,10.904698649647848,11.929280024716874,12.872881015941637,13.321539436148765,12.491872309929004,7.242031439244818,5.812526402184342,5.925238415441465,5.795232611549965,4.788886161435976,3.7057167070492247,3.449625652733389,2.998011929013529,2.7348470663563296,2.5380093129159143,2.430302908309056,2.585779622520712,2.394701548191455,2.0121595643839014,1.9885244476132033,2.1192572308343967,1.8975712735728274,1.931211113143161,2.1061826336869967,1.788676356942789,1.6818464434411027,1.8232457126480646,1.774695331817975,1.9505084555118541,2.081824458898561,1.8597683774531737,1.9754162397077908,2.1524987646982385,2.3344003952063095,2.485982868929135,2.1121708257674983,1.9403472933240429,1.7710450009661067,2.0236556069105296,1.5316367180753794,0.058853090037733126,1.0163461695756544,2
0.5318044991594032,2.3496360369104643,0.47548353784006075,-0.352505953,1.9009393693995718,0.4154623489089895,8.564775858642266,7.1337120241719525,7.7354938068011325,7.694526839246886,7.844499571966146,8.096958243295198,8.819629894741915,9.644764919652172,9.319548036338924,9.764879454475649,11.272566188254745,12.250903194244096,10.901490115248361,10.988515785122088,8.313220587339167,5.218677310556183,4.227819462548021,3.922208754359027,4.110289558733803,4.052317092380824,3.710938058184755,3.7698501246285945,3.8254888321718994,3.9606116969861205,3.7149116711710133,3.2491423243278112,2.7809662200975165,2.469482523265999,2.0071044482286107,2.1599551189656565,2.2649022854663925,2.419096012439344,2.398517789686479,1.5844273994444673,1.6210592181257117,1.5460446463415334,1.6028798250522251,1.3021454270344257,1.4384978926444458,1.5415152417447553,1.0252367059770848,0.8547338961049294,0.8225200943852566,0.9903406823303774,1.1974350717701705,1.3128388778612834,1.4931481614375424,1.717541931203853,1.9348229904282612,1.434161678,0.068860858,0.4545718251233449,2
0.44076403104960865,2.1771913899355764,0.527858185,-0.059099737,1.824464333,0.5052681203803122,5.2367465795731984,5.462190755175047,6.5409603,7.951889390599475,7.954173458564799,6.938675345712818,7.43642988,8.170382851,8.129094104,8.951239827517009,10.437250753756466,12.033851322839114,9.425593021,8.653647815515754,4.600914174375552,3.8758491440377405,4.083335265,3.4399418296785336,3.1221829914180117,3.332835327545325,2.5574524426177634,2.725994190733746,2.7294245218848046,2.8847200842959158,2.9303848471726246,2.8720022415173387,3.0133738925180484,1.6285071298957305,1.3697339559032509,1.4333036043224658,1.5460827904012422,1.628733999233271,1.6540489564762684,1.7203113312845357,1.7532295682909262,1.644291045,1.7030659515251418,1.7419077325469623,1.8577402923303692,1.4129907457532018,1.5601885192202483,1.2741284005626519,1.4495185556574508,1.6428047832222035,1.792106107763999,1.9736544794167663,2.0236795517333097,2.005670359830076,2.1292414275368814,1.3454265116354651,0.00679824,1.2103407952934546,2
0.44911865830982284,1.6817898069985475,0.39692156750169433,-0.330701116,1.6803521955377738,-0.201948247,9.291874051203669,4.471254479163282,7.094738220002803,8.841186747,6.566398527017559,7.327688527638938,8.108992872215701,8.904836085693173,9.488268195635728,10.188061242593063,10.98005371686635,12.131338291938235,11.178219218927117,9.32344008,7.758132384196786,5.809020007078062,5.851658024131264,5.730440338790581,5.238999196197378,5.1701873938774225,4.116958083511114,4.215515139,4.403481347,3.8449522244664336,4.004705407331286,3.663357157,3.6729517006778516,3.1383908856368214,2.538318200577961,2.506706586505429,2.661983416174711,2.1443985247087203,2.203805230445917,2.290651569,2.4461384185420334,2.045977263957869,2.185166479300613,2.359301920813078,2.512760766265707,2.6923796442619574,2.514502802837915,2.4246945842340417,2.0947285843170294,2.2299937571568833,2.414756793320408,1.8670573007783557,1.8748012026034075,1.8442834538113404,2.0789163864814415,1.355031678358471,0.012358841392712051,0.8371533513483125,2
0.46514161786481933,2.2140545567532786,1.5622574608541278,1.878760164852396,1.7048484277043112,0.5455207792676907,7.597720643341793,5.225939389662017,7.703785596,9.475396307160162,8.636722837723205,8.234097059,7.872528979395496,8.571837180442134,8.873604443951807,9.521888922009417,9.971833608830583,11.48181858681713,10.622199857528322,10.015459279389802,7.650026789009825,7.731850973832802,8.068836526,7.974714235938837,5.609581420657125,5.577828976595986,4.363048094864888,3.696221824218454,2.9354412364659757,2.9141533701316003,3.044844565478769,2.545389743736095,2.5022514782118845,2.638107007342451,2.210155810819459,2.2540874014553536,1.7645849739917325,1.8743875937408658,1.8507092102970082,1.7331264059170253,1.8796623167669957,1.3683797228222312,1.3367978585393883,1.1402078714662525,1.2464507080687741,0.9757433027828567,1.0185466379406283,1.137012005040812,0.9423184999075921,1.0929938730474078,1.1234217764529502,1.2171301331675695,1.3641371139661829,1.6149553900333427,1.7440998979345002,1.3081380123622737,0.032096870099913154,0.8278116992404326,2
0.40258312741422725,1.9467876030884035,0.6391543093783233,0.24428291241086783,1.7537355587345445,-1.426474556,6.156582531666448,5.719165474177012,7.459781265222174,8.997328695530815,9.699408551831135,9.266603195526136,7.744488024822492,8.288980601609559,8.956483963099654,9.916577934041614,10.94369287442686,11.551382466672194,9.817221239879846,8.419217757412218,7.462301399135784,6.849790176920062,3.9271925577041062,4.053117111788439,3.720957537163683,3.8122273220959664,4.003998925187678,4.044754259,3.495834129987379,3.195030089058481,3.0699662752671286,2.733708461897739,2.4729885699976415,2.2547145475796784,2.255723049724293,2.412460572730614,2.2352604731718735,2.2588931363547893,2.2943345161385307,2.2007339424162486,1.6091172655416905,1.760983356116482,1.8143556159367242,1.9899548040624924,2.120325919756924,1.7987001455749618,1.9562875701987137,2.0280808112000854,1.971588688354897,2.1578953683698083,2.0057249013119374,1.924739224202955,1.9304237139094484,2.015665205067212,2.0603766000172783,1.240123985351847,-0.009575333,0.077993145,2
0.3459282107758797,1.2486900979247995,1.1170729622700521,1.333150861182546,1.4015428948962274,-0.690455622,5.4910733816171735,5.619165968,7.626894720560283,8.036857118381636,8.673493909,6.233094725193685,6.858292382080981,7.383824306340367,8.028315857,8.928020829118358,8.554598061069527,9.651446923657062,10.38930255349194,8.497115986834665,8.053383373424037,7.165471910196881,4.579401694067414,4.809482515131806,5.074079695988389,4.614046719749309,3.3203989614753646,3.4848667789162358,3.6390246490216995,3.675842824382549,2.857151826952973,1.5858383347860636,1.6004026150384425,1.6843546851596263,1.818203632637888,1.4862582149673313,1.4801464014387389,1.4998789201331466,1.095560399079355,1.2240317302429242,1.0550430353115994,1.1859667810852081,1.3354912668821537,1.4935802210090614,1.5789961808389021,1.3495572562155151,1.4180602917570548,1.3930246723301134,1.586199543461644,1.5843135805603066,1.757777179938572,1.4314736993727262,1.6416225902881874,1.8991649183316606,1.8823605478561856,1.1677654728174032,-0.046065491,-0.35773461,2
0.43423633680159085,2.0220922017738587,1.1301666239931134,1.125781929730855,1.7223798469428704,0.19432276900797812,7.876054574762268,4.115741408163094,6.403070547389022,7.246871710330275,8.029508769233287,7.159571620570167,7.705194844868231,7.740575803057247,8.344704647916164,8.306781135138602,9.441468501249492,10.372644853908787,10.917394102375896,9.882888472059578,7.961287643777067,7.237731724924366,4.815585099084338,4.2157345650941656,4.409865311972039,4.3588370365803435,4.461975203355671,3.991653018511497,3.814939813487895,3.871394945536641,3.4821280068545706,3.313743246513079,3.4871693805300277,3.1454410647755617,2.162207608347629,2.234396345872308,2.3910265427553328,1.8810060926830665,1.4482414068997855,1.234333621776146,1.1909670002657111,1.2605450288759261,1.3120434216924746,1.3895553186577527,1.5342828204155174,1.2923465170617412,1.068636254715319,1.2237811019493106,1.3606523719668302,1.1772300233244444,1.105504266186505,0.9815646799432773,0.815930225,1.0423482311686616,1.049109453792326,1.3217950296394714,0.004826045,-0.011920652,2
0.3893698071946446,1.0378548302350186,0.3510937514709806,-0.292672097,1.3927691262394064,0.4731120129795404,3.4782238055022616,5.064115080688486,6.428030990148122,5.949919682097381,6.427031521283477,6.899042649116826,7.047528897037481,7.295681736181505,7.905483019930472,8.740826549,9.107785182929405,9.989424728182753,10.208199445296648,7.985768099855663,8.493534421645252,6.1683336330502305,5.3075513418884475,4.2523572319989915,3.602853414,2.018470442475906,2.0679125673232877,2.1967388575223614,2.3092333218456926,2.1503388236548036,2.0807932231619106,2.191133313690588,2.001221957776674,1.9048360084670795,1.9339836641731545,2.0772216312488534,1.9655340555906125,2.125095017066974,2.1664798094970914,2.051148820543387,1.8974650431214715,0.5944671848898168,0.582211279,0.6361212072581253,0.7556471143454717,0.8815232475000401,1.0166786114618602,1.1589491691739051,1.0327947757685998,1.1547687331595602,1.0535969215348775,1.2115373028291652,1.1443881227334975,1.3885626662469988,1.6552214871153568,1.3369292570977325,-0.034080069,0.6705403899737125,2
0.3577745030994092,1.5481715888255563,0.2725317811326142,-0.380131113,1.6022551058694778,0.130413383,8.379798062504369,5.291255781741894,6.237777114897521,6.3586528212299545,7.1415038972924485,7.764339444035983,8.258948529468647,8.824065246584123,9.480634615,10.501494887910257,10.863402694011427,11.496716998225315,11.733021055854438,8.859731855548317,6.2051805184350695,5.557865539,5.237870922762478,4.808412745178968,4.915489782371306,4.832544802898221,4.268372621185032,3.320112404984107,3.294502283308606,3.0488285867273417,2.821915216239293,2.960262295917062,3.125634200836927,2.268435354192606,1.272178511503428,1.2444384687182009,1.3400584827175097,0.9198363475801274,0.7530384039328375,0.7557319921601099,0.8945329654291299,0.9153525378247704,1.0617560260900234,1.185232639305251,1.1302137948050435,1.2442910629003432,1.384650099556013,1.435799412132006,0.992027037,0.9471692918780251,0.9314872349230946,1.0651694549004835,1.1076364938151544,1.0163267639219666,0.8846676324416853,1.1357845396670834,-0.031632395,-0.098928,2
0.33423098098525456,1.4388777711058345,0.29871910457873635,-0.276505536,1.5232737547459356,0.14374725804054594,6.998617102873446,5.074641317348374,6.891532319054722,6.482719686548418,7.313661622290251,6.786705418107485,7.5200439800508345,7.882996719,8.194336616263104,8.908780354675528,10.574288219607688,11.63547804,12.417850444244426,12.897831456140326,6.268466888206415,6.247602071176023,5.2563173190772625,5.447960129601032,4.858815823970776,4.729249453343936,4.920214713469824,4.012131816750646,3.5032243271832577,3.048044632172451,3.1927462017296753,3.281436393884161,2.928348678015684,3.0335982534888277,2.9067120195296288,2.404583457177809,1.8439266507027001,1.9358393450760882,1.8981631884372836,1.8688750584122145,2.0487144204502004,1.7928763786834023,1.9111305169845119,1.9149209582435305,1.5987159511567777,1.776119923012865,1.9601740067727107,1.3452463742515721,1.4309565788351248,1.5498495978360087,1.605757511112229,1.7068407599857982,1.8257257167377994,2.061060029486862,2.217293583512912,1.1719808434151076,-0.056385786,0.7168035158150792,2
0.3212407735241799,1.132829087672637,0.5082176921477134,0.17422350328774489,1.5121570235461983,-0.093808022,8.328274541676393,5.478676798494358,5.769823430144452,6.740916648498877,7.332666803815035,7.621643486,8.470085252907625,7.620211058387367,8.192092154341273,9.094270518139176,9.453384034147813,10.402396272109648,9.183823512434257,8.026338597405156,7.617575749200083,7.102194452,7.2444723364918415,6.857329249547237,3.344934572993483,3.348010894344785,3.3177528921442154,3.208391928799427,3.114555136409779,3.2694404580019545,3.34156251,3.4074490441941703,3.2503173164878065,3.128136655326782,2.896902092186311,2.9041548183966364,2.585040175415136,2.4746533202650633,2.5491613247639497,2.662668891956089,2.2316483516199805,1.6836348250580138,1.4561969369905468,1.0762968114261215,1.0705628458186496,0.9420217308899685,0.6902813075071708,0.7216084181656438,0.7821281405010796,0.9554724025985528,0.9662645624207244,0.9773169276348769,0.8610113086646216,0.9039754835651215,1.152127153463916,1.0783994634419058,-0.053696044,-0.423556418,2
0.2097877879874424,0.6777979727169829,0.3641874131940417,0.14594676607895568,1.2813772316511745,-0.149239964,7.036871327498923,4.276328173368436,4.584745682203516,5.7012343577737825,5.947466154889224,6.592067675,7.253276638567593,7.6629132227441366,7.463714684,6.405850243070674,7.528451489099279,7.558719403258398,7.450258434508261,7.181877143353756,6.863866695277908,6.478141112875215,3.4093253770426544,3.5471201851194945,3.7759628370130383,3.988233888520042,3.213314827,3.233594239822153,3.418853871208585,3.4310386229668524,3.3243291493539506,2.857030428574119,2.1583339851323586,1.9848505773676877,1.918032861415652,1.540833484332338,1.5055935164601015,1.208356208155524,1.1576887814538597,1.1900277022844086,1.181689165694803,1.3137145561471624,1.2659386861252997,1.185925585,0.9716538597571039,1.0932703994969835,0.9471869511921597,1.0467804079864063,1.2102534995447256,1.309805767027011,1.4037115796021598,1.199800135,1.1381488499242483,1.3287106983815702,1.1323243324017884,0.940934886,-0.126158042,0.8727595864384731,2
0.3134112925451763,1.1940846472770938,0.429655722,0.034091026313275034,1.4210481207644214,-1.303175683,4.597757116158797,4.140084027189612,6.058240753963926,4.652936763873288,5.295243358679985,5.160367780318714,5.652090960880498,5.681486326857419,6.229278647454912,6.985321186420499,7.506523608113936,8.32073154,8.140162011122602,5.909751119795891,4.4156395277779215,4.463939986061964,4.596772051038234,4.098770451,3.9886977971223727,3.3431219046210234,3.3441951656923727,2.872510614363516,2.7176352032921236,2.875584298673803,3.044611529326926,2.9237574033578633,3.071890213982562,3.134126288384334,2.767499898174393,2.9372003405720615,3.108324518345533,2.5883576583143237,2.6862232770876977,1.6641112836515757,1.7985275810785886,1.4867240727056572,1.654106592919914,1.5721457733306197,1.194307419,1.2622783555451111,0.8445840882128465,0.938142214,1.0427000556358923,1.179067387613186,1.0924593970224028,1.296854939092003,1.354727692837657,1.374531361450795,1.475840557588658,1.2506768554440877,-0.08471255,0.6550615874068338,2
0.27551218865181026,1.3268904729155577,1.4182271819004562,2.144138978643749,1.400111261164259,-1.43931676,3.989078858046635,3.410905922719192,5.499157936496064,5.176790146720036,5.484095874967383,4.930670639343319,5.376439392329836,4.890508142,5.373806307410158,5.223334284561232,5.8184696243156555,6.459351288181467,6.909151628137194,7.114252108221567,5.768324395854358,6.0109069538150655,6.211979903098231,5.027769790186216,4.2300164910730915,3.6766944564469775,3.8333855828674386,3.6906271154421084,3.522001799607411,3.177161410692966,3.2398574682884638,2.011261712119143,1.7368215336955652,1.8321705063374958,1.8775437888834157,1.665084873013931,1.7630440672129022,1.7904911252229583,1.9340667826142783,1.5438092712797171,1.6878432489946145,1.3060488475614742,1.380178105350414,1.5161069508586213,1.6187783174984403,1.647979656322715,1.4001447455735265,1.3422667092333052,1.3962316092020766,1.496379425686942,1.3882860590865143,1.5121723261450428,1.6720814251762386,1.9075372795586314,2.131263379070037,1.1683805580461597,-0.10450785,0.8794289355765365,2
0.24516530581843948,0.3229083228142768,0.043392701,-0.601687876,1.1045883424411838,-0.923895809,6.056780700491351,3.5303583261347353,5.451390131171471,5.269834066932575,5.636922585520354,5.976449225970351,6.313712247501986,6.053158955473543,6.500813656304761,6.614173270301077,7.933091612358827,6.687426162993388,7.049277990101351,3.9948196193161314,4.381991857546971,4.195581854207372,3.918932797310445,3.7322066844079194,3.8892643428788674,3.4473916111735736,3.489188104415325,2.6192711918895686,2.780616082401821,2.6951719721327034,2.7119989277278886,2.781638865698786,2.534246034741701,2.437684476820167,2.375645271571512,1.9486674017808883,2.0128280467323982,2.144798075766148,2.281416430140421,2.4348468983716343,2.59466052,1.811016302355879,1.991292247061566,2.1258275154651303,2.3226788270130454,1.4167250020810338,1.195003382471398,1.3464712172193647,1.3198483521775017,1.0968954099546484,1.2759717539130078,1.2323958660785832,1.2759463359993521,1.5134704977482634,1.685776055711496,1.1533198137277894,-0.12745389,1.0351823363690786,2
0.21145621804008413,0.6012770789389905,-0.035169269,-0.692078044,1.2034664326761566,-0.740473701,6.040723665973422,3.536432110415405,5.127709781294211,5.441774638372158,6.080861360643498,5.713713905476038,5.766281060624466,6.242974710942127,6.682705549094488,7.043745825498224,5.884608658068391,6.298422207414582,6.634192453011267,6.756619599893351,4.960352315434079,4.726970500466537,4.619344742226956,4.115540740859244,4.088626760271689,3.169035634866498,2.7754900973533045,2.817336514299068,2.9025790702542666,2.9606363376926828,2.523133141227894,2.5198419609425264,1.3081585858523208,1.4005338679533879,1.4223770169981282,1.4778138081298307,1.5942077153115506,1.6012821944587938,1.5421929649271955,1.6258990876230464,1.4777643154370093,1.2502791274509095,1.3699700034924862,1.4339527329070456,1.3341838020017665,1.2356168117000639,1.1651317886192862,1.1524971902548171,1.3210617407307073,1.4012894871407178,1.335548202037867,1.4945267772401762,1.6438487140313311,1.5211195205838224,1.7840008617624292,1.0917045253266602,-0.146727646,1.8610089309690174,2
0.3084821872316202,0.8457281870820025,0.38382790577863324,-0.047150305,1.295607870970151,-0.370393997,9.680008917,3.424687143405924,4.811823949612029,6.122267849086582,6.331314639581642,6.571741794761812,7.269706007851304,6.899969041080981,6.0835627466518645,6.032156848769013,6.683982693310514,7.540565918729822,8.062062299824651,8.118240682648587,8.499964423588061,8.279131287554241,8.626422294810038,6.862992438799314,5.090307401764426,4.900708920205286,4.938820732772943,4.843701507850624,4.713144738389867,3.2875077539316213,3.412956982835036,3.252937710948683,3.292528974935606,3.1561426277609703,3.1198139578181916,3.147166144534692,3.044274030748859,3.220747589369286,3.313821190652013,3.1472000099437896,3.3250910705032886,3.1533154044118983,1.7306997178556234,1.4990317805804383,1.2697078687206944,1.4257261352663015,1.5903082568077747,1.6080702474706152,1.6853242442764675,1.8362597258317366,1.9342194788517972,1.924935464561803,1.8724232581186115,1.9994770628141227,2.033751139930069,1.3673794505341879,-0.10581772,2.4643413080442027,2
0.23047053011098573,0.28128931132014867,0.429655722,0.23174040648777594,1.174403708219255,-0.21516832,7.426750387733469,2.903371336,4.813176666732665,5.451899421166784,6.043728893903941,6.559678589134395,7.2966231514029065,7.142649055669872,7.170091582428747,7.283334872317284,7.090763117202709,7.670035884875131,7.88943518,8.051448379015453,5.157543322926161,4.969582762435301,4.648168068624687,4.573296357991815,4.555051228684597,4.170937889570963,3.8329508571908706,3.761978422598264,3.064272975578212,3.202042476703718,3.328665137926356,3.359497332821904,3.3474120946216437,2.469133558866393,2.478538869728507,2.5602598974246513,2.5532219035134815,2.474395647343527,2.629096804572619,2.7243316889013793,2.8356327079555568,3.063074599693329,3.225226755335788,2.7438292889866935,2.0198451986633463,1.7485358105839521,1.795319711646406,1.8056145321925876,1.6885766707633307,1.8475283076364017,2.0185028777205636,2.1580449410331672,2.1651250038412844,2.291221930245307,2.1894392897217263,1.2156031867775947,-0.149280563,2.6784091875008382,2
0.3132640038504004,0.2427806394821775,0.2725317811326142,-0.282871489,1.146224694695113,-0.019249249,8.811787804225043,3.3518468360188898,5.139925723565278,5.839037773676959,6.046355331620215,6.682683378785361,7.167268758413415,6.961234144877945,6.367411900872111,6.999286001512165,6.616293005732443,7.479212319831648,7.485537434717481,7.855003596912862,8.326532114863102,7.134319304629528,6.523273117,6.832937665,4.587382619867765,4.715459945426838,4.478808598167892,4.638390514017627,4.7628487414806076,4.7051687021366275,4.792129740086945,3.853760836851547,3.934294150577714,3.773399125731475,3.5271957644653855,3.6677133443388064,3.435264985158667,3.033490865014666,2.883742112554904,2.8287263621641507,2.6490496552559377,2.806434773176395,2.889336600579981,2.7634673298603167,2.171266608629587,2.3590449454667013,2.5146180623549164,2.4040257510772562,1.6859284610990735,1.8345225908435083,2.0074549893333122,2.1685284571445647,2.3332498488590137,2.5700827781846938,2.625112186617101,1.352571301047635,-0.09964936,2.748533766867826,2
0.25392415771659194,0.40053561005410987,0.043392701,-0.620561147,1.2807224463199844,-0.307269755,8.756885621086072,2.966542631018565,4.513491195,5.5845464258487505,5.741937964989313,6.160435882231631,6.807140383738861,7.414842514271933,7.433479112056744,7.845078195436029,8.970421732317474,7.512069472,7.318770388771111,7.842193919562997,5.585406549531559,5.265638361815418,4.458635724934857,3.3871736294441694,3.5387699565382853,3.235551405696974,3.0471129333177593,2.9265762117172907,3.041937302333672,2.882140114616415,2.8886584076059845,3.0463780235846682,3.199078605791873,2.743411855,2.8248084007759915,2.856503489891164,3.008456964,2.8960752754330708,3.0383460837601595,3.1814250344327655,3.110598027997735,2.914115788149657,2.9937480862417916,2.9791229755163693,2.844024816723379,2.904597480004896,2.8824804934486274,2.528613116972384,2.6926743053609563,2.2619443847379004,2.0091663788046366,2.1502637440742185,1.9904083236664856,1.987616325524004,2.017967933172708,1.2922551484162224,-0.140760948,3.186846789042306,2
0.2516633559241731,1.0027268627893828,0.1546888256250646,-0.386370758,1.5094457308737275,0.21449027014960165,6.782978325848009,3.2436789922042877,4.7956831983184225,5.489841089575347,5.800985773206023,6.494833014456551,6.5501411490593355,6.470622734450426,5.878361946239847,6.287336466142955,7.319728441067552,8.262646887036798,8.531647960635969,7.916586687744483,6.127589633,4.557791210788811,4.344869313835791,4.425759895,4.612688837371115,4.517747115999289,3.912559007019795,3.990223642968314,3.659593845788479,3.072296618334237,2.784053151225065,2.911424293963653,2.7442935451344646,2.6718635288166737,2.8045433154807857,2.7882300824014505,2.799232942470946,2.4029922193159634,2.5732136592201313,1.6507939555473339,1.3897639409949325,1.4931019030193224,1.601261347838169,1.6330597175405057,1.760155000344708,1.6853066070774099,1.7175071013109007,1.7473120149961334,1.8392388830697375,1.8137942651144354,1.9084779634862956,1.1707088953086657,1.338172459375168,1.5182247309553707,1.7796687184440434,1.273040339076822,-0.139799427,3.4514776607108435,2
0.29401034389235636,0.8123729606038462,0.46238987611699967,0.14588668968524632,1.3361045805032272,-0.451575458,7.439575160979775,2.8527171489884053,4.350385082892056,5.312935531766863,6.019507851433145,6.627622901426544,7.297002958,7.824150052639289,8.043193268127888,7.041940047826563,7.803314346751677,7.3916614541205865,7.413972889226628,4.4775433543646175,3.8208046731254544,3.5391904494116218,3.7521927820921004,3.8012043897338073,3.828498988566951,3.645276954471984,3.3882985296121344,3.4854688850041295,3.155715502396953,3.169612478534361,3.040193057772033,3.1873932598124775,3.2940944324006343,2.0851814102143624,2.1946808623947076,2.180241139496602,2.186520418383717,2.283058433293101,2.3016812298822216,2.3518520837717167,2.391958289005375,2.3466653413341403,2.2884192053300136,2.0905079913390456,2.2070801156144255,2.339669362582507,2.3803489715749486,2.097496130693599,1.8108263915891676,1.810944693724503,1.853923897167948,1.8355487700278283,2.016504279,2.257046889622317,2.2534447501152917,1.4323564758813734,-0.128075018,4.239199506771751,2
0.31294648682538984,0.6530898669974805,0.8617465586703614,0.9078451615837874,1.2522613817741144,-1.38985807,5.2259559737562835,3.4560898344657627,4.2672908779027185,5.097436873718986,5.730287937447745,6.312829108209658,6.753017642460357,7.008329624947032,7.474826754421494,7.890442456367208,8.625576093370999,7.972346379379647,7.585137766090159,5.959334619292931,6.290325668209442,4.898686938595881,4.563270751570433,4.084623131083326,4.097136801964798,3.0388411007380007,3.0761970184186005,3.0170055835670397,3.1974382046565557,3.327358408789259,3.4225613332853357,3.212178740723024,3.2870777316267707,3.389323625410083,3.5624256265025864,3.635679888712265,3.810785177623279,3.4780015142884886,2.7395936815247137,1.9999204306849545,2.0450568401681153,2.1494588177205287,1.4628785576841508,1.1652187524015722,1.2955998472753687,1.0996087989081338,0.9978630347030646,1.1217376581822662,1.2040998562546814,1.2586239527570429,1.2436117046451558,1.4507614027689444,1.5681301444113742,1.776733517303054,2.021179426089888,1.4317828502272045,-0.111986496,2.7561624273927334,2
0.3277268878038625,0.8734212907347838,0.3510937514709806,-0.156867281,1.4066197827028233,-0.178230766,6.989364672473191,3.235474306775437,4.889390694976682,6.135188023750478,6.865224116462913,7.651112223455256,7.899933708622956,8.485984252353825,9.227559248178814,9.708300729745769,9.471708890237245,8.981759435622084,6.540581317885028,5.112600813219502,5.259406515437179,4.541829441,4.341126312949895,4.228202239092301,4.105751803134168,4.032403935734122,3.7592483647999826,3.834870333923673,3.8411146825036995,2.6427416133113883,2.2950485441956334,2.401486481363328,2.5206628291630673,2.4726765227648118,2.4234194227717385,2.3735749724437865,2.363665994739594,2.541334743389709,2.617911037383397,2.401372447591453,2.4612349386619385,2.330781894110177,2.533133578610727,2.666917398339082,2.445847178376107,2.6033824458205213,2.0183252152266364,1.9709016582261258,1.9125832017270352,1.469711774171483,1.672939861001932,1.669931051577677,1.619952797132451,1.8499118534293566,1.9661458371541514,1.4492720693467358,-0.101964589,4.686982591260041,2
0.37257796397355303,0.9958589879443319,0.5409518464553661,0.1199821609388756,1.4082149521985339,-0.037588989,9.271418252819897,3.380421612251465,5.411661566039879,6.817252384047377,7.4867455973550845,7.860980527269803,8.535157716,8.875965582302259,8.716236654101985,9.228150252914066,10.795400225854863,10.589309458530417,10.304441777722111,8.177938428600505,6.073349967198154,4.221605305145562,4.371634724171145,4.4713719490765484,4.6944326512129795,3.9797222379643236,4.081239685237125,3.942886320557892,3.700448550118755,3.330341959931898,3.3205434517660057,3.0459991281191603,3.0346375777083665,3.188235257267892,3.2351870656728265,3.1859055081343715,3.169231291098338,2.8465319369854067,2.138600387407335,2.229779005906376,2.0651984668563466,2.0517102654965087,1.8480599575460734,1.683948558109616,1.7811031702444164,1.9520139563707766,2.0689090480509083,2.128991585432616,2.2134688744197493,2.438095076169336,2.3023483078539644,2.2690158916946666,2.238695013973196,2.508551518978494,2.6537356989320138,1.4749343291307209,-0.067951081,4.4982484406573064,2
0.39426683309662186,1.5708736410677873,0.38382790577863324,-0.23881808,1.631337740889726,-1.022655041,6.428835285362103,3.894395140479682,4.163788728,5.090427663899663,5.812828956803747,6.248503605033227,6.6783041255658135,6.452489019140835,6.756895748667682,6.861467188963754,7.200755142885235,7.152969795813535,6.0759883733340585,5.416023614146969,5.464279229142424,5.539237244539687,3.661332555431417,3.3035466477271567,3.5202993593273058,3.598880699788087,3.6921298246412735,3.3538441703283417,3.529062944665193,3.525705080041143,2.9333827134751767,3.088100004879335,2.9764896473282434,3.1049155935895807,2.5764219828804373,2.5167802379393502,2.608941821289291,2.649371073015421,2.8133502035304345,2.6910812882444115,2.505641323071224,2.0649723954767545,2.0675678582916612,1.8445649011089529,1.6149894489735848,1.8045954284091923,1.833231176622604,1.7937701491699707,1.7726722234252403,1.9741172382228105,1.639484708544111,1.7828278281557655,1.9788785376252274,2.17475297,2.3607364644090425,1.6042766034501683,-0.068773821,4.394117211800691,2
0.35565675082928977,1.364172939105919,0.527858185,0.1330739738196414,1.4492026972069818,0.34931083689545056,6.2489557891902825,3.836403310522224,4.431469930852942,5.608914541269995,6.3174524461544515,7.048171385517627,7.678195964084089,8.402415078277913,8.703195485962016,8.443997046118518,8.896360187633846,7.012952455309485,7.402847833087418,5.512372771377765,5.271493439366549,4.629582982292835,4.382555670635314,3.849085563439614,3.5282089348237258,3.687315003,3.202827505,3.218974643512893,3.269716100327079,3.328639040948758,3.3439335750196606,3.4492317358950153,2.940297250322696,3.1028208813127014,3.1408980316604995,2.7507119098865465,2.5058407192152696,2.6625807238877037,2.7378490077717736,2.789630707757584,2.7316476886778096,2.198897050967878,1.9582735656992964,1.9634651052401204,1.7308289974116224,1.7424162944952695,1.8507887780815464,2.0475023370907204,2.217365550898007,2.3711370186514107,2.508128074800689,2.424720729581521,2.640547480097992,2.8708827442406397,3.1600913093877034,1.5227320702060312,-0.089309569,5.057298559629556,2
0.3843139776825825,0.9972544886432091,0.46238987611699967,-0.062028319,1.3779571351723192,0.6486744225138894,5.447383213082372,4.084853855569659,5.235708001739279,5.097790754535964,5.476855926492475,5.699297499768012,6.375465605,6.4554764479177535,6.248422981584764,5.621213935394969,6.7344428307096695,6.202514431004935,6.443427389363657,5.392842552,5.356584844519301,5.533527535073797,5.4613463810155904,4.701979071096521,4.812425750385029,4.983114549415853,4.546727269193945,4.435699837005067,4.466044105780643,3.900175765681759,3.8680971292920345,3.131644099598504,3.1057174637759646,3.2140198305444088,3.0089553558921147,3.119175013516074,3.245902057386667,3.1727203941474085,3.215103271498085,2.9738439893736612,2.1291460899490917,2.293257713,2.2876518156144123,2.4173038835923233,2.5607055335883513,2.570778427950152,2.5559832718076687,2.4460045961627155,2.185323554066152,2.222021986410199,2.1897355134223235,2.3298268015882635,2.4540550631135387,2.604350924,2.270235949975514,1.6013947990582038,-0.076963327,5.563531696658459,2
0.32123235530933236,1.3830471368261075,1.0188704993470943,1.202828946119922,1.7030129245576815,0.2741492166036582,6.620811125026927,5.592560087493701,7.019056023,6.766113605856562,6.841185223741683,7.532922170484357,7.444006568835306,7.029584537471558,7.611739617439253,7.935987572,7.240367376933116,6.0021848928920045,6.210373901961253,6.252156735,4.9491219895502265,4.520904466354338,4.725895624841329,4.441120655167638,4.563331503795401,4.274900234827879,3.8445260591011374,3.831121701437624,3.491489976918783,2.9317304744013946,3.0414927780182297,3.172163131772575,3.287369842578768,3.2990796484593528,3.4046420045152495,3.3554763416328854,3.519544428655905,3.6289696635113136,3.553778887492564,2.1239759461135623,2.265539643719968,2.265374989181302,2.266453921149141,2.325080698022919,2.137466914837275,2.287776204865431,2.380558427896471,1.638933320306869,1.7622749357062142,1.9493913295923841,2.0192772248428543,2.218921470633703,2.402975711315037,2.2675641901576062,2.4068390842753717,1.418324603,-0.102811027,5.175588078368744,2
0.41510979188774233,1.3199243747156553,0.7177162797166897,0.3689228766932127,1.5694587684785155,0.5767619659249982,7.631464214192851,4.534289117923863,7.116708191272353,7.128584092,7.013516913126589,6.565899241331596,7.102287603972664,7.038693763826426,7.414718375658735,6.442332594556167,7.638249807489069,8.058337410944203,7.360876772167921,7.801998030803174,6.325189866312119,6.087795116276216,6.3671968916591375,5.711423957286756,5.229126676565693,4.810492541470911,4.966682508449785,4.618809253115335,4.839260057373224,4.767993687763603,4.843788548191753,4.797159979691233,4.953781277,4.103510347541858,3.921884323750557,3.976983379927212,3.837716622741523,4.014767199125474,4.176492447414097,4.108526086,1.929275374655737,2.0656887111043076,2.171619620840525,2.0378762219928905,2.004021195234319,1.734838311660612,1.678583866483839,1.7586024050974656,1.725512134732168,1.6839319015207546,1.7200766385303994,1.6144958351879573,1.804135822,2.0583033964647512,2.1916460619170985,1.486047691528301,-0.033874026,5.297686808448286,2
0.40415216240156376,0.9458583733440257,0.3641874131940417,-0.298770053,1.4603111399848052,0.24759778494951942,8.389793051123046,4.120339803762061,6.5240188269339905,6.092203323082922,6.362933964,6.976813634736622,7.152724366058568,7.664099019,8.380752956,7.275008909480707,7.825796239,6.964269011925262,7.074364350880295,6.091412067222929,5.201597390499637,5.556397107776394,5.874165311493483,5.9573287720389505,6.2630033860824215,5.4784051097410496,3.7815114171277195,3.5951114359686085,3.772552312002203,3.752458809703413,3.739563964848583,3.5731982296478053,3.4199925755095295,3.2919618366550862,3.1598911278647623,2.7380279370804836,2.639568743367494,2.1280978171240235,2.2609547325059567,2.272792413713947,2.406454683578991,2.403088592566611,2.453299989769791,2.5732733022673524,2.749919012858922,2.824166568322533,2.6149151985391526,2.8295523149214588,2.9673396373833874,1.9846618444378288,1.7929660887625887,1.8367097442730544,1.9364495526166707,1.9897671057416184,2.259897880800942,1.5526154495432356,-0.052823375,5.011092968780529,2
0.41785951157247453,1.6429890883803326,0.38382790577863324,-0.289725979,1.7647561625908363,0.12490821952125175,7.825820937588719,5.799211696341502,8.254106012706192,7.5375846279859156,6.146018038977547,5.995411288671534,6.690053931872138,6.4559786,6.782956531850329,7.240657942045325,8.380066254608828,9.379868916085677,6.330122913621805,6.759080227541016,5.441828339,5.4762436042875535,5.782917980049832,4.896627698693977,4.249816800806064,4.264301498323993,4.374581962,3.5425211133350665,3.6391607006319737,3.782657860580237,3.8464182119604775,3.8297284791025628,3.9965703526110636,4.169705396267314,4.374363069964823,3.5833852645685043,3.4523533110612954,2.923110787769695,2.8513089723413354,2.8069967581915654,2.352578633,2.5526136815425695,1.9708999604151674,2.1293921491412746,2.1712331623962617,2.2188290001372115,2.4029491876709983,2.254988685922339,1.9351414300196899,1.9218637407779253,1.9500654186633772,2.064129735366541,2.2033060510511238,2.3913973818008234,2.127614417725649,1.4702098610671128,-0.029473383,4.874987683258965,2
0.4215993937135754,1.2487639293962078,0.331453259,-0.39991191,1.5877414062375421,0.10978154299393213,6.4433475926231445,7.0706961265054185,8.892709558798202,9.482692497692238,6.396758314296775,6.334932076756007,6.90977098,6.607085418341952,6.517561441578445,7.113967145387404,5.703803584,6.597438021248751,6.755274758732822,5.305257867,5.597545442365656,5.675957679224855,4.877685616334392,4.9969538570877114,4.172578033967156,3.4067861983432786,3.375475760535761,3.241695002663644,3.3431059039695827,3.479050027895962,3.4868330901027145,3.4672671884763973,3.5617929133178055,3.153949806,3.3318363780327074,3.485459473209486,3.5440524442187495,2.9428068578196878,3.046821321854175,3.2232950776659397,3.0939226493590017,2.6865581162907364,2.863154872717317,2.8465467568063247,2.5211306925612083,1.6628311283506998,1.6236044346940022,1.7760682376770025,1.9262537597174416,2.066978966673427,1.9498435817113058,2.1475628303953878,2.3283709889933766,2.373070454,2.379461888443321,1.5140679171441838,-0.032389077,4.552825485704306,2
0.4086264135278853,1.5594256116853482,0.6522479711013844,0.25593869065411734,1.716636337571575,0.35331564249939185,8.536019169,4.990574577894632,7.6375605625259215,7.803316751,7.355525524501908,7.572080125674292,8.121610933338827,8.576654165490988,9.328167976799731,8.487567657036497,9.823773128,9.770826549720848,7.5377888440092935,7.161896543934092,5.698800149744244,5.508251522475879,5.692575001053113,5.4558549041510105,4.481978047069561,4.664091503,4.871306971775417,3.799698329851376,4.000570122031519,4.176350723649265,4.2962688985371145,4.415723461350494,4.145515284077291,4.072203932745299,4.019808673770061,4.064426329619013,4.035554895440372,4.133212671008837,3.144041347755392,3.0782161130284096,2.728779273615582,2.747104221112539,2.4541357100641683,2.531448807310345,2.089437263558783,1.8087104158597307,1.3650241311165743,1.4871809764034951,1.670205708754032,1.7886176562352583,1.8824305525484446,2.1014951840643543,2.224086054468051,2.0900679826543733,2.1174553701171215,1.4201478796997238,-0.030111111,5.391791211126594,2
0.4981006126352216,1.4615628752003083,1.1039793005469911,0.9148401967087998,1.6877444280090976,-0.109857841,8.882513653546468,6.457738818749589,9.359928733,7.848283403799095,7.762325460326468,8.459288350415374,8.827123209287963,9.613867204942704,9.819373552538165,9.061974826372591,8.911253492053415,7.934257090483196,7.181040767816548,7.231064653066182,6.926881390605468,5.988134956928445,6.322693237,4.916132119667265,5.0686325115895166,5.220370288337113,4.562368615941894,3.9480303176386102,3.939858310218095,4.0739498354503985,4.219562596791603,3.9315264664756935,4.0804580463979665,3.2338302395967555,3.1467832620671454,3.2553131676573925,3.3426141287013786,3.029235873,3.182770447770112,2.0434113124098996,2.120072444914185,2.231067821794957,1.9968495331202885,2.095729421599492,2.243547923461218,2.2660648614489425,2.246846204848503,2.402177646,2.4541810953766685,2.521621390772467,2.670141320122471,2.126004363382835,2.3144017393581557,2.404183882502024,2.4289933367231336,1.6670102013699615,0.009083832,5.076867874523807,2
0.45337316396357485,1.1289133098486128,0.39692156750169433,-0.33965947,1.6646464312102125,0.6344345854431713,6.071297125729027,4.085173592892093,6.251301631197155,6.816502798211637,7.429990726515973,7.6517037832071315,7.509870843376701,7.239809092685301,5.884731139246681,6.287981405309036,5.927309338633777,6.751794082,5.805814782356607,5.338753106002956,5.463452575,5.734130164,4.208049729586658,4.130984559218573,4.387254141,4.194482845612683,2.7142300498252068,2.7215240209066067,2.38894814,2.402464355229684,2.281029246548681,2.273944429653373,2.3567456312076938,2.3506254707667544,2.409066064764044,2.428060150571763,2.2158083433393125,2.132386391709794,2.2802695281424663,2.2867465669090263,2.3762958451576077,1.811665663192129,1.8884263699769943,1.846775104904284,1.89687583,2.011499085834928,1.8245545216298589,1.6922741087428892,1.7677421977746153,1.2736388767533378,1.461045602915474,1.5777941368753037,1.6929665635703501,1.6174669948392117,1.874477524385154,1.4751262379058412,-0.000604825,5.013636438492986,2
0.4924783875891969,1.6399872055510771,0.5082176921477134,-0.208472615,1.796619914885869,-0.052015075,8.651374089,6.157557586335765,7.893468356768982,6.516130394121948,7.135837083,7.112807674879242,7.4186965239991265,8.008682395821765,8.075091322650275,7.3891151745600325,7.476837707,6.878649341863989,6.4303496105828915,6.311375065,6.239528583020477,5.747408515039526,2.7450677011671667,2.414697254612491,2.5864134089770134,2.7931321932001203,2.845958288496256,3.0382894283150117,3.1161279614618094,2.860368721913372,2.927391107065446,2.800267379829221,2.6452848120654155,2.533473605963467,2.358439414469699,2.3256819898148278,2.2728495638707815,2.352551980452566,2.524717552898779,2.358797278,2.3800554047892053,2.098643962653965,1.6431680379950138,1.6127999984679329,1.7479576199114064,1.9164768411414588,2.096243949680703,2.079895992519988,2.2925012159919196,2.430611030483846,2.215711567873384,2.346455782032562,2.189834349,2.202097810478223,2.451473126967828,1.6848162341451907,0.001601251,5.326711266043116,2
0.5368558489785646,1.5394695189160748,0.7504504340243424,0.15496866516992272,1.7717155926322607,-1.149226007,5.418269939615962,5.988541620552677,8.550664798,6.088556789242467,6.571661613342939,6.492843569319578,7.254958445702929,6.552159401488281,7.121515213772963,7.90308295,6.799116790152869,7.747123052696888,7.695439315271792,7.788786751008409,6.578668502246549,4.325464089551147,4.171917340859844,4.350281801861831,4.011231594459722,4.0503003355580285,4.1349516143268135,4.32576208,4.130928144670834,4.298557264013173,4.325434518,3.759961495110374,3.2990250698137613,3.3697651757236726,3.322325791847998,3.371488377,3.4771849206103167,3.1825590144635805,2.9412556152631866,2.864089339565641,1.582969169004593,1.7463982359007617,1.8790354021953026,2.0670985117775125,2.1126906099417835,1.7260177073102967,1.7354355733196578,1.5246513292162391,1.6347924422780056,1.8305396920278363,1.9938243163973073,1.8445419935142733,2.0607569756567226,2.2725725742619822,2.334107736690245,1.6844067812854722,0.038789656364453834,5.196725701,2
0.5262012752268915,1.1594362648076764,1.0057768376240332,0.6608495286187057,1.5673204779630778,0.2751158730596868,5.173850959212258,6.992614054,9.862563612273124,7.593233074075364,6.955855057881482,7.009545215784216,7.224518295365763,5.653522238204667,5.932808783829336,6.258931239730092,7.341852470764777,8.292858079682604,6.677678466689658,7.143335287487897,6.468929993033959,4.050495435954157,4.044238265810945,4.0204410554766605,3.8727810305761734,3.9843224796089522,4.038654343646646,3.8364889621381617,3.624113307918964,3.8155746358825584,3.6128679515799726,2.9565462074709155,3.069197196377252,3.1842169490103758,3.3116023650904323,2.843905972425227,2.9908082874991586,2.976884050347701,2.7725810991376143,2.9277464650877363,2.782067948692134,2.7899344755844004,2.2427873982875495,2.4335412685386597,2.5258355713112195,2.685744139,2.618702767,2.7099580680826008,2.916940199843469,2.754138458555817,2.548355405,2.3388944753989085,2.4884648547356223,2.5906714679457763,2.8399232570389072,1.7706813630203078,0.017775918522223422,4.997355050986511,2
0.4874558701558879,1.0832890292501645,0.20706347251730886,-0.773528013,1.627116303861472,-0.206021259,9.382725507260018,4.567225487874442,6.530829112206093,7.842507838672108,7.855273654736104,7.472013147209291,7.618617598148434,7.230301951360271,7.359272413276828,6.013500102997854,6.914654323894793,6.380005309966372,6.112398744481446,6.241859016641035,6.432947742542657,4.566230241,4.761720258004003,4.872585416926652,3.460907337741143,3.386881663,3.5907814064558283,3.417669445231656,3.555019337,3.6420503779189954,3.5109000490233555,3.687030856249795,3.5224312810794083,3.6097340984937465,3.1074353337438536,2.6274603982280778,2.591009805214063,2.4390429265022453,2.5792322091083366,2.307216330504523,1.675288522262813,1.494481741352236,1.2768874140914581,1.438124350332136,1.4384159188074015,1.6076804438171433,1.7076546152054148,1.8677901534895016,1.847605782175676,1.7228909702611772,1.8030985488799551,1.8997891283636947,2.058731871785215,2.0559126418673084,2.3242233743620653,1.6116606248934842,0.008252705,4.8010762296663145,2
0.5221629072393453,0.9337463101394464,0.1546888256250646,-0.93949377,1.504697229731672,0.3189739528119198,5.3508683900393414,8.072616506544227,11.32040028293737,8.62251754,5.761317481175119,6.270948034869142,6.9524909244910065,6.1299650564920976,6.523139441650685,6.670929658281219,7.2512895391816645,8.214493910443244,7.098225640290909,5.569888401297655,3.8998935878574126,3.883345788304882,4.193025007929468,3.8257350649830815,4.043907069502684,3.5328313870419357,3.4862996149620535,3.49906221,3.586725746116589,3.1724332256019343,3.2849016530001642,3.315920835696822,3.3856579772233215,3.471478668552989,3.5084349644801947,3.0856459089905828,2.9754023515060997,3.063176624303522,3.043832639957477,2.3445959939066805,2.5108510037556844,2.216597555455937,2.267035199226824,2.3836302900125044,2.2599203360330784,2.077944465404335,1.9020271917680123,2.0450761484803235,2.1102921452121173,2.147312551221934,2.207831780434765,2.0207330192771553,2.2329500528387425,2.423284714538218,2.373098532135973,1.6375524536211246,0.033055890189554425,5.219971332945976,2
0.5372182230626906,1.1258580857953344,0.20706347251730886,-0.869006655,1.782745494201691,-0.51613725,8.563637236219217,7.349220280776766,9.739489820018461,6.861864310210196,7.119033209031353,6.758165706510802,6.6855190161831555,7.317433165098073,7.778331356377401,7.128838909061295,7.226139688654263,7.711504377938118,6.898000833915197,6.453349167880654,6.209363398782686,6.532945392712312,3.3306775667786894,3.504538478,3.734062630774171,3.895809460041428,4.047439504632009,4.152164048832476,3.6424784155976213,3.1314455403827615,3.2823127591016554,3.179071575,3.1642219622204832,3.263130348238426,2.977298979441663,2.893670436914986,2.940241299680279,2.789699959451889,2.465948244269097,2.4305928135402644,2.537262337,2.4723445165785463,2.5664460172181367,2.584441919303324,1.5197544933902858,1.6602605563757635,1.8329826687242854,1.7431006147841714,1.8189594646477212,1.4824812701952184,1.1503936973162479,1.3602794465109782,1.5802079024812052,1.8159262442193014,1.8410306791314957,1.6230030466933845,0.04741708,5.111448350951667,2
0.48352498473291095,1.4799044995986028,1.038510991931686,0.8255110108707349,1.8012532344894512,0.3279383353296624,6.045963687631228,7.434848176809047,9.735064891184642,6.940561877559716,6.058526142443432,6.739042348569981,6.555903596667635,7.238249770020036,7.606697425575544,7.511579349509556,7.915738561317214,8.432817887523614,7.915681666211779,6.34845923,4.996245683819347,4.453188833,4.1281822553521215,3.474429644661229,3.379121582068087,3.5826445820718806,3.695182156814308,3.6045370700135972,2.8012047317174646,2.9735790226671845,2.8573697931030564,2.599664035818873,2.642365975529179,2.771453146730518,2.6438077309176045,2.6208789008115234,2.684473287970155,2.8558608080828707,2.028402222402478,1.8408022637355081,1.9919056079575042,2.1465143132051274,2.1919339540380833,2.0479784741498945,2.239641361678853,2.4292591715069864,1.6537893456941666,1.8040344651931177,1.8191855162578743,1.9356330852933927,1.976132185,2.1597409278159256,2.057073948174898,2.2843288932161645,2.460843136537198,1.5706629447797769,0.010743517242238536,5.2383055915415735,2
0.49429230243343303,0.8795541266420989,0.429655722,-0.362182915,1.6574980802014034,-0.969665444,7.197210716,9.288151742,9.833843491,9.033021335615803,7.0516453673715676,6.473743107292729,6.821031664,6.3740443975419865,6.502547332386199,5.674561489882695,6.654296833487756,7.646072379630346,7.881006519399036,5.970984605314909,5.906350314774817,4.936609259444021,4.5662597612745905,4.371323306435435,4.572340581599174,4.279881910321352,4.050434351196374,3.817750956816444,2.7052075909659616,2.8112975050957623,2.971177676056638,2.815893199953849,2.850533561,2.9997929571051194,3.126508253209462,2.796545574792335,2.8089945190178454,2.6782535541149723,2.400643880696933,2.5620130577936604,2.3066003086033526,2.0948946456289805,1.6820827400105076,1.8253486224410944,1.5269699298004717,1.6209619408508313,1.3684868230365215,1.282291149,0.9819036869644678,1.1251727118963037,1.2150763856972415,1.4053538605471765,1.5110590683543839,1.5721176365362137,1.803286983830276,1.5661448876390498,0.020666247,4.2198128936815875,2
0.5143694141288141,0.8471997863292123,0.18742297993271728,-0.862764454,1.620415191,0.5751532294657822,4.740121852731603,7.848338365266259,11.714835512605555,8.703971163014996,5.792401177780717,6.511493109319524,6.830089686162982,6.731029665476599,6.537450535629351,6.106151168898494,6.598249208,7.696104342086008,8.136301998733916,7.1714254791907965,7.575228987334964,7.277445409,5.174033127618154,4.677410821176397,3.5675290540886113,3.6823395743716474,3.8780367331682064,3.7840109205088437,3.744894492987444,3.5086196984075935,3.427216524235314,3.092290833657119,3.240821796785734,3.1875175857562352,2.8712269786749443,2.9532867711893895,2.4382061101400847,2.4059901444336456,2.4594310776111548,2.5636859873442224,2.5574748650865717,2.4802185782924306,2.3477526432157374,2.479022693037057,2.6926084729262216,1.6590677496852189,1.7595649955959491,0.9789621721882794,1.0480475291754172,1.2040180596847714,1.2078084372702174,1.4126888726691447,1.631940617110166,1.8450325032502943,1.7282999445652516,1.4627609917853757,0.050799706443716564,4.7244188621577505,2
0.5375176709908327,0.8627293331711496,0.38382790577863324,-0.536761358,1.5735153240213926,-0.17736299,8.916286396852307,7.727217808313738,11.51840799590743,7.496686635085443,7.527708425269911,7.957351808104826,7.507680353213325,7.672313024768991,8.347031114223485,7.077004065734789,7.664120764744958,8.318363897565437,6.698993275834806,6.152767786661332,5.605254593338152,5.356122228368398,4.864317163539744,3.7060604055886466,3.9324144406005352,4.117179130443977,4.329611794175888,3.228463208404746,3.431916883097182,3.5011378026643043,3.4470657435430607,3.3062775572413483,3.284905324923738,3.4615197604728327,3.048774552599914,2.9230034584340734,3.089383172165393,3.077981787,3.0602273352812586,3.223014141,2.686394559452534,2.726993110627899,2.1969806436400163,2.2740455356899063,1.9577505661807946,1.882884439496942,2.041708495122606,1.9244190058060506,2.0365798116476173,1.9820608821858072,1.8130046029324856,1.5702264083763458,1.7710260055337343,1.828303246088107,2.050137514432709,1.5759670406413093,0.054451959,4.409284056254719,2
0.5329255047265423,1.1341872098991104,0.8748402203934226,0.39814774132194664,1.6149740104343746,0.28466421586827106,5.022510356002036,8.218836182549632,10.615047205271367,9.336170512949932,6.3821915507658735,6.601047681331527,5.980515840188521,5.819900700655979,6.266793475437463,6.590447388872466,7.739640367263005,8.928757292425445,7.367458915,7.226219839698837,6.719068427667448,6.2652299713807995,4.262463153650804,4.421582645918661,3.9039397791223567,4.012335927651034,3.6161529461494855,3.0592679717825475,2.8766716714606955,2.8594235084574082,2.986076719962988,2.9796861881614194,3.1071053831880358,3.1078966485346906,2.925358306999045,2.7344068739910705,2.555756122396867,2.7083617102128024,2.6040314590392515,2.3604793588045343,1.9110568445001823,2.0232420867351824,2.165799294858758,2.2375535692441746,2.435653083460268,2.0264331452990976,2.148950601628955,2.1091407803992124,2.236523057905068,1.9395891029643784,1.9336735656101038,1.4346677928601748,1.6430079663371615,1.700573275007513,1.8703421276343886,1.588291421388342,0.048725415,4.224021380946655,2
0.5455111267690418,1.0381347859383323,0.684982125,0.013017359988946403,1.722606662208228,-0.255397647,8.799675915652816,7.158678118298151,9.918085002468917,6.772319667441712,7.307203519290113,7.723051606737405,8.484303875077286,8.970365368310983,8.609693757860287,7.458433913034462,7.512650528,8.491457076991002,6.101265226611889,6.178314160871819,6.603517976588502,5.457673355985808,5.483636580093433,5.302726536723299,5.218082075939929,4.358754818257403,4.386004658897287,4.095505685553869,3.5177401129789345,3.257518818322514,3.380444650486171,3.166108207,3.3163730298591645,2.850001883,2.765959058849725,2.6723936935951866,2.8334660798212563,2.4065110070308062,2.4081270206159573,2.006779367409026,1.9843847811331072,2.134756761774148,2.1011009668057996,2.1547440559567614,1.7382407844790861,1.849109866394433,1.792912367738174,1.9747956407673435,1.9815527388213001,2.002628779814943,2.139057756,2.1714168247622663,1.6587606193561086,1.6705953948948786,1.8632036397199898,1.620979439671128,0.054679795448319524,4.1981683987869856,2
0.5632909978277362,1.1390697245857757,0.573686001,-0.232948436,1.7273311238682827,0.34349664026590115,4.687028731012947,8.233435275,10.427424834240218,9.284929222303395,5.927988876803709,6.564933497502101,7.187937232969026,6.789039847192241,6.294950320968518,6.649689360880366,7.940750132621369,5.93643876,6.385270219708693,5.138424418651285,4.657278615374175,4.918812949419408,4.857158043288414,4.635699143236474,4.910922034603517,4.033734599402287,3.9630044562696467,3.116131728753234,3.093974044483757,2.9026466700089633,2.752361024184549,2.3351041055783983,2.4743224359541216,2.5196926223148592,2.5205273954322593,2.6428864526879456,2.763018055354739,2.790991690021217,2.567657032713779,2.4232193083055362,2.2708549655240726,2.3465555852041002,2.548032036832324,2.4588595192962495,2.2613208535848055,1.7010171367340752,1.8434203293750342,1.9481008675196005,1.949644570115374,2.0965216890420213,2.3289882804990762,2.1740527065580277,2.384328653102884,2.162614464954417,2.4392026289167874,1.5942499930305556,0.0727563,4.661905316173422,2
0.5851968163734425,0.7121787502252153,0.331453259,-0.72750754,1.5699807555515886,-1.289089227,6.639067697832791,7.552099518391414,11.009236701548584,9.152198078363211,7.595486889074674,7.671577767777828,6.564159439154851,5.962300841155937,5.778776251637716,6.3857640030303155,7.223885120628572,7.160206868373991,7.718131900098967,6.177157052,4.820607963389033,5.086133484,4.3763550161188896,4.560614826122866,4.301504998326857,4.224652833124389,4.441148129,4.236570457777825,4.0599747495270995,3.8120180831121546,3.799971140081575,3.3536550153576474,3.3516757740236716,3.370932758049596,3.461721083990421,2.9022897161509498,3.0271044383499364,2.7211064190914067,2.681390197494518,2.4750207791247707,2.6000715761348916,2.7079898523141743,2.844597147292687,2.8408727955134254,2.3638143665839353,2.521874756711665,2.496136634,2.2375980020096407,2.3025797891017157,2.337027838978219,2.1991683161807405,2.2873593775835475,1.8836701155013125,1.9078732169943504,1.8968405442952303,1.7312139605519237,0.071810799,3.771441936948129,2
0.6443523036020938,1.6125380273908132,1.1825412708853575,0.7141283389085517,1.9340765107956492,0.559296717,6.503596277068254,7.8695690536156775,10.895263810165975,8.291679996214011,6.682980526571928,6.904789082,7.402240916725426,7.300623936675098,7.870576356240924,7.903773144986812,6.465013926055336,5.207401620586094,5.30188917,4.896697081,4.808122859,4.959984069946659,4.822502111065481,4.529186399928604,4.310246954831747,3.8791204472570584,4.016340511543338,4.214301876368104,4.078585826875358,4.178471809780826,3.9867622399204916,3.7868568592699874,3.79722985,3.2156040738773988,2.631228969880905,2.1655360648504955,2.1378422869755607,2.2677752216838942,2.4169866563655877,2.2882734303974517,2.3200431221051137,2.299285065124859,1.9885366685071717,2.1410494619035347,1.9970698328876442,1.389351594,1.2906954712000078,1.2457162202050431,1.302955586419461,1.4533266387731745,1.5568648540087087,1.533791674915735,1.6099579862462283,1.6502785674723384,1.6747069157121999,1.6920293693495843,0.12515497690118596,5.200465983425557,2
0.5672226950071448,1.4500445431299267,0.9403085290087279,0.4430823906535723,1.8594709876738706,-0.470485023,9.256172625472825,7.848088899,11.175147111888885,9.363025145717494,7.691786244869046,8.154564533,8.631369969996818,7.534250661,7.777776714263885,8.048044533,8.167639086409697,8.883259301268534,7.805233164468331,7.322891737819358,6.547316711069055,6.322631407670368,5.930998334166589,6.224595539177193,5.9078352588125975,5.695354718326307,4.730466981920755,3.6757759458257917,3.4071525377404184,3.581459377874609,3.4011464250517354,3.552568607223362,3.604426575727243,3.713999084335913,3.0768725894023388,2.873578575428534,2.9403460905433043,2.0767936813840837,2.052061984481056,2.1705975169447935,1.3958320316681074,1.4884301503805133,1.0383666289009132,0.9241385556360177,0.985044942,1.1353823682031323,1.3046573163970014,1.1329440825713282,1.2280559366544592,1.3260175800486385,1.503325278676537,1.6643142088551004,1.7916050743539256,1.8794136234886831,2.0268993866874974,1.6030170948051414,0.074631571,4.926915354722801,2
0.6148868679933479,1.393198524711353,0.6522479711013844,-0.193360738,1.819389892035216,0.5918135822820821,5.596108878524567,8.823171012925272,12.424285265875312,11.86155263909565,8.903382089,7.4067928664952465,6.629940448460962,7.270194110618917,7.259966675721772,7.680445275829575,7.9594584438049445,8.561422141654418,5.154879597098798,5.476302492121741,5.101226095106059,4.888838180450802,4.811395574654118,4.576855056719991,4.64683508,4.668084513500915,3.792311137,3.7264612658260563,3.348826831640769,3.4740896668065364,3.393777620290904,2.6340515178913364,2.229236020236244,2.08699688,2.225444076317333,2.131620007376912,2.2770003745846843,2.3192808159333724,2.2558757096361495,2.4170239590791174,2.371145982871743,2.5385780688170563,1.8608035523949837,1.9884391669010004,1.9415433641647686,1.6147918532657735,1.6266370541399777,1.748043369747071,1.9155086623352848,1.9636546528720085,1.9296541127587068,1.8109786470750109,1.7898182195807668,2.0386732648182475,2.2232121334703754,1.5870184542058385,0.11558891627128416,4.265820129824237,2
1.360751346498629,2.8831201910820314,1.1825412708853575,-0.644411876,3.1503086237351745,0.29018939702698715,10.60627463900685,15.403293502984434,21.648347865193553,18.479136518006804,14.416459141927605,9.601081401971642,9.147353991608256,10.024185652238701,9.810527340483944,9.690768086004951,11.322942652144254,12.360231253418771,7.614723832263285,7.698760012037318,7.904479672938312,8.261833615888314,8.340128147480346,7.998716115226472,6.700357736,6.696034946,6.790838276175918,7.034303474,6.851063324495371,5.786282941397784,5.865203414,5.583511600244784,5.2082703201546545,5.245542465291278,5.248827298703462,5.143329090924005,4.585872941850944,3.572914618385946,3.236666224756442,3.264898317426817,2.8313762227172243,2.721265923809321,2.7005500269021057,2.8417284738945563,2.197646564690236,2.3620688699936117,2.1972291657985776,2.2058936740873043,2.4064107237267662,2.2684022492082363,2.3700115242257223,2.449928628175936,2.285542796265907,2.5311377721024497,2.766654298567232,2.5169362751762905,0.585279244,6.715398262685923,2
1.3473320506007633,2.8619951887898845,1.4182271819004562,-0.266696869,2.930312527518785,-0.151465614,9.705044266716259,14.341171705081573,21.61511424141239,15.371668247020136,12.499187087819049,8.479766190877626,8.233216876,8.916227970881621,9.585772242003884,9.298311212,10.801035143075723,9.597569800018602,7.930475906610052,7.890045661855557,7.288438803691131,7.2553250015197674,7.521361721398367,7.319283967560921,7.121580597521203,6.734808986972802,6.9113817362155645,6.706564676148919,6.810892946328381,6.427213839489394,5.944980934035068,6.143850478044535,5.559917998093593,5.6547542878596095,5.159473745478131,5.212928321635851,5.281654070124286,4.033302397496405,4.137040838171794,4.067065584285065,3.170311209202395,3.405895553220536,3.409495241160558,3.4350770576293326,3.373958552376145,2.9916236942999923,3.193314367669966,3.2357257384443185,2.9603292179393965,2.773821859,2.911599230378932,2.1565560671410173,2.125704144839246,2.271902954745592,2.5119207729905555,2.627094341120209,0.5619601910815323,6.132085214395958,2
1.307196708063301,3.1870929810867126,1.7062877398077996,0.24090665495334698,3.238207674561758,-0.248661126,9.840749515462338,13.550951953043464,20.180254039634683,20.06954723712943,12.61981202749883,9.790925839,10.491278725945715,11.285536139520332,11.570409376190003,10.309526571377338,11.780584090291589,11.178443611354295,9.947037622072349,8.963066699165736,6.4802912140349065,6.727726415472395,5.271936884651577,5.531135215,5.794425091435182,5.572154344628323,5.128679542841313,5.180387495,4.953548405644643,5.148654151115795,5.111807629177008,5.239949093726139,5.327331979058713,5.117732377879317,4.800839869,4.595973834732474,3.5175182648414305,3.632523796675952,3.624716772431649,3.4800648285450824,2.853425894102358,2.965395426156926,3.150904966039569,3.0567419087503165,3.1204543990855917,2.9046881816947105,2.8442918182721004,2.647407809113021,2.8689002936376764,2.277952265823819,2.187190313089717,2.1533723025587435,2.1178806349108403,2.3730418387442485,2.573903669170046,2.413094804872697,0.556071322,6.208659015,2
1.4712726461071344,2.496669314924506,1.5491637991310667,-0.274663254,2.916903175999264,0.0779419,9.682380611204287,13.02297223444709,19.04421730038475,13.071808352564936,11.23840981221018,10.380545289948248,11.304562541657653,10.883816094205844,11.43671011943614,9.793630766875312,10.341064145419372,11.221294381486427,7.324691005109621,7.8507509460463325,8.149099892218167,7.570449885820442,7.788450842647265,5.921728748515545,6.170052803236025,5.763883560040886,5.834833711640963,5.821641909207832,5.730012447656958,5.446848997945569,4.871029288001005,5.0118396207870175,5.103251317446831,5.080967858885441,5.141804409032406,5.169127338082121,5.037831410375602,4.846661801672388,4.215948697,3.609333220322993,3.0771350586521513,3.2773203612536435,3.4788810517015722,2.641659910352964,2.417816635875735,2.2793063537673404,2.4379516488863677,2.485045081162183,2.491841941290673,2.187972014977094,2.276201816793675,2.431721451129361,2.438742168273221,2.221399300072172,2.291763410841488,2.580053033939322,0.6622979243595537,6.701831934545522,2
1.409971867019791,3.616029967403729,1.9485204816844293,0.4209455934882374,3.469536367962637,0.1551680409568087,11.247882107008106,16.387796741769986,17.130468450033312,19.020591457915096,16.90712154,9.133277076414007,8.874563710791646,7.997598620940492,8.622886517504565,8.878933041420797,10.45590314794551,10.672575248495184,8.374694761,7.497233814008133,6.087912621423626,5.694468432468106,5.838319454320172,4.984728767464585,5.165079463563792,4.8388547783715214,4.564920857363809,4.474360502,4.620793877,4.621432261641848,4.824636046842453,4.918940264200996,5.053902382446189,3.343312943760886,3.4048253979212832,3.5846768705879195,3.1068200939433774,3.3072904853287106,2.8685095543402346,2.969450925,3.0562400970699333,3.1536142507654943,3.3141595366964585,3.4267360801976685,3.364892569589538,3.4971579581056336,3.5294484792300143,3.614355805599258,3.024692075483674,2.520978050114226,2.159347075476634,2.386672698036011,2.4404515036728087,2.7158331649728544,3.0190232367415617,2.4624848918995843,0.6290274290056527,5.936049168180636,2
1.477562887,2.611904854965529,1.1498071165777048,-0.870551803,3.026358852410009,0.6578067209761468,10.290315542509523,14.598720713978516,19.97988838,14.733449013285362,14.082424340704828,10.10530148296737,11.095790042294132,8.126975450781783,8.888430937699395,9.752061907,11.21570531,12.464659606727654,6.852831918,7.343302772414871,7.126585164,6.947940023,6.505288572,6.8145030909500965,6.860145915559303,6.310179129510425,6.256607181324104,6.420138324090624,6.689625394071703,6.8106783416801235,6.459976722548756,6.630833334944924,6.2957198875699945,5.694111442666232,4.124136736109564,3.638485317740582,3.4796089632684883,3.6899437221337417,3.5512472766184007,3.613835125102482,3.4169568828578845,3.5571134690189012,3.771922886342827,3.7578797180562264,3.812334423124258,3.748658329158606,3.5013502686589146,3.6113010080551966,2.700412917986619,2.5180581235031285,2.43656449,2.545376158084203,2.4954385464132365,2.648200576606224,2.9101828170580712,2.539170143044723,0.6717880987440901,6.524906023,2
1.5969022060973637,2.8961443449411544,2.0467229446073874,0.2382405263657547,3.286706014,0.3548524534846533,10.692035948163394,13.667052724461836,20.00921445484423,18.885859302660126,15.384085596527953,9.480667414,10.39088375040496,11.381244511125818,10.141472256215874,9.721787725822823,11.07211237114552,12.198256898206093,7.841742364483539,7.904119142101118,8.155412139758502,8.263895473,8.571922274665377,7.432054578879155,7.322113299524963,7.495508105639662,7.559032615619812,7.5202081509453835,7.807823722457996,7.375074209263464,7.347185220719155,5.684656335120492,5.646499295254743,5.165179279835202,4.992477330608945,4.666984204597647,4.651034871543081,4.381793759312926,3.034842544724653,3.102196803614597,3.2569503727736318,3.347343417205168,2.962807213530225,3.0948096806990577,3.226108469487866,3.2051312781094223,3.0730641899382167,2.3990931528664614,2.477057785350195,2.6167167582640904,2.460955453670459,2.4586719337026173,2.6937891475725886,2.7132652913599307,2.756074234676586,2.7733586723261023,0.7360814955706573,6.3593867625642835,2
1.5008318245512162,3.0553099134129216,1.261103241223724,-0.742258021,3.3489711477290887,-0.016206505,9.976965073065802,13.591496398588232,16.898630461623974,16.790679781998236,16.88167374156668,9.626595379891905,9.714456199043935,9.275678211949714,9.336768995111022,9.819684407713375,11.648619358014006,11.656705803285359,10.161476146580796,6.446049301750324,6.461768020926641,6.789297870900054,6.0987497999890925,5.9211251464970465,5.854384671751691,6.0980592150173045,5.398528182005306,5.591337314629882,5.704598985064382,5.399640702523062,5.561653657534252,5.204896590496574,5.145491015201632,4.734974731108654,4.238619680243191,4.069222429669531,3.4714695185708515,3.2186727079202924,3.290961030175606,2.9468537192574984,2.2598769249137924,1.796302515,1.857556954593531,1.8855269277379083,2.029042283217112,2.106497793869558,2.0986501658586496,2.2460129054276567,2.429653247618702,2.6389020012224553,2.8674068065227334,2.7550513331738884,2.735502703086887,2.937012948554772,3.2214620328371897,2.5935475795305702,0.6831925327011684,6.122233446892833,2
1.6878085239405554,3.506447941288042,1.4182271819004562,-0.790250062,3.6474209804327256,0.4766961030485208,10.836899543034797,15.666483882616783,21.79625176395282,20.791279017707563,17.008143085539736,9.765819018688044,10.78904483,11.241576439031011,11.75960591078336,12.53702270681372,14.09701533672867,13.267574686943886,7.766929709384488,6.505294289,6.017139073,5.950007746884012,5.8802490508215275,5.9351918670084265,6.182324510562805,6.225873771477767,6.227961199453712,6.468632310318439,5.649269912967001,5.462639202,5.440513017,5.108745942589508,4.857718318001629,4.726195889378186,4.503202572579447,4.493058673769854,4.373231283383158,3.945603099740884,3.487686136397727,3.114796070688926,3.1983590687645704,2.6981931672250234,2.5931117009498665,2.6655235520910514,2.812543525,2.6995320052155467,2.899659005240165,2.1538964984580455,2.2188253372818982,2.3958875212122512,2.4295216854031936,2.3719316045600727,2.603314048,2.6235490120154257,2.8534966044489596,2.8897420120763972,0.7917868608271107,6.903133250458597,2
1.6534152457504805,4.068787164255727,1.5949916151617805,-0.492043468,3.771458743602342,1.3680835505646558,14.867285593164338,16.831251939667418,23.92182423714655,26.648859804879365,19.207971891118085,13.283965751762052,10.995599589920763,11.459112537564094,11.95523595100046,13.217008866414615,15.618597903462154,10.80651216,11.664942246533453,8.433873687850587,8.828276025307279,9.232491723222754,8.875786883807539,8.475774527129337,7.800045629988151,7.831343704,7.730672418513688,7.678284422404318,7.314879817647276,7.5264062429560905,5.1448319973349355,5.208079083061325,4.378726944387082,4.148014531580335,4.062950616528832,4.269187458686144,4.333939459914226,4.1113971148130215,4.154035271546834,3.830361747920303,3.9554789081264947,3.8764886917940315,3.6501380434783823,2.8618358809061264,2.879964956,2.883325161817198,3.022486575293426,3.0538273875961925,2.8347193811953364,2.6359327422053886,2.8656037214855092,2.720151244312307,2.8904816186665996,3.076173206304975,3.2435582183317666,2.7177511049434053,0.7847237631391161,6.906653658700173,2
1.7395850550098022,3.4505962241916293,1.4509613362081086,-0.817725219,3.4868907024673144,0.4948608657527545,10.645682345433089,15.811284331023442,23.405303950250413,16.64441062971814,16.25991901946477,10.438341452614287,11.285935566083497,11.791607931410006,11.79501819,12.077686108897808,13.31997492613584,13.004580627627712,8.126583735951295,6.72754588,6.977520963357015,6.739977620485879,6.5510123019695765,6.674702834525792,6.9472189163410345,6.934438889255496,6.837950471704092,6.953086475,7.079822139947816,6.546897344984564,5.078082354274199,4.6528636568265975,4.795186883426312,3.763903167505363,3.886372531967618,3.837423250222069,3.7182217822096653,3.1593902447007065,3.2822796434577306,3.4693238846736314,3.2501704061600023,3.4371223463430627,3.2093310417733436,3.4189268663578005,2.4421912601844418,2.494517797755942,2.3780219627865002,2.111428648330776,2.2327821396852845,2.2674115113116438,2.4186707562368905,2.5011899193997555,2.437900433185457,2.495167588533488,2.7707248176326935,2.948755839557464,0.8243999715684803,6.996878285062231,2
1.804319714128544,4.139108561,1.6604599237770858,-0.621589714,4.099411749338451,0.35841481981873285,11.738501829273632,15.92281053870127,19.771559755424263,17.951295685835916,18.63717920797003,11.116549581379056,10.115109640399888,11.115078339702633,11.643362280232173,12.379626758664507,12.431557743530881,13.125757957563634,8.450355380713328,8.446563878959608,8.173846278718958,7.978565310928121,6.652078011049411,6.9627393340694335,6.640966350073293,6.423748925930649,6.615294990812068,6.632040546808016,6.556725082765947,6.714911091,6.6278333257060345,6.788075996947247,6.716151137220792,6.690399082015553,4.783113985,4.81004893,4.7496453548342465,3.686558278,3.374018163034969,3.1011754576780888,3.0283191630615587,3.0351796016999293,2.9644005263923057,2.8124617398560208,2.971440704279223,2.7714503728102473,2.8612632388431285,3.0104909273480716,2.9158346292589865,2.684263743697753,2.6990606969317774,2.6212387401852237,2.8222716477402967,3.06498514,3.271022025398749,3.010132815,0.8663446579242341,7.596645692480196,2
1.9731127387319929,3.901265160227778,2.668671876452787,0.4715469248457592,3.944573843322048,1.1858737600127396,13.296396525548177,14.624452465765494,16.67228905725734,19.092982837792935,19.292090891124193,11.094157327326057,10.14547382717203,10.278085208553819,10.882772714167254,9.257238504319838,10.98666297353008,12.203806045542862,9.496864634029277,8.261948369897773,8.758187580484964,8.937267259363294,8.311576443959519,8.025642611821393,7.987407185242213,7.340382587542779,6.997633454,6.879607981,6.706170737655776,6.837167974043435,6.7097818840420445,6.8486524246653016,4.4610205831691685,4.577673458643749,3.956882567901408,3.9247455300583125,4.032778661141936,4.034040752561078,3.8376692707599864,3.281476028439435,3.240321480907524,3.081904011690446,3.1455933126240203,2.921566332768105,2.8817674066870222,2.7037502497755246,2.8770091729273686,2.7155923981928454,2.884050561303122,3.0055750992145387,3.0899848904428193,3.2974675167897627,2.946528251427236,3.138907149699974,3.082117469622339,3.2198260230912052,0.970240275,6.765902591768384,2
1.9265526146230212,4.9107453147619315,2.236581039591772,-0.026439986,4.562275245643079,1.2641254553374226,14.072142941814285,16.451499830428318,23.87857099,23.225336636717955,24.117195137750297,11.750392726248462,11.881133574730871,12.426246014831374,13.286590865161388,13.39250774847987,15.41561074929834,12.307390249821617,11.991805969050963,11.30269376331703,10.441670512706487,9.010944592390848,8.440644424615941,7.260434463580617,7.425285053309023,7.6421863256461595,7.852701182509229,8.047942913896307,6.542626150586686,6.326697143082287,5.818600415827303,6.016262089227939,5.860312598977981,5.539183431459192,5.599661603015125,4.5218037522173224,3.9891605525269154,3.3227897774130457,3.416343807604138,3.269588355,3.458596129557072,3.4780295235757612,3.7009762196229286,3.7949962853148493,3.7096773285037186,3.9444414286025857,3.985387260239581,2.840811262268562,2.8206244425912046,2.403502167682935,2.198515720683276,2.366427358837159,2.5087199372762847,2.7497429758422505,2.831459735016738,3.0857239609484237,0.9496025329167942,7.395350947965773,2
1.9904341477970888,3.8425633445976923,1.9157863273767766,-0.541550864,3.939276899442875,0.799151287,11.953604636381433,16.72331493618076,18.431307133922125,18.955531804753736,19.820379197507027,9.586765162123118,10.235429782646756,11.235095818478603,12.068658403776254,12.160309987718248,10.024963512607577,11.442527861062489,11.44895723340208,10.101461287628009,9.153621531,7.983625989837204,8.149320919284333,7.2967993965215046,7.61944343,7.765808247350011,7.934433910037998,7.276206581352235,7.322540977,7.545962173234298,6.586158254142204,6.761660295717085,6.690877856162117,6.0443037883438375,5.7151063679479925,5.854273979719272,5.264503279543714,3.6152956725249354,3.4228591524163567,3.432887354356239,3.074116552122494,3.0861276987087285,3.0687108318127208,3.1007202675731027,2.8756501466179403,2.8724531190128917,3.052673213130587,3.2938928685967337,2.3889030559595885,2.6020133162902184,2.3260829122375366,2.510171536679531,2.493989698908667,2.549850577206857,2.7833084288814884,3.288288677512057,0.9757070093575706,7.218678331623118,2
2.089733846753845,3.695568493703971,1.8044902027307574,-0.818729625,4.048760836008044,1.455211662960509,13.57422406,16.367174256227113,19.300843921160478,21.067654747941408,22.973232039270865,9.443368253669398,10.359699451816784,9.142330688,9.952113666837665,10.997846111809833,11.52077429211412,13.091509571187716,9.247048362913057,8.969284238,9.045662585,9.287417607931802,9.540246845,8.481753375370394,8.482947093,8.765328711267228,8.121640258508128,8.018320145385891,7.230136197253528,7.406289184828124,5.328133782706821,5.404550368084104,5.612207180236022,5.521682203613205,5.591772774177344,4.426121002897454,3.995198836027718,3.725185545948825,3.7481130806250027,3.7741975594110313,3.965443245543268,4.009612244619593,3.164870631214675,3.2980061735818778,3.3987056535888667,2.267315555392179,1.4772491373752241,1.537345021706027,1.7128889903893818,1.871855407723288,2.0498193807965865,2.1156988164732518,2.2863061233258635,2.499385120883518,2.582374367633101,3.4111765181387264,1.0369077122893866,7.224336700694926,2
2.1316667788117503,4.816794035005692,2.138378576668815,-0.448203537,4.480359273224133,1.2626117698214785,12.929206687696082,17.648799498600532,17.565229914907807,18.279684076343088,18.43427358970559,11.101350528889657,11.167802388679386,11.884551412218956,9.259370684387179,9.752533836530816,9.744852676219017,10.379229996404717,10.538593985904603,10.912681702479773,8.940343121991726,9.045265192534384,9.193461881515002,9.057356087105306,8.479603615175746,7.308288860646138,7.4098657034275925,7.453135886,7.721147572231994,7.874114664125133,6.458775169160682,5.568993646409427,5.5288758192432725,5.106804368360805,5.232556262663336,4.334451730178659,4.491741105268231,4.366088421883184,3.8588343806696215,3.159960754419505,3.130990201346429,3.2459968720991355,3.217923601802651,3.2375857194589237,3.2815945845633525,3.216789730496566,3.3099049940641447,3.2807712729882037,3.426527264898408,3.510380166807675,3.7623904507908272,3.844568541750059,4.021284067271887,4.021274657538893,3.719583373173487,3.3831648392084297,1.0709884823760023,8.052097542767468,2
2.069415763658458,4.093474952837976,3.100762713313802,0.8768077444538767,4.102970418459426,0.5259057403236927,12.431780989909868,16.00465761397982,23.941697042805774,21.539566356697367,18.70044153445799,11.795466399409136,11.435360100496665,11.88464689297001,12.60080417417113,11.40716400698106,11.385473952893372,10.56898960173711,11.42902911812711,12.082664406657722,9.789841636324374,9.710314991406118,9.600070363733508,9.827735001810446,9.668787133952428,9.014888951558865,8.237293909713694,8.14085485,7.712527838189252,7.304164915901651,5.489348224811221,5.356737021159773,5.537576590684883,5.058566862720008,5.22636748,5.230739056877004,5.443270068094693,4.892614469156496,5.1572429703676015,4.882195022921207,4.363081094,3.8919982669890283,3.8894073861270964,3.419937287593855,3.3100200100522508,3.503815091,3.2103443597325976,3.1854444567020255,3.418773223642909,3.419435846642662,3.501238033,3.612791502885591,3.3100341786873932,3.590970234667513,3.6648428879414943,3.401276580961319,1.0228469922550145,6.914944112654039,2
2.1500615403349395,4.5642998239749275,2.059816606330448,-0.572657294,4.628479979,0.622993235,12.052738081896194,17.673792041735634,17.815076957427898,18.74280322570837,18.754447029910917,12.770485292387626,10.421027042551735,10.757134016612335,10.51669834,9.939597322,10.715125226161248,11.40896988474194,9.948129394,10.31396960884523,10.55186256704825,9.379756883,8.560666649370901,6.992259302545488,6.203581940527148,6.302013924024984,6.462466442894156,6.357413192097499,5.429629084606195,5.546154642,5.5198852458460905,4.636406880628746,4.5360820983934165,4.623170241503559,4.785806057235123,4.824856234801208,4.813195793600464,4.3637501910180125,4.339930816794172,4.329614419602713,4.004495189186191,3.4376271482394904,3.4450522552172993,3.301617232945119,3.080874075,3.2316656593564805,3.290878813674894,3.4783942856535828,3.3231084252030736,3.561438051,3.132596949575667,3.2325856569812923,2.837671244714626,3.0924291703062807,3.054956972858348,3.5003296523790457,1.0724953448254775,7.5565954150975445,2
2.1584940060174387,3.818719554465271,1.7913965410076964,-0.923241141,4.164598750215348,1.1222306637015176,13.440515874320521,17.179276879032237,23.550299855217848,23.47250342600025,19.536548933123793,11.377776722624738,11.287939236082714,10.809933423482503,11.300888342101082,11.63408508,13.478583684710104,13.59042804,10.459864986153997,10.551393857186051,7.802390364284005,7.632807886230578,7.652252443376639,6.7855630850405095,6.952549003657853,6.585307253905264,6.7181574445589565,6.913673218427654,6.670465000733784,6.5359031267806165,6.706512555490506,6.526616114946679,6.510841203311431,5.099689649,5.241588137,4.779588665,4.701214869996785,3.745010104453382,3.9514217182152778,3.854652294281008,3.592248307656935,3.665447433,3.8027282836695404,3.9044193759194834,3.6834282765417807,3.2975823538561566,3.081410016637673,2.969512722090296,3.2032915061542075,3.000137289796222,3.241083752500824,3.112186431,2.8767320326893615,3.0523436081626496,2.9847527298524157,3.3970525703148637,1.0895306502164355,6.793385985874989,2
2.1912031601971913,4.7103473796054764,1.9288799890998376,-0.791435823,4.578502935874549,0.39658767888016805,11.694035838462126,15.588095048745048,16.85738890166912,17.74931274455622,18.34545833741248,10.789347838928718,11.156040205550827,11.678614317208005,10.047098432590106,9.933364913165345,11.73664163950632,13.340894643572296,11.38663654144206,9.82129994,10.14691456344603,9.827954931503523,9.855219339297728,9.562770764072562,9.885363821126532,10.169049081746428,9.003146845,9.23703055,8.52696889,7.906312323023502,7.353714843043222,7.500353282013554,5.654725158287416,5.721423975025179,5.861428493,4.889084453036954,4.728068349,4.954372648511946,4.915417244899642,4.123542871295227,3.9194027977939516,4.1652006395179875,4.389811306,2.931709122925038,2.5657137016254277,2.7616812563181905,2.812813745220944,2.8307410705495366,2.8305967526197233,3.0608369126235466,3.082945127858844,2.6887076084332673,2.8722244328157274,3.0223827582820064,3.094498867669854,3.696269928048905,1.0823281573866457,7.068430465528143,2
2.234146518557205,5.0035388505988285,2.6359377221451346,0.034697646,4.708646910981787,2.163589274654134,15.831788589779148,15.340949878073495,21.576159483262902,26.199840895545854,22.544094961454835,12.436600472549037,13.590298726068566,13.499532383887558,13.587091277740683,14.350414380224095,15.220130950995156,14.100338863110187,14.542977951380319,11.69411229,10.173417633692697,10.352865219998407,10.56172172419003,10.457900087684907,9.918752578,8.858727868212434,8.674849635990425,8.809987811741713,8.380660452,7.928129992859421,6.781858941239974,6.1020339162244435,6.057593660943489,6.049729184961578,5.666762024404853,4.747049811980163,4.647919851013646,4.236241950125386,4.3571873778034735,4.452001996167816,4.265056417824127,4.3590026346686646,4.615289818771967,3.1069430292448836,3.1641681208886645,3.269435209566026,3.3656529975366087,3.5691250364313807,3.675616315509089,3.521980794306573,3.706142418551167,3.727636822784033,3.922325344745211,4.215489991517661,4.348688728,3.6636795613061124,1.1178921051829214,7.9266169396827735,2
2.264264095231144,5.373489105311347,2.190753223561059,-0.55917674,4.807080760152932,1.391691002420182,14.827620251350929,14.040003816504516,18.59061004329489,21.492597490354054,22.55084740453978,14.748129056225627,11.084575888264292,10.210800601590858,10.314296189781322,10.357045988880031,12.11993814560327,13.179781088342933,13.427410675520289,12.0300419,11.046970930687127,11.018629211872993,8.750267223226805,8.426471420430445,8.636515068808093,8.911825935542739,9.164162984479976,9.435886982918849,9.337444314768035,7.340916406054492,7.302388434400596,6.193248546175097,5.055291951523766,5.091594832322588,4.727923056580211,4.6009915928171505,4.335497185593431,4.056230295620874,4.141280323,4.340889797115697,4.484328816618552,4.0691578064821226,4.062553320643512,4.249428230457832,4.237487189904815,3.8519564205224954,3.690421690585438,3.4167982771504652,3.6671484689637577,3.8333007476178937,4.0062264275864665,4.018136949,4.255519267033156,4.365903688485153,4.695279015441444,3.7685151040317786,1.1291188082485872,6.731377337651812,2
2.2291761639908962,5.588864136284002,2.779968001098806,0.22134641457444865,4.748903929140179,1.072234395237754,12.248156640449075,14.686164156487077,17.622259868058748,20.774855977282822,19.627116417173024,12.668699554498975,10.992394669649439,11.86013564876304,11.337115925624676,11.959501355055313,12.636888099013907,13.190632478338847,13.48315805867839,11.454267787806565,11.659725869620896,10.567688821213338,10.177458945277488,10.240970720856104,8.988800088552187,7.952073778370845,7.076262070542897,7.240577578649887,6.423938980796429,6.507829977393812,6.191139232137153,5.252794256,5.433863677471573,4.324703973795945,4.114087004,4.285538732,4.294565743037607,4.165645132018654,4.381794499657871,4.190745062425892,3.5369301075526205,3.618233636025473,3.5829314063589353,3.3360413863375196,2.9458878845136756,3.023336277376898,3.0456801967995175,3.2648615823452727,3.4899820764666707,3.5183456540921028,3.6869711959602838,3.6210019217640825,3.801755520635759,3.8857508744314524,4.181796059315111,3.8407008440748975,1.095200626763336,7.364986714745584,2
2.1608210411216735,4.929906805391807,2.5050011049145238,-0.024346978,4.716086702479225,0.7773477755447697,12.653646750420169,14.289032737455184,21.286968563168212,19.642231322480637,21.690544453639287,12.379765205520275,10.740770904968794,11.364911296876382,11.184862007413493,9.700246256,10.730603967823663,12.178205530793422,12.377045352997335,11.954520338096035,11.075510780977968,10.510515806914723,10.060659105425165,10.041983867615558,8.818967058674616,8.607039572111784,7.75055367,7.802979396,7.207115254043739,6.908374352542664,6.444686393027972,5.555778612819987,5.325783563965087,5.536471362,5.406008459091278,5.170472302836882,5.282744321509967,4.893949657713686,4.731502243466926,4.230821484,4.175072900775951,3.9694130325765298,4.059884047205017,3.7477469341368606,3.800620909425339,3.846392996973158,3.818348543722556,4.067393568815945,3.876983577,3.8737520153557177,4.147312218,3.3150108948341646,3.4578950725747073,3.6703680759559747,3.7601233014607613,3.5337173721921964,1.0768308479692736,6.811294852,2
2.343178034658151,3.981597609543053,2.236581039591772,-0.604628958,4.415461113146336,1.181370612005723,13.100808316153717,16.370447971778898,19.808106021519666,22.00915728081319,22.394445179678584,12.986896557824032,11.781379934685011,10.282224960929717,10.984282217785996,11.987204285918946,13.692147201271764,15.47181389785691,13.609353873203533,13.362141838182716,11.095775249852675,11.491932064987076,11.231082643029758,9.175928392379362,9.114672229078021,7.894045021786003,8.104405100526266,8.071629474641629,8.260399527239443,7.440532223431239,5.856932303794219,5.949440639280493,5.647200978849873,5.860756248568009,5.307989048205125,5.009122775069549,4.438039944362593,3.6849161278484974,3.436871539776126,3.5171266620553823,2.573764565730825,2.767789522047832,2.5070027842986042,2.3586979587497345,2.509003363629179,2.619443421,2.3412045019100725,2.466702733385365,2.4143809814110218,2.571839739412671,2.7597729742717223,2.9912778451687685,2.7777680814647794,3.048111544882243,3.2487649850399074,3.720175985572166,1.1928510809340191,6.798485250197812,2
2.4436409505164947,4.596587407028541,2.491907443191463,-0.425052138,4.541178398,1.7332888434805094,14.453110937971438,11.376209931493038,17.211914112461304,19.83746652713774,19.65763166116574,12.302839361184434,10.619427764884302,11.46462671580305,11.651225397744032,12.278778875666278,11.918529562083203,12.934940024886059,11.477405367535612,11.402694191664844,10.721163710363891,10.954662194681307,9.513655981921202,9.68362963,9.806627161403872,9.365138980750977,8.971814198240255,7.888209319963799,8.113344473908212,6.134929659417001,5.856170187805761,5.412169826668106,5.515010948925312,5.642904895491434,5.751097840488804,4.994304291612551,4.955451693435535,5.192673334033815,5.469236983615464,5.013714043731389,5.018543452352134,5.320615188020945,4.570130653208375,4.702551792811826,4.792334218347318,4.427024275062741,4.579664249161858,4.522910882935371,4.732336702547715,4.850353635344261,3.9508079068905544,3.443917072236608,3.533980383,3.4722542503111007,3.5182745554273755,3.8430974527621933,1.2543514264136473,6.599499661319246,2
2.4244438429231927,4.280773381,1.8699585113460628,-1.146447672,4.546096796589767,2.515652508945663,16.52289727155451,13.642331135346907,19.28024078437275,22.145728321475723,21.24757578732758,11.95993410331243,12.708907800643544,12.340044325282381,10.546740097604415,8.615657545600572,9.951701927842077,11.379852084176868,12.108382735157186,12.179162908766342,8.927129680808783,7.979603448,6.672825217143935,6.731802710099465,7.028958457763144,6.630795177874815,6.232411749342623,5.929076115230919,6.135929061418194,6.290175509983715,6.353516657091571,6.443846173365998,5.259946332393252,5.380541759516596,4.175738823619442,4.237599718873623,4.011908778097773,4.1360497003073275,3.844543203746747,3.4813810368411415,3.411383627610047,3.242045177820589,3.1170401111302484,3.3010853738199373,3.3215740126355557,3.5778562028854117,3.4333143398088977,3.543584537505903,3.571870820912631,3.6452148747100175,3.8560423236618075,4.0506375588182415,3.803516317194295,3.621600289815662,3.8892227757678923,3.7946650027869633,1.2451901727608274,7.482546780032969,2
2.433691462388394,4.6016451491175445,2.570469413529829,-0.318162236,4.526105918132762,1.1874027185145466,12.026462271407256,11.107260170125876,15.799117288314545,18.72222198624376,16.189648450378115,10.818331486337431,11.577474920807875,11.532275593371875,10.936947105580211,10.819037563277735,10.46390470282696,9.75204592,9.745147857095166,9.623113699866073,9.951084279410464,10.095079288935297,10.384469847108784,10.555062015955711,9.473054334920146,9.554305257077957,8.820407611704452,9.101074101098154,9.186619635028567,6.764903771322097,6.739615179326911,6.8638950417450495,6.941553050730768,6.121255883752208,4.7503800496605315,4.217344526878732,4.208772534986971,4.266602345113452,4.304576930662353,3.841669781487654,3.6522914877123154,3.750369054793794,3.3011166965593266,3.238150519910747,3.202518417,3.198025081707524,3.358665557205276,3.337543304,3.4299544731733547,3.2847293715360184,3.4297559910314304,3.5760692439966144,3.774453055438169,3.9121090017480356,4.019057794895326,4.109231478334605,1.2195287000051718,7.427752766017326,2
2.2892094,4.51252259,2.249674701314833,-0.518966019,4.438135299382635,1.105666145187705,12.305163060669258,12.840882611595687,16.27174619358464,19.46707615237068,20.04083915336075,12.00163326,12.55345505528754,12.577185372907481,10.268698814166207,10.612204756639935,11.416250389679513,12.862952633182095,13.88419712722663,13.995139991500048,10.452152088208429,10.454182062234946,7.770405026509732,7.431604807086804,6.685419297614318,6.6329532076399875,6.388703212767123,6.314432302947998,6.224838082042962,6.447631337962533,6.303317636243686,6.477925658612933,4.914673820590158,4.993847092593992,5.068784969,5.259522842980795,5.276929925466569,5.1842783632576035,3.6478270269270423,3.813222477844815,3.906560625268992,3.881045297846816,2.662287342677798,2.867100711629793,3.0634492935086586,3.110642399200876,2.6324527162181486,2.818505840210548,2.682124937210564,2.8381519115369267,2.793931117365044,2.8816015832142567,2.192918549243719,2.3607641415390166,2.425907372,3.6330301672731737,1.1620313496648869,6.965686591,2
2.121954864732664,4.282017716897083,1.7586623867000437,-0.918628127,4.164280028278949,2.563273702795447,14.058907651885432,12.781020112326988,19.18337762,19.55255518990578,20.31264535,12.951353697813751,11.843720525753913,12.288350201136975,11.936246218774183,12.380171574842368,12.67684539391432,14.366584527804765,12.407563870401416,8.458089601120237,7.443704633591337,7.428276932220325,6.4595864411348884,6.6257225528868355,6.915293474966971,6.916161944453382,6.691836004,6.349998447695473,5.331612905041391,4.570033068650304,4.293293162989548,4.358316169760815,4.521831556807488,3.9252614944838853,3.5845900434181974,3.387560713252503,3.480192692342189,3.620689792,3.234008638262101,2.4290281172273422,2.1316404384330063,2.107036833556553,2.220459814415594,2.4064337730034087,2.1486782225625682,2.359108327141368,2.4798086701303865,2.689888939284461,2.8660336948486016,3.0132617971861184,2.909311540890255,3.1398425897937274,3.305200685069328,3.3829039966797563,3.6689208826641058,3.1769931317435076,1.0851478927988882,5.755126126076065,2
2.0657949691923942,4.324545966057613,1.8044902027307574,-0.787521253,4.311211880834534,1.2805531731362678,11.274904024785908,12.425080909899602,15.955517520732505,18.646647050020956,19.792923068565525,14.398505508836388,12.775052070773611,12.562721252062884,11.092172923232113,11.368082438457877,12.925348071104212,13.968485159175463,13.86221542364318,9.598142427498262,9.146365918577477,8.755856410781544,8.558740288300756,7.116222522849342,6.959133241764942,6.750474053948434,6.3524437025886265,5.944588219329496,5.618694495228272,5.630946323098804,5.681113467613442,5.844653635,5.755125470572736,5.181628887894396,4.424409675068001,4.329266263997918,3.8110192392726345,2.800909852575102,2.934977520162811,2.85288547,2.957780524488543,2.909982808133248,2.560412764732895,2.396244592542116,2.194149198556166,1.969426600919634,2.124046511,1.9283829880209857,2.1092003447108594,2.208521559624794,2.3620871944649426,2.3974592925998692,2.2982220341208928,2.549632907828174,2.7793121012012496,3.0835952649815717,1.052917752885682,4.932684704282286,2
2.131764580429245,4.386528774643852,1.981254635992082,-0.648078144,4.262169104862899,1.8901485353715262,13.101637419698084,13.25123889392393,19.307427991522577,22.18772783453631,22.468481903402402,15.036626084213562,12.581269474793785,13.442753697778468,14.547896044834673,13.57409558990204,15.65795989605509,16.36157282078326,12.087241924657569,11.18277229774469,10.133375836325245,8.431470058,8.224713451134113,6.297222423899182,6.037179668085201,6.192719542309041,6.323513981555017,6.445529969788148,6.009670426339001,5.911908303448794,5.2351163827045735,4.674867066283392,4.425009379014204,3.515739016409197,2.9744915357831014,3.048089071815921,2.9124606354175895,3.002778390438422,2.6301527970586043,2.6107965234853343,2.7892810729880853,2.7405830520293804,2.7606241489886703,2.9420985519772294,2.8442259077628567,2.683558781350608,2.6737496705786334,2.840824675476347,2.946609219,3.0880651399506913,3.3203646256216994,3.435999986309546,2.7587854395865006,2.7341187137759433,2.8470236447489494,3.0909847220599524,1.1007911417099852,5.052968515591466,2
2.2017791739653068,4.908198322082718,2.059816606330448,-0.640794631,4.586878707356592,1.145293146908184,11.303251693681586,16.004456595770645,23.874639535027466,21.395176212961346,22.875562601783976,13.195843604740572,14.07678361,14.989798725490923,16.10433273874324,16.01649420466669,17.193309630165356,17.424395615647672,16.17790222401666,14.36030507763007,13.734101078453365,10.731419862325527,8.044426760710788,7.437115903992216,7.211501108158371,6.730394450746868,5.903644267428416,3.7951867345932797,3.914948944807761,4.0578852222583786,4.135055229191591,3.8531091500783665,3.6482756511007497,3.6803869872357846,3.853732431642439,3.9950774678966248,3.900921741037282,3.3316476049982193,3.1505714530555298,3.1810746461038923,3.322179498412778,3.4626245113869483,3.5888962120801797,2.546147503243087,1.5176235067350552,1.467494331868147,1.5014847033487244,1.651448367753985,1.4400939682076472,1.3007365203005992,1.4199309725819809,1.5677260000942304,1.2479819086707145,1.4941112664623317,1.671956035362819,3.099314567741022,1.151522987039952,4.540866922158443,2
2.3760379650788317,4.669581042042036,2.190753223561059,-0.701749364,4.619583688599013,1.6285921173376445,12.639672462646102,13.70357810243691,19.72472479863735,23.134317745846236,21.800221318415016,17.43682682876788,15.702086444985094,13.159461273105089,13.76803493131863,13.193059760143488,13.573850969694353,13.914692083033112,12.42418452888236,12.735751285118075,12.806393808964977,9.268670698944678,9.453437197098477,9.420051127580257,9.311444404031587,9.29990949,8.594533740799745,7.938665658878519,6.592299366206447,6.342866397444731,6.334917145,6.451106855673462,6.092403370404802,5.174269240011649,4.4127559712922695,3.8324405773332373,3.506185220275709,3.5635426857994914,3.698204191905083,3.6855879351212026,2.7194438151784364,2.6214111405307894,2.4766079582050695,2.679818573472357,2.574921299212147,2.777387622381733,2.852659459504229,3.014881456834033,3.1337855453300048,2.8063936735370687,3.0484770335616513,2.917905258469851,2.117286892700953,2.1569831287720738,2.3957513833687423,3.451130026207022,1.2439434067857078,4.348835678053985,2
2.0817506130936656,3.625214268877028,2.249674701314833,-0.236596063,3.849026077713553,0.6861939965127484,10.41009308682359,14.628952132113584,21.15355243424953,20.92307965355671,17.160966808666632,14.532446485120966,14.286720171516302,12.73525075336656,12.84006139209546,14.19207581164344,13.574934203163902,13.82495383408824,14.646711841863755,15.309837945911292,11.18008930472655,7.289410402994809,7.2444437957549415,5.916013517282305,5.931374637,5.218103546597284,4.706841046286959,4.694678946,4.750400202786751,4.264703401024396,4.145655618,4.000638999787118,3.7494141949574717,3.7888824509128933,3.6067913286338915,3.264397132253747,2.7695798954823836,2.500628081166538,2.4075774982929206,2.5945652656021365,2.681912316,2.7629066799419735,2.5373103279534983,2.591038531418887,2.546759036315588,2.1833054631645528,2.055337244818552,1.8244893609139459,1.8728380478496651,1.9105077091636429,1.8023802974078176,1.7657607288787387,1.8536747945841752,1.9277412057485965,2.2084343408566407,3.0875557462290186,1.0642677831834413,4.292081441208897,2
2.048614144315249,4.718900601433545,1.994348297715143,-0.519418757,4.173168183275101,1.6355071263562737,11.695378739652865,10.974337025236006,15.652266418275676,16.130778389512535,17.524515279982435,15.839704071058673,12.403756397181958,13.09468386018542,13.310020482482738,14.323209017600458,11.616579410675433,12.88682305959855,13.853394798553596,10.394461764111911,10.237871384735396,9.649626768510876,7.221536338934476,7.486783208,6.755433516283969,6.581660578088219,5.799626701453483,4.742752192683037,4.104492623588365,4.005777381239211,4.146330255444233,4.183408536406237,3.5908394725322346,3.7217633081996477,3.8618158686380433,3.9121867202486964,3.9463350449485266,3.855419063360782,4.05785348,4.182468377057734,4.42453021,2.8832750654705266,2.865072827590038,3.048417621354932,3.010313943117168,2.7188671689263217,2.5570304281119087,2.732738714765884,2.521783094449465,2.377546562531756,2.240924053956745,1.7077501235153005,1.7238484562208054,1.9685869238041014,2.140702631082601,3.079275019066851,1.0408254100547796,4.2536724340927945,2
2.113412721736725,3.8924156071436946,2.0270824520227957,-0.56526938,3.9460886977035705,2.1756803825850413,13.422186602084533,12.921396748688604,17.721703262614295,19.190079524850727,18.57575441673876,14.686014750282386,13.168639721837199,14.049745287338332,14.09621162860237,15.22737109938904,12.52188563522029,12.884473592004639,13.859674392102988,14.40403611130711,12.360379587294569,6.464864665360022,6.273612941666076,6.071316587710566,5.981280525573539,5.471315148071345,4.810137386,4.595865976581735,4.119492212499413,4.302447193,3.683015157833437,3.806029995508877,3.716760864,3.8942909973741204,4.092071796456149,3.4320626455959604,3.6089050994646823,3.8029327077579156,3.8198080014212903,2.6929588176610495,2.7150049560795217,2.690326985640816,2.537619623263334,2.7073279814988225,2.544487207231396,2.743751527724823,2.275010019562555,2.314136210997667,2.4214586134563665,2.580071857212889,2.7317980939925604,2.820368509707306,2.9104009110861107,2.867638590909787,2.8575090898074866,3.1072949187028724,1.0856576549807688,3.945133056144061,2
2.0241103444074335,4.5344942074425765,2.249674701314833,-0.153810033,4.048432357589761,1.9580068133157589,12.664791166912021,18.019934221223814,21.53315240330861,16.67329288997099,16.878043639677365,15.32118091,14.092767301459181,14.136757644734205,15.001230306101052,14.743400100657485,13.959744068525161,12.029014818199997,12.726394405485195,12.038067774713229,8.923662252567162,8.576070188276116,8.26320943,8.060207378391176,8.204184117,7.0694667304478305,4.5728047960399465,4.797917582154284,4.994348866932952,5.1617040068028315,5.285435739683141,4.727999308322748,4.894495377489513,4.815003103794606,4.529563469996145,3.7112459675285234,3.9112970196506205,2.6681616195123445,2.094882646348071,2.0658086831229667,2.032423075487755,2.142063973792572,2.0570265030478914,1.9103665456191536,2.070954626839674,2.258782417678625,2.2650916317186245,2.0568693603573585,2.2420074403208474,2.402805102997269,2.202447537951831,2.3319155386921495,2.2793346712364513,2.5332814364447507,2.4938330263107376,3.0973540204152274,1.0209799763625802,4.197050302102662,2
2.1915320117471935,3.761636348533175,1.8175838644538185,-0.931636875,3.787465123793336,1.3632684681623617,11.386176221794576,16.509196769247005,19.545209410062213,20.07406573194884,15.669876093363861,14.08097818,15.095538202749154,15.315468811859992,16.46975394956883,16.92517695814647,16.289485473682088,14.199136099335567,13.148035946256403,11.982403227195277,12.59577131577327,11.827587271288941,8.999972112,7.112274324563927,5.471536153153776,5.491268589,4.918088357402752,4.852867849130217,4.967665088739667,5.149133124291902,4.6818267543673935,4.3785148749804925,4.326430582820275,4.234503236940638,4.321012303555815,4.340936463828979,4.524235143464257,4.323539352060366,4.444519893210992,3.6099341130771307,3.2929257496439077,2.5081020455117717,2.4830073889174455,2.520228404102867,2.6387621786811524,2.640203179698874,2.5565681370102507,2.582284135033035,2.227329821121836,2.192316174610563,2.2396822300285693,2.2817555509609866,2.524358268069456,2.7863065157076354,2.8943485630560803,3.1866957878077895,1.1351280144671274,4.993502490977939,2
2.139924746926485,4.0925687479279285,1.7913965410076964,-0.899792775,3.7924106814017775,1.5896089600677163,12.754876660476526,11.856566855518919,17.382547313909335,16.044411463611237,15.317695573675023,15.190379915688702,13.418777427448417,14.62804078956597,15.748573573301835,14.92020788,12.082466257072959,12.645171775806931,11.594746384008491,11.217298337921491,11.506755341205329,10.314460906396736,7.247179044624868,4.6325062145012375,4.570700359,4.590967109598054,4.174133510444266,4.3489650300053135,4.510810174187568,4.631391811937144,3.935942679250858,3.2737366423147285,3.442234459774909,3.2548213058222863,3.1807786842652543,3.0699833653694237,3.223207688199421,3.3269529613699693,3.4388154786419816,3.4766651151717705,3.070432719668017,3.035865396624894,3.170607580631553,3.127520379132988,2.394783001632019,2.584656459510813,2.4492507466760127,2.600083344740836,2.764471789,2.941166027216871,3.060134677,2.824237040483087,3.0141768352365235,3.166757857178748,3.256290188603683,3.2947589267666006,1.0860679971368972,4.097172855215882,2
2.0885129350155003,4.308963044701242,1.6735535855001469,-0.985076393,4.112949586689931,1.8702820759019412,12.339921835207253,15.157460706489777,22.30287883590687,24.94346095811177,18.840545981231596,15.652567465016022,15.65132047470783,16.212996362340878,16.33303229228766,15.802823087752891,16.67698173368173,13.698121333681003,13.876394652361395,13.924930542024441,14.176908318552007,11.20485652250139,10.900266055501016,8.256070609959382,7.458532322350612,6.9976988397043165,7.241253532664187,6.007576662259148,5.587323598885542,5.481895025375543,5.055080228196894,4.761908531472007,4.874851215736245,4.698627628,4.839051731834148,4.912027002809413,4.8881384220178585,5.018703381008309,4.437628030668105,2.4003637766578314,2.484007557,2.603743409620457,2.742508832964976,2.9488961309532193,3.1780313704610577,3.319284122909648,3.4861929392995514,3.4130260989645387,3.2832567967797353,3.1887741687772593,3.178700085008165,3.0397063468589964,3.133327900417159,3.1252135037737507,2.920760411227169,3.097068526936247,1.0684977524446295,4.532935920889512,2
2.0383284687642087,4.109703701,2.1252849149457536,-0.335612341,3.832380602082292,1.6155417318922576,11.804865000712926,15.467313955826928,23.31879127190287,22.05412066737176,16.705323436918828,14.35930613824047,13.345470709938066,11.919610983074637,12.461651430383531,13.630441197295395,14.316419263301995,11.417284988878816,12.187392414262495,12.649184382404501,13.155371523371182,7.7035770091365405,7.677296081518863,6.454589485822796,5.450887919983019,4.650416797,4.610041785541554,3.704589950335725,3.903156285714038,2.6867099131327348,2.683533516762683,2.7600941546383964,2.084768423636072,2.0960791445045794,2.204191095008308,2.2699607169182414,2.224945201301942,2.3622130833745354,2.4357472217702916,1.8464308161180794,1.8284871281348967,1.9632319392640751,1.7085723142849598,1.6690478232195638,1.4153433585217465,1.4869052349500715,1.6512783015043393,1.8429585208050367,2.0092970930929317,2.0178278713247346,2.0183120324076502,2.1031779028225817,2.316621965668641,2.495748577199275,2.400762229916089,2.906390760959211,1.0506926466624782,4.042218138069672,2
1.8422340309387413,4.733536517,2.0467229446073874,-0.153215763,3.8851299236322934,0.2383275019175314,10.100834721968372,13.868837596056421,20.62528405864619,20.12990106671654,14.09478396055555,15.085870387125908,16.412870199432028,13.768845934365071,13.131313222754878,12.707422085245616,13.22088745338517,13.337890033365825,13.262998756207924,12.033543720010204,10.251090603654616,7.474370101685609,5.430445449448357,5.492603784016916,4.212970515293379,4.357078686834437,4.1130392743825235,3.5062381601145693,3.6032455861259036,3.3872420646205246,3.431732871359156,3.375184608235604,3.392183375567934,2.9496277631997234,2.8118501007958683,2.4765180865472756,2.5560598927267413,2.3455960238877775,2.2713856630239126,2.2734080314353364,2.130846997985845,1.8858180879821047,2.0142586787881913,1.8334062655426324,1.499827753226901,1.6848995293458018,1.6300392245347077,1.781916751374131,1.6783955621557636,1.7853099277678899,1.9924957271934822,2.073493420484002,2.085530339874466,2.345391365368812,2.5745372429871636,3.139788338085469,0.8806223185752744,4.156217915468854,2
1.7689439100055695,4.467009752452605,1.9288799890998376,-0.202462849,3.7113826100034295,0.524743925,12.324758386548503,14.090799276867726,16.996305709367608,18.13302224880227,15.338819783684285,13.773085862060059,14.886975148904718,16.209878835741396,17.15567651192985,16.75294673931581,13.116028517068987,12.074740941894694,12.651503815011163,9.154470487232025,8.975189040655815,6.8312714313675835,6.558700206007961,6.501287788,3.474100816898766,3.553208352850015,3.714812302864047,3.742222462366711,3.950383157343414,3.5762345814345142,3.6019011959352545,3.630649675151166,3.692075742172907,3.6330018736523892,2.848123890701118,3.0022261369995045,2.664746488095611,2.8150775074770333,2.184954831538447,2.3375236229462897,2.443504461119173,2.4363379840985933,2.02034715,2.0386829554361663,2.042305440668857,2.152747754353544,2.2648462289943154,2.3886038992856875,2.5588409218407904,2.398761839580393,2.608315249745576,2.835217444555196,2.887854546,2.929190166722476,2.8813447761803843,2.7198266392916204,0.870940036,4.611170367663373,2
1.7278280859588135,4.800939893349605,2.2169405470071806,0.2598183971766354,3.676829433012558,1.1791172628497806,9.738481720823037,13.546816113673582,18.27065137398103,21.89652646572122,14.73349469337312,15.309447099982062,14.405196483765364,15.581694676416756,16.785036922723776,18.16744920344365,15.527509036012349,12.811606215523463,12.334880314772958,10.85254215089356,11.203964877206111,5.281672472954347,5.1577656295191545,5.285331789874938,5.502875285228943,5.7407971573259475,5.480854355605656,4.375354653650751,3.2582046779463143,2.983010641670141,2.9896503734782187,2.937133437014251,3.038412285240453,3.078282045312771,3.236931658861357,3.3280609695346937,2.8497961798683633,1.781818416970788,1.645493215205883,1.6500858514871992,1.7724753229949806,1.9145483632769054,2.080328077878805,2.043457873267449,2.1962026479328283,2.254648202,2.2763146272927806,2.4814312183736753,2.6161409291363817,2.7190140278308443,2.4462326061281905,2.5686402026900526,2.5873007993568207,2.850111117568607,3.0515935113250126,2.650893932987811,0.8474122745272725,4.045651989991918,2
1.7133646307693442,4.27335692,2.302049348207077,0.4019042380453575,3.627846969838021,0.7193700917672033,9.009803939488013,13.13820346120568,19.67498545816987,22.914503332877356,14.039184169221569,15.038898400789224,15.941319810037282,16.70526502,17.288415138678623,18.342169065360714,14.97858452,14.195153137036039,9.890502540425365,9.608550436974038,9.119777587,6.002884833461067,5.764246308592899,4.7388951392597605,4.4793207789965725,4.0834121023592385,4.256439835316181,4.464360855,4.34864865,3.672916555892292,3.5514357129012653,3.504184211999729,3.676399276286157,3.1352881568587754,2.7643244367524935,2.783588450192713,2.8593489645423324,2.6290470514427455,2.674546699354427,1.904529964,1.1099524009942554,1.2588611379100851,1.049180086514962,1.1891805352327898,1.357887202833146,1.310179060927602,1.444700409723189,1.5192679156743658,1.4510920976069277,1.4534802052302978,1.6506120994934828,1.8642551399622886,2.0898845571293054,2.137591871444466,2.3850786954210834,2.6548365328156827,0.8362332719926161,3.7116185749067356,2
1.7278976865565696,4.183860866297334,2.2824088556224855,0.35039199600752663,3.521063499003052,0.42762248816678117,11.546232844679304,13.334165651429432,19.851400407333017,18.584271322407197,13.250882829711415,14.297878830168372,15.52203489641338,15.033655078783495,16.192587761968838,17.31794255958432,16.39445832151801,15.840825263887808,14.246036903896629,14.494578481382481,10.200813174743073,7.629199958,6.584446817256272,6.079331006,4.613413107583995,4.281093213256166,4.035100666458451,3.4989412820657573,3.056175066387121,2.830994507629823,2.7429221332056706,2.8863021529377715,3.0381886942341083,2.9697418913371054,3.0539356196120324,2.32372258,2.2144873747522817,1.5763100708088995,1.713474465634761,1.773957208733084,1.814020324964467,1.3234996775735655,1.424475412362126,1.5954538742787343,1.4316776906333586,1.4421478636638252,1.5594296742113147,1.6686864340578904,1.7869824662574958,1.9580397033847887,2.108277980252976,2.1527977864891428,2.328960620055384,2.489015403418117,2.785463916359005,2.5662287343995813,0.8565006690685312,4.345584753563247,2
1.7292325448458843,5.246311149995358,2.105644422361162,0.10339085634538993,3.8870672122701757,1.2869648940096352,9.702840953302443,13.20903713663925,20.007175851700367,21.377662163436508,13.760584369950827,15.116017761269504,16.594172123564096,16.962410810884286,17.958575021023083,16.980860723028517,17.353507427188376,14.803550859049803,12.592499125962675,10.964820187132288,11.283981762742785,6.641773978,5.858791080662396,5.845967535925385,5.915987477155881,5.193319224073129,3.8404936450071085,4.00805404,3.4373993682681285,2.525384803838344,2.6055800303378174,2.679709732381034,2.6886124304259615,2.5845739788308406,2.6980297253504135,2.585982500191086,2.1653759232937775,1.7971929260108797,1.676825362164927,1.791940152015099,1.9502526786336547,1.9097862226564986,1.9767373417039293,2.0144216329820184,2.0992903145141946,1.9436936904356459,2.032202688186062,2.133521093344964,2.1005783113799676,2.026768545149237,1.969870533850138,2.0610380116273337,2.245227946614125,2.454935791930231,2.573819788877209,2.6901067151184432,0.8445204996866822,3.948930591,2
2.2499801284082417,5.929232749013942,2.6490313838681954,0.028377528531038802,4.773608625822453,2.230978375,11.914740529243993,16.64186739499935,22.727283327012515,26.503000668570117,18.624024655313594,18.614128853177235,19.873317289248046,20.411363426865254,17.59630269035579,17.009078787086054,17.77796271739425,19.151027970900017,15.407602928427295,15.676723929752178,15.19367066159775,12.44126532345428,8.230014681831712,7.135785081255166,7.147172981918413,6.897330594229515,4.807540123019775,4.119867841,4.321262559799262,4.422267821843726,4.543148512884869,4.578631173389809,4.576368058991163,4.249716010998541,4.351565983381695,4.493722441281262,4.689809551108762,2.471260168494916,2.4828084742385035,2.339260644388699,2.3193688978891456,2.3521859707468944,2.541340014,2.4380499949751098,1.5794688500218212,1.6472043458525039,1.781095214933786,1.8782649245183054,1.5634648333706307,1.7105308218222095,1.8588078305061244,2.0291431789393535,2.136099316899629,2.289943061083554,2.5664218947098143,3.329999035,1.1637149458790228,4.292216225389485,2
2.334628134878531,5.459955555698287,2.7144996924835008,-0.010278333,4.355879991018551,1.185711254536375,12.326338988804023,15.429857991865067,20.650002125277336,19.966061848239892,19.135751244977605,20.910315909746746,21.52536233638018,18.140004518781048,18.539147400273848,19.19966198620533,19.26735574175649,14.993324650270361,13.57767614285325,6.230437336,6.527898991,6.647410565726261,4.9071776038641035,5.015293834441406,5.194219746186299,5.212272013484079,4.906254190283819,4.677705282139651,4.417538891584589,3.7933184111200915,3.7991570157355983,3.9797569919258784,3.9757785618732804,3.4848495900024203,2.6313918875911195,1.8806835438991536,2.015499810527815,1.8879431256973802,1.8367078277108362,1.894380806565838,1.9849138183768735,2.079651485252212,1.9779856596384262,1.948570672015241,2.017786320725448,2.074474945156474,2.2094524855443645,2.368485596796192,2.417736404,2.577481757102995,2.5134377319571457,2.5172463859113994,2.6074909966737856,2.8904935304641537,2.898282231050944,3.3993831126953253,1.2188700918267457,3.8357021494080006,2
2.0450432879022618,5.300155561895079,3.369182778636554,1.2646514627869758,3.9683345162744694,0.4794442808258491,11.031921069112244,15.173038062721329,22.509281434194836,18.992417771745288,17.03291590468158,17.560792734884757,18.526160185161384,17.636954501889125,18.044586137006785,18.053965406218587,18.101604645479792,18.349556184446936,13.015490458484019,12.364445712039785,8.776387455895216,6.996339588107302,6.5538515093251295,4.444011555,3.925620598235784,4.002278902523289,3.9011839901298546,3.741496251,3.790189694899659,2.410485159389588,2.0905237210822283,1.9345728156196025,1.912843821917977,2.0002883503132423,1.9574118332823744,2.0796556667105057,2.080975240104181,2.079903145342685,2.0890305506619495,2.238496030941577,2.3835095449649275,2.1803290678638656,2.119081863363266,2.292614721,2.371301538540213,2.543290329119356,2.3577190233398615,2.0859513658051636,2.2245903748085847,2.280217964126581,2.3730143712444645,2.5293095438762467,2.3550205626165406,2.258528432,2.5442442986439495,3.2130071890126874,1.0247622118765531,2.9211938251570415,2
2.0168182762512754,5.807155403847978,2.380611318545444,0.027247949125290594,4.188356793,1.4681467208012575,11.745121844052607,14.714395507075382,21.46920471,21.811093306170303,22.329921826423316,23.076169737640512,23.21275117842939,19.956203401057717,17.07443732,18.342049219281346,20.65434165263284,19.027915673511437,12.029866032396017,7.913622296498474,7.2628360116677655,7.203365954576083,7.195005311541146,6.295122357458607,6.352851110421673,5.250057198979125,3.8733944421436695,3.272485605689427,3.179283060370092,3.278488639594139,2.3991734478814175,2.1460938322568066,2.1012666432331515,1.5222941810796036,1.291222115995473,1.3618839421071598,1.447120330884301,1.5546230287402347,1.6139019917619668,1.7420120801783494,1.9045182068786806,1.8590622752128059,2.0488334288147985,1.848436681696136,1.8289392235817794,2.006480557,2.018047108324104,1.6830382193551283,1.8520622720374325,2.051783097669989,2.120202603,2.189274913984169,1.989186702357214,2.2357485500941325,2.173957797447279,3.0866260073567493,1.0165940117192787,3.2072175607390387,2
2.015927839575795,4.5534742287182315,2.380611318545444,0.028578044041732843,3.758779690748717,0.4859545764995375,11.25462535591125,12.06205848777155,17.238224090667103,19.24932425141961,16.304739391357447,17.50795998679346,18.995299200681693,19.61786141276161,18.20235317034446,17.040769072524466,19.103264418210674,17.604725239603177,13.88606536298122,11.130929598102277,11.545144996830688,9.653875433,7.122514001383045,5.910375979989611,5.042056725433295,4.861576985136864,3.0416134939264636,3.159993631535854,2.2861130283690145,2.0684833781216687,2.200503368599443,2.260075305573253,2.3815121470392127,1.6718514890440714,1.6507759814909502,1.6547442801025942,1.6848042880785652,1.3707820109513023,1.387024380738297,1.3835734832815905,1.4720117156686467,1.5213941371657398,1.4747675213853664,1.6199125970135835,1.4626417536834755,1.4351897733036776,1.5050629249710563,1.2411930516878293,1.433023161,1.5971100810172298,1.6427034265591134,1.5585644600927044,1.7008262345451248,1.7370795150463945,1.583691032134454,3.1104982246890738,1.013380097403406,3.3152081748337103,2
1.8648017316268217,4.8220236654689055,2.302049348207077,0.1561030040032017,3.7117200497044465,0.6358441156689485,12.167804400977403,13.94342042,18.38219230758631,21.174764319858586,18.574814570645945,20.32660757931966,20.05335625362573,21.418564598180915,21.072763315439534,16.30743882190913,17.744382111140638,15.278932133828075,14.088762929769475,11.762791182741076,9.775145089,8.538687413982526,8.112123538,7.500787671671201,7.302093726150529,6.571893756,4.862931101783693,5.004554046271848,3.2479186475875292,2.617698950023024,2.3726107979677313,2.1649796323693993,2.191822820691771,2.2019272841091304,2.038929716431509,1.889515551320485,1.995349445012794,2.1638449459474396,2.337294363481198,2.2845150373215377,1.5550377777649365,1.7278770468222264,1.7259638715607357,1.7758605348299605,1.7534588535867008,1.8965327814048587,1.9883974463097764,2.164975187,2.3381988687728907,1.3003470519238918,1.4082174950108666,1.4408890997317096,1.5285070537364702,1.7082935486515143,1.9448869442582253,2.9156047399805014,0.9217850218491099,2.735993338406859,2
1.7399223247746516,4.631096718809975,2.0139887902997344,-0.040358046,3.537260726990145,0.5637637809181404,11.986750693720792,14.782929290949289,18.07516884956063,20.706115303510007,19.858375668562896,20.26577364781681,18.74969081172083,20.141351529138237,19.067255743683837,16.989821187844782,17.00657133071203,15.118500579922722,13.484448031441772,11.56496075947321,8.659912442,7.0316721526348385,6.477853698331451,6.196912882637048,5.41795797,4.753227391,4.257394041322076,4.422997919702299,4.202355842145138,4.187352163707769,3.951538561483083,4.075501489984423,3.9535159228632923,4.126795551,2.8354705811602217,2.446522375118152,2.2194161714583536,2.018347405760168,2.1777359211565965,2.0741349916612695,1.8741626858662812,1.9833629145163487,2.0334562840656294,2.2043263677922194,2.0518748483845117,1.9572945255559158,2.028603411682708,2.2175968996425572,2.3778639728981505,2.3044292878077632,2.4514808195967897,2.256503742,2.459734501706609,2.695390649835449,2.8630264192509376,2.729168549584193,0.8482127580844205,2.504231728,2
1.8472366453069473,5.848650185518923,2.9043577874678865,0.9965812042752314,3.895850553901382,0.3465490674579068,10.120194445330856,14.62275591590654,18.69968607861341,16.956426512440974,18.58545081561161,18.179053900380882,17.957273903549524,17.901677816437367,14.318009514053566,14.60109715207219,16.71477113494374,17.837017873253462,14.285461567019926,14.538002180653882,8.578554361873566,8.929489220338189,7.833569291173002,6.836422838284317,6.061194917685416,6.190395952648525,6.399581935294422,5.110204129643219,3.2983775086036324,3.4855171087318193,2.911505117669913,2.6935336293280363,2.856206975609232,2.1422949365413664,1.7064778386367527,1.6860733525888951,1.8150772654561882,1.9007278438794153,1.9031931570792173,1.8949388575051669,1.8320790210672946,1.6315366073363076,1.750759161181666,1.3949377262110967,1.5311695789817241,1.6413809163691753,1.5166604209768788,1.6254437613474746,1.755361018796701,1.9083794137703045,1.842848450503415,1.8791947145993546,1.9026916561991118,1.9360414140251068,2.1101835219885476,3.3103062672371006,0.8656462255891936,3.8748516375161164,2
1.9015634745642027,5.244363607742789,2.5050011049145238,0.3695301024736797,3.7618282090301225,0.5428296935160196,11.426892736483323,15.109136151963634,18.395324143514507,22.11065072227303,17.033123378185298,18.06060391203593,19.05528673300948,19.974648072961795,15.735172443098328,15.356772678739384,17.735240030392855,18.652242586888914,16.365969915491082,12.435346952215625,11.904902576454825,7.9758857938645855,6.997320745973406,7.306016991295777,6.558795128166776,6.768177175264251,5.5143171862188645,3.991632900321339,3.574074041,3.708898071410528,3.678369567389374,3.7109916782879027,3.3101829767198505,3.3190125804935557,2.664832417908709,2.7843497177865064,2.4944405978921917,2.493805399567874,2.381593809856629,2.57155843,2.711542423556712,2.8238596671690233,2.9548367228427947,2.993342805046713,3.0318738492732575,2.395545585,2.5231928143862055,2.701816384120869,2.789903258376459,2.9533869489268563,3.142795074370779,3.296068672764278,3.4105992694142304,3.6763168280460543,3.6472617808901107,3.200889726356234,0.9188338471217977,4.478369029076454,2
1.7904821231479235,6.143933985416231,2.5246415974991154,0.5788090738499682,3.8170812762743345,0.6805382273577308,9.859071990964706,11.86141976,16.832838972107353,18.68082398171041,18.465352893037547,19.47468751887596,20.06535580106638,20.696309312477688,20.11543913970991,17.700164773371075,17.56835014799481,13.98199319065391,14.89777456498519,9.802803414594875,10.369858729520885,9.43160974,9.819453773456432,8.143096598084655,7.848429551181175,8.007769612153465,6.823127154,6.104377325070672,4.532261026116534,4.368998594450923,4.252588849903424,3.1544694750780633,3.0647637916780175,3.181650662390997,2.924038266284772,2.5493784050567734,2.289793365984327,2.287940224388873,2.1290128535401847,1.9224441994714512,1.676086101964812,1.5808418420255965,1.7262824446021872,1.833051225,2.010956791692088,2.151839752642055,2.345246925510374,2.4897237524998532,2.7004357105634016,2.9057625606020445,3.0818791233898883,3.286165533282284,3.378544433958774,3.6391237633537057,3.882727075631776,3.2499472901882327,0.8295103295959154,4.385829521782719,2
1.7405172219788827,7.107557662070879,2.2693151938994247,0.3114023526326699,4.002106043085074,0.064012366,10.620293843997228,13.251268850010177,16.974769457146817,16.31239088801276,17.924228911672486,19.258733278366808,19.89200935773913,19.54135340999614,14.32939295818314,14.19839315666567,16.590947245078556,18.85525929745496,15.75298793834117,14.458731475860143,6.998206021120411,7.36960758,6.966109410339557,6.077487733389193,5.874654571772409,5.613343630489822,5.226135818447564,5.135137218644334,5.3425156309463375,5.1374245435194545,3.9281543578994493,3.8846956764455354,3.664645745008135,3.5995464726628863,3.581687892464096,3.3871937859538757,3.3743872298420254,2.443491244,2.4303528928277247,2.2187866363459126,2.017503468194738,2.1973099251002632,2.223118689276813,1.9799879651720718,2.1644359009065988,2.2536405436740696,2.455680610528188,2.0653372104358265,2.269170917667038,2.2849175432536635,2.480989063659322,2.714846757052015,2.8932832716959416,3.0666873532771888,3.3226209013344663,3.221104987670184,0.7945689358345477,4.604617329460764,2
1.7928175464019536,5.909055351585781,2.092550760638101,-0.015167175,3.7494691626653753,0.032228119,10.424275711060531,14.744720420160363,17.741564809502393,19.152083617002827,19.461498436073065,21.344903935411672,21.53668311225869,21.198910046980096,21.623008960172445,20.34078922981262,19.992884051843905,14.694805402248146,15.001284407567617,10.605333216479181,10.337828514133218,8.036537466,8.158028429,6.392970353347677,4.907011817699779,4.972831465911323,4.1716403986128165,4.035862554599677,2.864298925178781,2.9232063836461313,2.9620275681993795,2.930044200286167,2.958142455598423,2.912659336,2.592783635267412,2.762184567381021,2.8810997381840613,2.974589280322902,2.9728336878110353,3.0830204089056266,2.6183970691889464,2.837792739542674,2.3474274066101426,2.3093131144221752,2.4075007552334307,2.509241529225979,2.4948421488607955,2.6159045824611913,2.668504488059601,2.7666108335419075,2.871872779182798,2.7615336338444525,2.825450229298511,2.9648111891107134,2.772439307830866,3.2718450427535983,0.8286808883125971,4.154343995127934,2
1.8975963306872763,6.282930791992204,2.989466588667783,1.022621140976683,3.850735694717752,-0.051977669,9.035896837,12.588256864660943,17.27995060656119,20.231673652140678,20.335847311728827,19.49048234693656,20.070550082682647,20.002113308841032,20.88491663228126,17.11913215,17.34014264,15.880757398838401,13.668149454713527,11.370846519736707,7.054431413450677,6.882107858081079,6.635828110354545,5.3685424679255975,5.53844658,5.639216432599965,5.376463641599256,5.355220651907229,3.1077422461381765,3.282893783937463,3.1246548783379646,3.118311840063535,2.942180980582187,3.0162519109178145,2.649713295591625,2.200095103684306,2.3394776073269785,2.469902079988492,2.488333050410393,2.6590040285043584,2.7487913217058497,2.935933196663364,3.0387925804095084,3.164221740606715,3.344075652,3.5451147750348926,3.516993998270477,2.9134580833882358,2.5689452646185336,2.6055392526515213,2.6491851758054903,2.7802126920286865,2.8161484385600746,3.1039807628580935,3.1619566235810828,3.4188561764149585,0.8919708829775305,4.827491080510913,2
1.9114967576287223,5.571898211448688,1.9288799890998376,-0.413161081,3.8097951723050074,0.7026165846940936,10.370872972505836,11.047616602432736,15.668425838199154,18.641770730621307,19.552369953156095,20.79109348292577,21.48256656,23.03702054868352,20.891850156651522,22.806588503387974,16.44605623237596,17.874740517210114,13.219764914368398,11.446804738996214,7.550873403966521,7.6872308830828455,6.927140056274874,7.241662187632732,7.070360209202681,6.506950078884828,5.8903675913946865,5.765089988740358,3.547608239481456,3.7358212658717145,3.515884107855231,3.552786002766297,2.8049085965871043,2.793645213895888,2.8747362086053556,2.357150594211652,2.342736085619956,2.0682691353470477,2.088059943191359,2.1656049629561216,2.3120135811773954,2.213526133493027,2.338653416523879,2.294283979123693,1.870396252578957,2.047464381939078,2.0626540802859394,2.1057176240487028,1.7178227145989458,1.7588427476074378,1.7299147346457298,1.7928606468875268,1.9309176261386523,2.1487581619016103,2.353597800764457,3.3242875988716607,0.9126689805451396,5.177415942512401,2
1.8939801061092727,6.823833461,3.2578866539905342,1.3875324904771522,3.986763745938415,0.3262674830185669,11.715078879905352,14.10741161324767,18.722160685845097,19.664586713779467,20.505022262897764,20.543552567481942,21.49118954819517,22.254344577379555,21.255086445403503,16.450446459388978,18.631312224221283,15.937618684588859,12.777589216613336,10.776874573196702,9.527620748799546,9.854557267088069,9.377152236355673,7.3007243200950285,7.411640111598632,5.6951234041149235,5.681127734354713,5.924812537257997,5.4791505619761365,5.568991476294939,5.565971937650913,4.632170643397666,4.589106292881393,4.467521075,4.183070434864514,4.331630927191593,4.488050582841485,4.003011412630995,4.023597550270926,3.553593380538493,3.432638913065058,2.709161784805051,2.8606051402023427,2.9014323391691685,3.0857552479702908,2.8676904894050965,3.004717171990602,3.223796817,3.4438795102628004,3.6538547586011187,3.685454616051139,3.7486041688075407,4.001200750823512,3.9841480245596093,4.179339603020609,3.754903094920619,0.8505240608171182,6.304038184551473,2
1.8668146771220921,7.379563212650733,2.5050011049145238,0.4256649660146509,4.085319688763726,0.2268014541621159,9.923493602353988,12.10850654061636,18.38939926963707,20.11632993415045,19.90102830675218,20.709005739226548,22.449043531828888,23.260940797824183,20.33532453917894,22.34737879403882,16.899272321796904,17.954599158365166,16.031847081256583,16.105914717383975,10.929123812029925,9.032173391758402,6.9743981327746685,6.7085325038205825,6.709293424054314,6.320686318971908,5.840247957387086,4.443678041071274,3.3377930846365107,3.0651675262765954,3.1983197311432447,2.9177052739446148,2.550974579184589,2.657295253675487,2.624608282756584,2.4744208754152073,2.5284913399294706,2.6238317705656145,2.704772051,2.9039629584995117,2.972015434523557,3.045412857813105,3.211121183,3.362791735618363,3.2330581589737952,3.4007989452611502,3.3042202075136897,3.293073658141859,3.472113620909144,3.7178024637689786,3.326370332713789,3.488922047920565,3.6983558966728394,3.7810299158743326,4.071297406840652,3.642141889893323,0.842458802,6.188474386074014,2
1.894313076571539,6.819285135459911,2.4133454728530963,0.25873446914544074,3.9516518192060497,0.5654428635386788,11.405746233231914,13.642416601816908,19.385627250856896,21.954999035603254,22.620949207175723,22.37002758002566,22.696570950351216,24.339687834446803,21.922029625361542,19.41187335503935,18.84307478138134,17.325199878675196,12.246708269443936,12.836716888239826,13.468160965212487,10.633767645042173,7.866811721224258,8.117024252091444,7.7930964288916735,7.665544446386356,7.270972358240378,3.658915950321074,3.699208245560809,3.862084784781542,3.8311678444251958,3.7785508734855755,3.7149343960674517,3.8374632608130392,3.7480819347812977,3.1066824076651605,3.1066792763881694,3.175205021524104,2.045944937005006,1.8579866421786688,1.7661046967470693,1.9053719391127444,1.9203197838054027,1.7384732861073846,1.8765443818705003,2.0671151764274898,2.1381200326990975,2.2320971664059948,2.269832831179823,2.3290481777674303,2.428248674016741,2.388115323890617,2.5759245440433958,2.845154634246918,2.930565685472209,3.593520585226139,0.8693788868213559,6.217166325257267,2
2.1442101594547482,7.519542336001249,2.8912641257448253,0.4894337298527456,4.5250734743742935,0.44189655879086936,11.112439956655708,14.260093832817567,18.253193255158255,21.066585387224176,20.815358312517922,21.229821262484684,22.730930438643025,20.15020867594734,16.070322853834725,17.430376090857777,19.14654920870764,19.04239999381266,13.627836501692686,12.70888662961851,11.360450897010113,9.838411772392044,10.069470412754248,10.009285905440171,8.778828485834055,7.669084789394929,6.727747003149159,4.888296161951932,4.983729365304213,4.970858282130092,4.823436014898647,4.970780430901314,5.095310463543641,5.165404987199513,5.395282316383781,4.850161160887619,4.778283161628112,4.970479248505037,3.148162457115258,2.786751609069591,2.6457530502496227,2.7104320084292834,2.891829685965312,3.042477061765744,2.949201971731652,3.122730028683306,3.193342889848388,3.3545194540517786,3.5106431554881183,2.853892677455704,3.091527000813484,3.2024890217140918,3.441933706990382,3.547700346,3.734528489422158,3.8818376511274515,1.0268096666606756,5.957071185224395,2
1.9211501651146194,8.050869374801861,3.015653912113905,1.016519413579338,4.255082381788245,1.2417640106199808,10.97401856888784,15.072985567162208,20.059151045048807,22.77937187582382,18.131432437166346,19.40461585396676,20.6796752,22.39154252664522,19.075727458539024,17.491236744205334,18.347836418135444,20.466840552328208,14.451135630512864,13.487705021438181,10.31005413914255,7.416609447273262,6.117432056987492,5.856432900276636,5.368298339674364,5.550399799586884,4.922993365229292,4.966390181221867,5.0961673061374615,4.880842110188182,4.519024899424058,4.528912146491242,4.497049172645724,4.315150214616529,4.353900309609798,3.494257430039785,3.132446533240462,2.8417387676662624,3.0219680710010133,3.1302205791285176,3.252335574790143,2.1596032513536616,2.223227141346155,2.4235774973313964,2.387458821952336,2.568300002564926,2.5415583836888285,2.6335505369889507,2.6895748632133625,2.854441251769453,3.0367481907170366,2.9334697075614358,3.114121901131216,3.2389604576699864,3.3523993456854697,3.643090973929688,0.8841750242507618,6.750600455472079,2
1.5946757686605542,6.435055884829935,2.7341401850680924,1.2232381023407506,3.8427180075300504,-0.434232588,9.463979221925793,13.52662944,14.75557097,15.72067159362889,16.325526262694225,17.82205527897506,19.13476304537378,17.52513142187237,16.70484546,16.915543578158058,19.359372316421343,14.152923423929355,14.000357371752663,12.834092236907784,13.45686703,8.612505737350046,7.917822219741856,8.238959332710019,6.7414823699217905,4.637705345098949,4.293722379239776,4.238609927915797,4.140613417183623,4.179345086277311,3.8725559552302378,3.971722072457173,3.8801381078204575,3.902344867981414,4.032382846,4.11470122,3.713723425075602,3.829135663743932,3.352533230761883,3.4535546253071723,3.632655697570569,3.5374976851996376,2.312771921523816,1.959779101705065,2.0126095268610387,1.6748652509085442,1.7900089125669683,1.8503836352123788,2.0452303512483616,2.1596279799454248,2.3712866852709427,2.5469970536821496,2.6972633054036894,2.7577420804116124,2.5659335832649526,3.196512410229394,0.6855498,4.519272037093008,2
1.3049583949305457,4.293007044377528,1.8503180187614712,0.46513789304673375,2.7241727459136196,0.40520764026474715,5.987228576235516,9.345639998220992,12.41125666929641,14.481417981320526,15.851690317060873,15.962602601987454,16.846463374415183,18.37609968241206,19.487380737492607,16.852601924805928,12.912320895786822,13.807385467674518,14.30505446198651,10.676392670848303,9.594213403,9.408042601503782,8.499823461565063,7.961498391950039,5.768396396,4.985995063,4.532732150718002,3.6637643863139697,3.7459419597420447,3.6402430591249195,3.449497957570218,3.2103388456696864,3.025320574844094,2.4409708800908683,2.582722745769474,2.430665860562465,2.171166692786649,2.3293441598295783,2.4503093496029087,2.3550228661542785,2.1455100916406473,2.039108497618693,2.1636789965893075,2.2660653206282055,2.2755497751419034,2.475881056829047,2.4301739202329866,2.509594374700353,2.5439862196202734,2.5002508892489255,2.558781828970886,2.1678830663110054,2.389097329,2.3085876808212795,2.0626750083810443,2.513280830375235,0.5425589674256758,-0.258952951,2
1.191154833353052,3.863221555418203,1.5491637991310667,0.2094328174760656,2.490771304758043,0.5068720055538393,8.664515532106014,10.661282240113428,14.081390077015332,15.662985127476292,15.62256258955061,16.641127890854712,16.104484778161133,17.445797810654664,17.52788575710066,17.321948043062186,13.26359704360756,12.744008702837034,12.347566306999898,10.23350288252827,9.120332821,8.276448127765889,7.287673931880776,4.268183851570195,4.524670895349708,4.166193684049714,4.085900541609214,3.5117277814152823,3.3759458117975245,3.0647350360988113,3.051527839229744,3.0843233236400978,2.866133636267011,2.806675296687057,2.7999255379786985,2.8962119261634798,2.7250012812845728,2.860071902795564,3.011215923729595,2.979157667839776,3.140668364154493,3.086640814865516,3.0344834277558146,3.199254360284675,3.3739312704699427,3.618496525837584,2.760654586746709,2.9779129210169866,2.9355176052956304,2.8718495371863044,2.1483083427210583,2.0048522855847746,2.051207147158883,1.9219230295102412,2.1279995660517352,2.450933004302424,0.46206896798483094,0.24257988715964515,2
0.9991527904154193,2.0038389900465745,0.9730426833163806,-0.369349306,1.9104806581594476,0.1397036094061779,5.649396645281498,9.066690171839534,13.710324186241316,13.51675772136482,13.802615716006606,12.609450068423785,12.27072426530038,13.14518626491234,12.764736853150552,11.91646962509389,13.376832516267289,12.47297366294041,7.614135055399508,7.735020980581601,7.223711995726098,6.614466171,4.387581569282282,3.1810628370256144,2.9185719268421777,3.101449612931486,3.1628125219437955,3.1318982805775244,2.760187051849939,2.4709061098416596,2.4553847735216454,2.420033928222167,2.390561345858995,2.5011456726863397,2.388898845,2.5110859047419027,2.6165218262775625,2.5842033342530537,2.051298793261607,1.907788686965064,1.513825971580199,1.617050074252137,1.7722339523661892,1.5811013559524307,1.4550040462232834,1.449466521188388,1.6042538399774495,1.6678872990268203,1.734019956397157,1.3830047607709577,1.5169974304533829,1.3403376851938884,1.5578746436632622,1.798465133549705,1.9825597822983134,2.1894137221305603,0.34360966764261813,-0.785853588,2
0.9067222044488479,0.6311260795337189,1.4836954905157613,0.665423866,1.2314812375757427,-0.150524387,9.725330007358657,8.866142231590356,13.249334665997281,13.52474767571018,14.216408300620692,13.382641991659469,12.955961090828474,11.597050344889258,10.046323229565205,10.219134375054413,12.093910052647821,11.788835062396505,10.650275280441218,10.037681733985536,7.900672273764492,7.381498584357696,5.975403670754623,5.913752242137133,5.326747770348285,4.686462997401191,3.8277622378672738,3.6989555564247625,2.5728676260447454,2.3503040989745227,2.1553902518700983,2.1530981719370947,1.7900375424768185,1.2449792180914527,1.3794922592455068,1.2811501761891821,1.1495493123634082,0.73290534,0.8469011543511918,0.930355565,1.0627938516568858,1.000876203514907,0.8644188899230061,0.9499415180238913,1.0816248296743978,1.2555944919758317,1.4191981011300263,1.5400701182446577,1.6898458155071834,1.7848415377448161,2.0014490037429216,2.126682133146348,2.2732868899506404,2.352637600203936,2.5289725712193665,1.9098223538141754,0.3060386255220678,-2.305717491,2
0.8894955604308901,0.9500803829920159,0.8159187426396477,-0.434507254,1.3996927723190626,-0.431238928,8.986329460781747,8.334496425820868,12.262703105027168,13.36314381779388,12.860030699171876,13.741789717302503,13.626708663072193,14.53652278408429,11.693074826267267,11.428867302536831,11.16501287419621,9.559212541178859,9.316024706361022,8.606328806737597,8.665497944197869,6.913305193890426,5.772534124905659,5.646670941068222,4.69397147,4.715573280855488,4.274799416372734,4.467633304482755,4.6487107343531475,3.729881269203712,3.904546475527684,3.851167970553552,3.319721828,2.392812713605408,2.265404104326692,2.220753418022465,2.368221947631837,2.417136611999909,2.5839894049948033,2.5329581715576155,2.6106950448239057,2.779699654,2.3035805531173095,2.308880804622994,2.340418120555916,2.5067635905438754,2.456003991,2.1582353685318343,2.3355534620524043,2.168819643651317,1.7855777463899594,1.9814925582796903,2.0890878471895062,1.8479386248871694,1.9988555845126135,2.095118761955278,0.2685105300347328,-0.9035404,2
0.7977470903873791,0.5860024334377634,0.6195138167937317,-0.605465496,1.2012842226999498,0.2036222554700142,6.321615930879263,10.180375805392487,14.122413667722888,17.05045919165124,14.34045766299151,14.341225864338334,10.040206771222351,10.604579387542366,10.353381017882288,9.757163501718276,7.5420384403084295,8.347034011915596,8.785121548,8.696576063811076,8.786828587243233,7.351036955938527,7.122112352066103,7.064140383796656,7.056931495639613,7.102899728906656,5.870595476094143,4.847791249808829,4.198154124135571,4.305121551200643,4.024535497847658,3.1260323944480173,2.368599331476847,2.151538868901929,2.0313896579934743,2.028923320015461,1.8731965443609981,1.9478917783344507,1.8933944630384856,1.8863312615201517,2.0555294553114605,1.9399896645145307,2.1192819855719485,2.224361721401455,2.137284580337095,2.195428956583359,1.9484769063390306,2.1141324709730647,2.2962248563023975,2.407837216721266,2.618730846902185,2.760190381162263,2.7279406325418702,2.781460899196213,3.001941303,1.8740112506571611,0.22456979190448223,-0.696776136,2
0.8684309019387536,0.587447181,0.7504504340243424,-0.50787642,1.3222815419179985,0.6319806220222746,7.477442831,10.558769197274462,13.630893036136852,16.091132245241678,14.42823086777347,15.689390850031673,11.428616904326635,10.762060366453372,10.708347520487278,11.747036140313481,13.560924160268472,9.010633773913117,8.965108060789504,9.432278657399127,9.324272636533912,8.324663817274223,8.087981845,8.000265413330364,6.791232978097098,6.673912596618657,3.8626568691160332,4.020718766909766,3.0470655921102465,3.1970748890271974,2.564222035462812,2.667367093876372,2.629542905,2.542208580967528,2.4894875500924503,2.549889542829493,2.327065515690653,1.7907919680288609,1.614227512552251,1.765932830660637,1.8584015323324865,1.7303959519799632,1.7138737228977876,1.8615867354518203,1.9647442185935307,2.0576657174209387,1.9668024216379358,2.0848328075785982,2.1970585384067722,2.2354275193112843,2.352560803222479,2.409937507254867,2.5716516251867074,2.374906708983312,2.618704118850788,2.0166174627611966,0.26220640603365264,0.8738824495020486,2
0.8373600826935625,0.17785349386949376,0.9730426833163806,-0.066606194,1.187828536,0.7418806215819088,9.262967855824838,11.614316139016031,14.176458311702921,13.238459025706273,12.860102351152678,11.782443874057853,12.823352357593167,12.51984702687069,10.186188837917099,11.042999693704642,12.376624193669105,13.127897206873527,12.167020531863068,10.072979627284493,9.300304853759219,7.317580476011628,7.080439780979966,6.593461862644703,5.570738492434929,5.602159468747797,5.794909855630541,3.87110239,3.707180761594844,3.8938062011788226,3.9803725471367457,4.159510946104894,4.2331397030371045,3.978057878632316,4.071523749511373,4.254593755888734,4.3423575570601445,4.419183451747035,4.353751282435354,3.952544596496558,4.098162295203265,3.315373132532084,3.059497945,2.972205473835346,2.4270685953866824,2.424614199,2.4941721321903434,2.6960901590103594,2.305552169993549,2.402881393071824,2.085355798931407,2.184911444347882,2.1931815684568634,2.211659645957285,2.078114767110779,1.8752789958321778,0.2556080382706391,1.5540644286484016,2
0.8527808392364421,0.28781725113009915,0.8617465586703614,-0.287969584,1.2451022038230206,0.4609938287788986,6.718861373145408,8.356653748116303,11.65610915833649,13.749567494389874,13.444944260947976,11.237322245265212,11.597498731005468,11.366852907605466,11.124369055186461,9.294778455847318,10.780273606405022,12.150245340691816,10.28632281376682,8.210828945931965,6.977967415859203,6.551226422842519,6.640492885371518,5.459799637,5.703200185914323,5.117134953028773,4.957906422960656,4.203369740217366,4.187228186746351,4.324847895476671,4.0330570975595545,4.217463585083737,3.3050680098387235,3.381652217104311,3.1200083852618947,2.9829383193129915,2.6152637642443475,2.7867313182005278,2.8133815286641712,2.7051431042257366,2.4415133783534886,2.283139751588237,2.364666552796503,2.3173347095929056,2.246569809127792,1.745237366483826,1.815389614244554,1.8653157354388383,2.0513468513870854,2.1751335411623507,2.119780917459389,2.323268821909014,1.9035633766351194,2.124864253921071,2.3559601939141968,2.002216265900476,0.2514028329767598,1.1270938661435594,2
1.0123391122173848,0.27646553756201625,0.586779662,-1.028995155,1.2843191626618453,0.520085405,7.3006563344443505,9.586701165,12.719614196883544,14.820905805780239,13.503481395036903,14.455677981184738,11.872745527263318,12.340157069819949,13.365069591543046,14.652091404378817,13.651083396863715,12.87027300756554,8.276753794014171,8.138682968,8.424133046132305,7.580980819773433,7.901999176772378,7.363908153435534,7.3734558353409145,7.293119728208764,6.519401819368318,6.624731584633435,6.208968993488134,5.308069806,5.3775131808247005,4.303944060342403,4.4945934991002945,4.5992042101629895,4.210680734725859,4.332750025623541,4.035744554088048,4.1657956275868635,4.322307996991282,3.517835040664317,3.7362132130908585,3.1428393245364936,3.1904678927405055,3.0323378381885386,2.702247851611562,2.5801835779606677,1.8572704627065435,1.902376166,2.0806243785837157,2.162674247511417,2.136216520855276,2.078567847624046,2.199751864969086,2.242579261076951,2.168510033,2.228098068752113,0.34915244233209236,0.4429493336209369,2
1.0988885829663222,0.4651334768919504,1.3265715498390294,0.025822577344546373,1.3970148780109148,0.9647958085680836,8.567786578045617,11.79049292516468,13.547012072715649,15.943811572272148,15.053917828754084,15.635366882040932,14.942793078256882,14.80308379691128,15.680712996625463,16.93999215083961,15.889823989169477,10.837653346812054,10.879120890498276,11.224082205132401,10.834910837991021,10.09577044123453,8.657126676160441,8.426305401447085,8.122733224751881,5.308650883710516,5.069223778772343,5.276888685836571,5.223738620972534,5.156316545897572,4.805945819000872,4.816683654389912,5.003782220060773,4.861238740850937,4.909209097609806,4.4579025174726805,4.588275901506577,3.9313680457357543,3.9854487287546885,3.2240178975416995,2.4611217494893562,2.5700273900923647,2.765022583150249,2.5411918680908365,2.3371862524302798,2.4767823815820655,2.6418871863827973,2.601525478446534,2.675539963996497,2.727728578,2.7811015796067435,2.9335150849124934,3.039254298729145,3.305681726103373,3.015640145671378,2.2662283129065757,0.4124443941727747,1.3022140248132368,2
1.5489505210090704,1.0755416816943364,1.6604599237770858,-0.23725311,2.0696083271618706,1.2557521500927198,10.702774553693484,15.919394171702189,19.732220225435025,23.62957966597098,19.600791505324054,21.25727405555942,19.50233548924878,17.789566810376794,14.993780009129033,15.828574699414919,16.056080000287846,15.13297335314988,14.732166630336856,15.326236954307836,15.615197075555097,11.714148285341292,11.514527719396359,10.229503709282223,9.841093718,7.952721017707416,7.790563978863177,8.046983696265842,7.997260330857615,7.274546594888822,7.411441695688101,7.440006898146009,6.959364008550099,6.885966473132691,7.081582490104766,7.168187607905163,6.596535957867598,6.794302475361693,6.738959772237509,5.694228600491486,3.755703626531381,3.7261741723479305,2.9640288430360244,2.658289672143328,2.776929135928367,2.7223121867138347,2.6534121356561076,2.795703669444737,2.826985835429567,3.0164080857375697,3.166681699663366,3.372433605610261,3.3073253406560505,3.160813459304739,3.4486726965050765,2.761250458952605,0.7008225798386339,2.0453305707113234,2
1.8254830761897658,1.247870108518699,1.516429644823414,-0.846809485,2.3840583008016294,1.2476148160689469,11.528064132088538,16.600334982323833,20.74515860400769,24.573559618451945,19.45556383555973,18.53773498501355,17.182734059948153,14.562813375913692,13.86873526,15.024730966094149,14.354177132906342,12.558075417771924,12.175523025043496,12.768100108162935,10.992920377829188,10.673027976039279,9.986322925929336,9.015609497097543,8.808624557571996,7.710414799840797,7.459082919095614,7.346899459688401,7.531297515806792,7.575072811123012,7.198412162820047,6.089695247161521,5.523528803,4.834280873954691,4.919731787643646,5.033723361012283,4.8743972588957005,4.934741090825162,4.953066712653538,5.006799468167935,4.685873947452841,4.272292417465776,4.402222098996402,4.495554539568284,4.116833529,4.3034884404535685,4.001324442500138,4.089268400271344,3.8577119956035606,3.4872675349859255,2.9957362131170098,3.230759840677999,2.9549314107660276,3.230327938936894,3.5371877447918743,2.968282816548326,0.8868997995614221,4.640813157205194,2
2.221668318949168,2.5965796879380107,2.360970825960852,-0.29067151,3.2215792039584907,0.5768169849453993,12.06695043995893,17.502304643814654,18.43843602907259,20.889630837043352,18.858627493159553,19.37759546342691,18.337026002731562,17.775974557855548,18.824962333872055,14.768346379127621,15.968882286872107,14.856665372651953,16.00014340185562,16.02162540358481,12.024035275227115,10.947482129681891,11.017960494282367,11.041123896570753,10.58125418965228,8.655205384713891,8.870626316892924,8.984985032356914,8.360799036903375,8.331843723365646,8.018982502239867,8.125579303250802,7.995139373602651,6.290233719,6.396587244777775,5.798616376671425,5.523906894033151,4.393148862303559,4.406134214062976,4.6338220450548935,4.300650195873904,4.536010935529376,4.615581621371626,4.733165586507396,4.321292323,2.7742954681607666,2.7398366700492276,2.4440628245022955,2.4667794527403744,2.5327313427887868,2.3480397836324296,2.522971057,2.5835717503571285,2.617869392824003,2.8963892274794305,3.5199424918323943,1.123610885324024,4.754321574,2
2.4986582537815525,2.0480294060776045,1.7913965410076964,-1.323573224,3.072607726751276,2.305717095505941,15.615917642512079,18.471214316303133,16.68142414180945,19.027947354991806,20.841304366946275,21.089254272937644,20.97159264049386,17.67305005302508,15.715345295450168,13.807428176203146,15.73625252111085,15.235579404423067,12.908029398257533,13.34571325,11.788851815605671,12.237884329919089,11.225212246821524,10.781197870148803,11.005698941111223,9.973845025573537,9.785773309,9.628360963250943,9.825447283790666,8.144722476145603,7.610153855422281,7.268070688417303,7.467898140235831,6.8081927980074814,5.278601629232207,5.1717747413030235,5.231533120095693,5.367071554333604,4.463504572171326,4.649200600126623,4.585309100531513,3.010438323033756,3.0065249613220817,2.968426130644351,2.3973813167615736,2.578424495988875,2.358921371777185,2.3087911162948798,2.4204735818931025,2.3738794098201335,1.9208678873235114,1.977879213779877,2.1115684071793237,2.3757287674870917,2.4102180813071405,3.922975652912019,1.2868901975816915,4.694016638920582,2
2.7210450013892635,2.721894592062138,3.2578866539905342,0.10590752151749115,3.5727362126571474,1.539926201533602,15.097183016871837,19.708919845442857,20.40684312994273,21.83726823218632,20.193600445756992,20.951589051903696,22.849856496671396,13.265546252031232,11.919711764663216,12.959449009345299,15.22557545996504,16.829365767523765,17.27218176558361,17.335408273680233,13.299053213236803,12.832710105144727,13.03942497363098,11.613257313822011,11.233634043059347,9.333314531,9.543291078120257,9.214991840363368,9.410553860369076,9.232172317,9.022443803376515,8.527843661,7.728202244606804,7.2391173201554135,7.3092884133178515,5.3442219804071085,5.4856211445962995,4.652538178963617,4.680379277346974,4.683104728928821,4.364531167161099,3.8707158587651924,2.727119837323268,1.9249550561756406,1.849427411684439,2.043268270964092,2.1778690010375352,2.2864114454332434,2.3867366789636146,2.272237261340518,2.469272879432836,2.6938751813484685,2.932847715679412,2.9683157623053162,3.233686465831879,3.9264812102739532,1.4492259008534845,5.242410769651307,2
2.7269361883996615,2.2158052960887558,1.9026926656537155,-1.438296718,3.402764137579417,2.5034000831714143,16.111862274021444,17.965043441869962,18.44096576889094,21.88276462765878,22.80410435047729,22.310676081160597,15.929526215538015,15.741256035811464,13.529212380759668,12.443454197374058,13.965516429789108,15.57866004196437,15.82890941382865,15.69958525141932,13.943878930502912,13.62450094,12.507313435312083,12.407132524344666,12.42141043437927,10.631854814305166,9.637854169742116,8.903110157784127,8.597646486251742,7.111184565303194,7.166297223528823,7.111199333,6.715921170344887,6.417630771836697,5.504500463598837,5.565557075438194,5.6831680222514125,4.992954544593525,5.185826657,4.299859513,4.251843106872098,4.460218924125343,4.221799897573865,2.7942146438461264,2.908665096675962,2.3234297904335044,2.1476246766637863,2.351408718995585,2.3214979761257464,2.516225044552652,2.590089794,2.6204524572510497,2.390341808290555,2.1268985473518622,2.0917096153467005,3.7351285235657143,1.4715730567070253,3.815205111,2
2.765813398663132,2.4478599477122156,2.0729102680535094,-1.286600803,3.608191053730833,3.0792088967030846,15.915811879205595,20.59699499281677,21.452592517500552,23.74608852904018,24.731946741197927,24.89225598768929,24.034861240053168,15.329397178292998,15.285332917534593,15.45837137067166,17.673736818780625,18.333611720341885,18.518834842373202,18.84849707,15.084171888502299,14.709743505278524,13.803900571038742,13.146678142175183,10.41988045,9.811187379097836,9.976042518452394,9.999676576763521,8.083436519427714,8.224978439434839,8.248854943134495,7.247865578184841,7.3830769460495045,7.503538647330436,6.941067147543897,7.184587440474089,7.354500101357365,7.670285427664761,7.7936753094570825,5.2782557281128675,5.051018325597927,3.9164688947739434,3.3664880582596153,3.123631763440311,2.189065253953909,2.1881946013630156,2.1992430845513216,2.401000753936169,2.612239061407237,2.3822666840740117,2.608096950592245,2.758028789256114,2.9055638583629486,3.060417093420928,3.307450845696799,3.785778593965582,1.495119452799804,4.684940804117952,2
2.4457648059923787,1.5055405089174234,1.9485204816844293,-1.077017055,2.6671344259921614,3.2790487367671144,14.79289207718459,18.92099794196029,21.449509145346113,20.795588907761747,20.748613988331762,21.715581043579594,22.54195514667005,13.743412160982375,10.06044894824976,10.765991333717306,12.72652197362825,13.522047059900572,14.413860135660336,13.121904052509896,13.327762602504375,13.125743133278302,12.160923608772697,11.865919892254063,10.999092241658731,10.037236745566712,9.367794420022104,8.858603566322259,5.326419820702858,5.303871904598306,5.334684864135632,5.3736797672889525,4.557655194745597,4.033300962632009,4.185195831995328,4.207580743616344,4.097015333137242,3.748762064882491,3.7057045450234196,3.3524765900016873,3.054260139,2.913443757140677,3.082324958098533,3.2449716107143987,3.3452331210927166,3.280253581943919,3.3786202120336113,3.3782062993127453,2.728131552346703,2.7627714935580854,2.8552290853369597,3.0308520354348607,3.140371728457141,3.3148991642639047,3.5495808075242437,3.269794107225497,1.3121560003783093,2.9246634954323496,2
2.1873979466958646,1.6616893170756832,2.138378576668815,-0.523238677,2.405446619427145,1.8720190036812723,14.759849636124631,15.857489299869217,23.04861244091947,17.53972453510923,18.49085549504929,19.755566922709118,20.217122338029377,10.890550030796227,9.580786930045992,10.485614243902074,11.567149794214115,12.247957713020309,11.190266659293062,11.273884139108741,11.778454053121754,8.884870170068874,9.226834486203881,8.837443420572004,8.299098074189077,7.859481003984438,7.5978028667587925,7.7315203835908966,4.972746760278325,4.745022258040691,4.944916572587881,4.950194075391845,4.597076673043494,4.407511963864273,4.586769512928244,4.285448125,4.2634620092763615,4.437253497038558,4.5741923714800325,4.5223782734182585,3.5032676729236916,3.3262342665904208,3.0939534106138664,3.193188315824451,3.0631544014700616,3.0326937647026733,3.2152956008066256,3.331439758206125,3.443919519,2.8679070684965176,3.005241960672845,2.8633309211895406,2.547523984963515,2.7706301181176074,2.2918541351126933,3.0169680116858903,1.1486797814091878,2.9611519619416784,2
2.4301821190738995,1.9245110189318146,2.0467229446073874,-0.941213915,2.6432958541075893,1.961535758422342,16.285758478242393,15.75375572234793,22.55919075190514,19.80312718179867,19.03559598227788,19.68744305666461,20.40439079636492,12.749832847344363,13.199159692912051,13.353928314809606,13.665382322322776,11.958623528952426,12.615777860144428,12.341697601885942,11.954602977253238,11.918711095991355,12.344060549388432,10.924161047922599,7.282881769047642,7.3384334910223155,6.715486559,5.903298121,6.148861087,6.135726448617733,5.148809943368677,4.901314494761339,4.847870618495599,4.601181479,3.2773831192846554,3.45089654,3.616820286633873,3.697075829740504,3.9147016276176068,3.5820459311139357,2.9569353354505354,2.7819844410009273,2.299166321182894,1.9412781274922535,2.095378778075916,2.031452244638507,1.9030324850012053,1.855221634797993,1.8645439465007876,2.0269396185735946,2.2304865859803655,2.0084288402657315,2.233026714975147,2.494429056413481,2.4704101253979514,3.403217110591749,1.2880280913521034,3.3693991149567117,2
2.565912033628315,2.611821675546979,2.878170464021764,-0.127414038,3.191203758627181,2.503748742252745,14.730696241584871,19.49673765696861,21.99615783,22.78074587955836,19.019293653683693,20.138844241546806,19.783417738903214,16.508730936912055,9.851802511394226,9.209661922,10.39760202666402,11.840165263474635,12.601546721817511,12.809111522625804,11.85326695965483,12.256504344055521,12.36186010984063,11.296027429831204,10.217357762323124,9.663891621743044,9.898120204762058,9.889861312776597,7.761009027278647,7.943349710591499,6.749448540842322,6.087525736526803,5.722108839873329,5.882946589301083,6.099084119035646,5.668239028414778,5.400582434073516,5.638961370797316,5.50610128,4.206725617598581,3.6856510579028705,3.905494597317476,3.167295423610567,3.395064399326528,3.635521110150374,3.2399302358077087,3.2267059405741394,3.0624557200072737,2.9822436772191736,2.982391334178666,2.759231325535277,2.7786451823295817,2.869517722168769,3.117856337689645,2.9351174772761173,3.521992723180699,1.3751162731671904,3.406228955753886,2
2.531711292037821,2.569706953202005,1.9616141434074903,-1.159654977,3.1538565270830357,2.836795774159694,16.359899004274304,15.904200531835606,23.00816598,22.748817299151572,24.34562941245141,22.156720040923087,23.51574781424891,17.70407497334294,12.390999616041768,13.10102707690423,14.574964268500691,11.935919085533072,12.777209493587137,13.492635354808915,12.486856696187793,12.479736815824202,12.797888538627848,11.521932843350367,10.478187725337005,9.127262069398514,8.436325128,8.627070579927608,6.566548943066209,6.8102310244575675,6.863692505351676,5.745518739063505,5.933507516432436,6.141830181548221,6.1638831722627865,6.196458024431682,6.157246228009124,5.35876939,5.002025921544914,4.869714263310681,3.8087611926858105,3.7941796980368405,4.021073785451531,3.5067727617378814,3.5775298440127874,3.677861298942731,2.966612861220185,3.0479719493910746,2.772440914541755,2.6692414521506516,2.695261814735484,2.7965781196512363,2.9062650155315963,2.181082067,2.3775362892968275,3.4767111138406985,1.3547572913895467,3.203886284683018,2
3.0272822799357404,4.201661271854244,3.401916932944206,-0.121129282,3.6935015478153543,3.1679760031227056,12.659394270312697,17.158329464926943,24.19634207069672,26.759319942206265,26.339044408907228,27.15928885692094,19.61299002093319,16.98723027138348,16.379458813551118,17.287665709618178,14.63890544,15.031921433071739,15.688350157258022,15.82859575726463,16.15533601178575,15.048980229445416,14.438058619664874,14.05795751545819,13.208496712791431,11.050820471868716,11.321064609592026,9.441633439158055,9.295356747037665,9.426129986442549,9.342244936674277,9.382983759226963,7.492584646038746,7.759148926500202,7.761194332429677,7.729149438352068,4.6865929736953404,4.291798145472257,3.432905971231831,3.3207673293706907,3.5477012391775777,3.4996228877681648,3.560339330248673,2.948492813767411,2.9369412092768963,3.1672484211314202,2.9717385598196424,2.615015973586494,2.669368789868788,2.0070610907270905,2.1641057019851004,2.314515191896887,2.5393541691721637,2.7880068370835343,2.5586019203802484,4.042044291330143,1.659452827349437,2.1896011715784307,2
2.5426322722243597,2.6630074187579353,2.0467229446073874,-1.072080057,2.589319999037257,2.1044631950825345,11.681742660960651,16.568053947811272,21.25585820455666,24.669838550118083,25.01101257893628,20.18025337398981,21.978784894125962,22.600496650879048,19.425024842286476,16.767497068459736,17.430147325297227,16.45956358980954,16.872875127004388,14.80280649888584,14.22743360845832,11.337633354142874,11.62649503727321,8.385187320918215,7.8239073325374475,7.577936549196618,6.894473847078385,7.003929487738372,6.489266381728641,6.020040656082248,6.197743087460313,5.940326727535772,6.086403699679147,5.1112668249852335,4.316493209059966,4.444779775484896,4.487859755984472,4.634799638106585,4.1378454336358645,3.6266760469791235,3.826012566501341,3.9082209051203227,2.916171801966308,2.512796656822336,2.6532388007654064,2.130070582810765,1.8019532913596994,1.844375664,1.939444865053946,2.107954852493732,2.141349988671957,2.330652053267374,2.4908793731768353,2.4540033913314407,2.633065901118004,3.612622332564967,1.3498086519604542,0.6839469456966795,2
2.365169899385618,3.7572435424364237,2.9567324343601307,0.24137719155116655,2.8889164783311894,1.8880972110308947,12.995086450875581,16.175150504286123,21.04489248181363,22.236546131199255,22.33293111712697,20.261330776513734,22.15507940046314,21.855428484239408,18.493672230732976,17.60555316426093,17.36428598,19.071148516053476,18.166263844131503,16.588464925200025,16.645435635161952,13.692701607013733,11.0875813,11.431934486491908,6.282920948059496,4.6278975531071005,4.7432366732306575,4.430900489213929,4.635095477,4.575839489,4.665679182481215,4.005716168151501,4.201228340715743,3.9737991000960897,3.995427250758636,4.108123272238132,4.253374281386676,4.088677424236439,3.539236903141863,3.337470466476847,3.476468723624028,3.5736550452033726,3.4685746913188353,3.5917575879052643,3.352070436,2.904694360542951,2.7681219428811112,2.796022886841917,2.990331119514131,2.883939824100475,2.947787521656247,3.0823162010297955,3.0317998630623713,2.8819726287920906,2.943790792644937,3.6291459035986287,1.218153535090841,1.8599758958223918,2
2.489662699720924,3.9177248278103423,2.590109906114421,-0.367306509,2.9175899222193866,2.3360450087410913,15.014480177563158,16.22121533357492,23.94146199,24.02777648299605,24.36294911223239,22.302465602395152,22.712882368737336,20.91934656486509,20.224810752331543,19.706716071581805,15.812018365516694,17.854935203828543,17.476770026617476,14.83275631425479,14.268237042955874,11.640841280017408,9.968689632576938,8.458455251452209,8.141803715589742,8.124813053117562,7.011081292174518,6.252556952646725,6.063260873415113,5.249552966921553,5.304373905163931,5.504293811616636,4.620237641283959,4.384719870678158,4.515396912772364,4.521348808265856,4.449940669622692,4.264793003808214,4.158770024534453,4.325840396,4.252924467434975,3.596775046388174,3.277824799273876,2.9727556187581725,2.7211559660021494,2.7688337465522967,2.4220573007979342,2.1806548795259784,1.6933525262138611,1.854142867541007,2.0508141071063997,2.1946444331275283,2.343925220781106,2.5836177805957643,2.7977719874238414,3.8721442839067888,1.2854986774050636,0.9218183488386036,2
2.332804899867857,5.616861324529301,2.9698260960831915,0.3040709022026678,3.2399423709237882,2.0333202176417915,13.408774600849132,18.297050750437407,25.860675321942477,24.285948792194628,22.180749579618112,21.62573206,22.64294964500202,22.70922045727661,24.421185860618824,20.11365167,19.13861344229748,19.552202263815293,20.154305962963786,20.157523889888406,14.583043178964129,14.75395094223949,10.633539986567767,7.222556164,6.950189677311283,7.164169661618828,7.3293624234290675,7.285019319,6.840061136741038,5.739985146257477,5.234586833434998,4.980566126555734,4.946713501354241,4.827843998,3.8746414354045404,3.7500285184889868,3.7027213096355323,3.458593068513662,3.632599910665778,3.7047137304865214,3.807133153,3.5592530656475243,3.768010352,3.9653800182635273,4.1299202965837605,4.197210912270107,3.364548346566558,3.5707372241089406,3.208030347,3.3525404706995063,2.843951244383058,3.0259811146870863,3.2667538494561237,3.4612628143088595,3.560168057354703,3.776928240732253,1.1793825972493233,-0.818581917,2
2.5006504844552877,4.977429048835138,2.7341401850680924,-0.211093243,3.045039517928398,1.703074563930149,13.513336311923375,17.093320681327672,22.834882208748635,27.187831037161097,22.983345595661465,23.585878373733248,24.36251503787894,22.964829905680155,24.340392820462913,17.867907070827876,20.54499165927062,22.764569707224926,19.393306458082805,16.58808603583735,15.447155783916719,15.258056557549596,10.732124575988749,7.870965351795004,8.191693914973223,7.746199842876174,7.928725322118001,5.361078275269888,5.504364701032656,5.456642899909845,5.661662207090239,4.313394642003548,4.049836609853117,3.9621822798985726,3.9952861863620446,4.199137973335542,3.7979617492612343,3.7402597541598888,3.5076168662350113,3.3510559280897887,2.6585465098480956,2.2763661256460943,2.460471922,2.3893848319469644,2.3400942444661568,2.4265865477733137,2.5317231659533097,2.748622099541922,2.9539368227185356,3.077163196893291,3.2814797788877663,3.3711441189235516,3.610585586804301,3.714996263770064,3.4386111506536228,3.9258154913529117,1.288040293905911,-1.515861209,2
2.322508611353098,5.149051063145367,2.616297229560543,-0.1135207,2.8106104347938414,1.9081907628106871,15.233940719474093,16.35460319252727,19.671164113250637,21.798063874030685,22.483911182161076,22.30073797971326,23.65190280174011,23.25407313165697,19.23949227120066,19.909753527710237,21.879017353817343,23.741937095491163,18.78019830295474,19.185104410163614,16.662437028653798,17.113056287112176,13.928694019015653,8.900431133140076,8.634846150196587,8.477289919948973,8.290454086,5.739731035101841,5.964785875916007,6.139430957122006,5.6269182626593945,3.524462239896857,3.3885970277943804,3.3050870522600144,2.933366357395971,2.557469235028624,2.7307864665711126,2.8977000479397086,2.6852594440531434,2.5921424395631525,2.5895433988473524,2.5939099615557097,2.5085657625663775,2.7157463445110417,2.4685837462283104,1.9997755749287645,2.1612706908139705,2.1918672761014184,2.3948326503345116,2.2164596385999062,2.3804425040619757,2.5302313091635225,2.5524107035845436,2.6837155052519184,2.6320008147021836,3.7127248534205193,1.178403336678407,-0.178630661,2
2.773546220496656,6.1355398584577925,3.1596841910675764,-0.072957656,3.4031568742059686,2.0677490163702616,14.809703967336985,17.05801139796975,25.552332733473378,28.442903464740326,29.019368715525655,30.18611998137188,28.662253554238976,23.891684272282905,23.892073886902597,25.149350309153036,26.08097443290048,21.5522813,22.163893983251914,20.713985994306913,19.338051664668715,16.853142137341493,14.812560614755238,8.787824402,8.505904672721996,6.088960116,5.744860218515412,5.059519438336397,4.670201421233991,4.817991661134973,4.9271980565340225,4.707489396420329,4.72700379,4.147920874546482,3.258193927304863,3.3027185665685925,3.3598791055307036,3.160679798805004,3.3007922992895344,3.1886019078176715,3.3437023998159625,3.5198254551167674,3.414962842480336,3.238920929437878,3.4695066440635873,3.6310229448019795,3.6799769307159242,3.0501708236750793,3.1011538854220455,3.325537963362242,3.5586481077962318,3.662451168527108,3.843671078927137,4.007371834336156,4.355200471669916,4.4384561684568835,1.4371928056256695,1.0347157388626504,2
2.624880215576613,4.794673912447295,2.8454363097141115,-0.241692782,2.861595331767419,3.9912576148100403,19.772062441661312,19.90310279916294,22.677672292989893,25.551425544294315,25.080509302930686,27.35541104,26.92541060866903,29.126004437798716,30.27727505744224,25.95555978179768,28.87335176574126,29.774750189709906,26.093782850170758,25.367420290762283,23.74886037,19.562797108452784,16.78652512316181,16.67101244695641,11.85998997581994,11.94977721837102,8.998284729,8.982596687,8.569216639554702,7.2586423177527655,5.7215425028031675,5.780222597894063,5.273139335756177,5.096658171789717,5.249784321411794,4.210892355063433,4.283595608363767,4.325756836,3.53991922,3.443405154115513,3.112369072529751,3.2961931961857047,2.765715252099922,2.835027970991362,2.989229455199618,3.2159691224146028,3.425886720504071,3.582763153526935,3.8364487895282355,3.979008901928445,4.026206687744371,4.169653427210116,3.7412973524220474,4.033999711321958,4.113038108995537,4.085987294435964,1.3633266635797683,1.7909930194086294,2
2.3818227218015156,2.481642679649109,3.0352944046984964,0.31260429626044417,2.1017076724975046,3.7371607701698393,20.225027136926105,20.196191075310765,21.378510245913542,25.738478489600578,25.669537567800962,24.077169440265273,25.527241842378046,27.67176361,25.391941900862765,27.74871676586074,24.90570152943644,20.28105632949187,20.81078328624446,16.72142926491206,15.51199495,15.651799371060989,15.775744456752403,10.059889516703471,10.393334238970192,10.28388528444769,10.293774651617282,9.330681224082186,8.848222981,7.949440263523564,7.122971122533954,6.747011436,6.841987516753074,6.757883395,5.942912063690143,5.5242073313460995,5.4381075190523775,5.346742027416879,5.249597096920897,5.465142196817711,3.7013747715762544,3.201930298951639,3.250324792887634,2.8990404874869298,2.928057469,2.931848543007684,2.810836505112526,2.7999209328910277,2.6034742230668937,2.8147303782486324,3.0386072843736955,3.1725213099231095,3.136850112899305,3.380977739,3.688345247395652,3.4800420187886147,1.245376258064825,-1.216647097,2
2.311947960827079,1.692184957253301,2.334783503,-0.444153076,1.7645113941754242,2.8213206791002556,18.867016814881957,20.15189987981409,20.771619792496562,24.741835773708228,23.120890271490143,24.498843106457457,24.065054028574565,21.600173838444213,22.86730674545404,20.021699793132484,20.430592256463832,19.453935324251272,13.392192002538648,13.783741020640667,13.848425520929915,10.68125927887543,10.495254421266589,10.47169614955827,9.592533146,9.461065659045728,7.816450071420289,8.059797131,7.122144256414163,7.322343364975444,7.1308589347851745,7.105318833,7.1549861002970445,7.048494576924412,6.376243719077122,5.911334813240041,5.985641115035022,5.566121843823415,5.088192494013501,3.9523766153391784,4.164712232080092,3.8413164729769167,4.104264259,3.7147798311727036,2.8271162248287096,2.8888629345910055,3.087655684543533,2.4039377420333974,2.368532475523176,2.341928935286912,2.456438128534447,2.470538166250719,2.6307463689063395,2.895036975426854,3.152694683327335,3.674249474131877,1.1744493146315713,-1.26571181,2
1.9729582344244903,0.4760541295855033,1.6931940780847385,-0.809731545,1.241820111083477,4.125420394066953,20.265091594692606,20.626056372441745,17.61749803296553,20.247376998085546,22.08024231858544,22.773644530715575,18.45538270510862,19.304259042896103,18.16920658171923,17.12503028839871,18.153179103966036,19.725762714234513,16.544128176586746,15.619089423965764,15.332017112777963,11.330270158294882,11.54150359781846,11.05667264852238,9.511458707449467,8.360286977876957,8.546731619418212,8.302008300603287,8.464693754418155,6.451181568060797,5.789660140921597,4.954386751675229,4.443147821720648,4.556767547732135,4.581989262953635,4.542690174,4.535724007271038,4.499957973723153,3.16537471,3.2016079799485198,2.7670438481400588,2.9298034819018484,2.8997414245202715,2.562642807100724,2.7689602203432466,2.6553908038853917,2.6170406529495263,2.272053974453164,2.2170140343832045,2.3722277010095643,2.373037269026723,2.284643750629011,2.4422254460306267,2.7170127570876264,2.8499534991697306,3.115350363714802,0.9812187976380277,-0.646240671,2
1.7612827933235133,1.0336217981322606,1.503335983100353,-0.775898431,1.4710996068583428,3.996017678191934,15.012267535594772,18.592900632292658,16.608831834783352,16.071876524919936,16.930512895204252,17.11168903100449,16.13037134934722,17.12663769091985,15.78057280648647,16.70755609244017,18.628553580888912,20.48780886239462,20.785300934896977,13.457503640392265,10.54138919630048,10.391018496272336,10.144103417184104,6.625491048029914,6.815749840372118,6.2388034275082545,5.602851785397765,5.674948132524668,5.877273428813362,6.0988841860000855,6.049036821,5.760995849688947,4.096149689708016,3.1695766343253706,2.9122800835556473,3.0610511786423436,3.021350742242719,3.0963238244488043,2.876453715562163,3.044482353958142,3.0387851471755725,2.5932109059116892,2.568994444357981,2.4883959936179774,2.408904677075078,2.489676782328766,2.201955546,2.3985261220166687,2.6119140609063565,2.4772641264847044,2.641320945107953,2.5770043043630264,2.743933581256803,2.8533269362756384,2.7015105767580296,2.667350639,0.870526295,-2.439664481,2
1.9839524831452546,-0.196252093,1.5491637991310667,-1.013113153,1.1257299352379952,4.068639856970678,20.490665308708575,20.82702862598798,15.688609548888376,19.177950320147765,21.09561869523218,18.608208648370216,19.128499565665468,20.81512217698781,18.229086511769843,19.970398958791765,17.826635606132427,15.948651714765438,12.275464533690661,12.982006005649822,13.196305175059317,11.161724600563787,11.486020530194502,7.735819518530857,6.741291595,6.911205400561094,6.907931132654385,6.229937788083588,5.712862392022108,5.943615872436881,4.202732327344781,3.4915927532050177,3.6335042883365167,3.485824850328139,3.6344875777034353,2.7160506386610783,2.883332407163829,2.915840692850502,2.6309539581371295,2.290623150192355,2.153606737,2.225208461916507,2.390094911765967,2.433565424332105,2.497768321048149,2.6414363865509967,2.535485411229829,2.747635353118091,2.8019334888917853,2.7698375657150205,2.980263996,2.850108813215055,2.6500572069513875,2.932900999040327,3.0856573785119483,3.017277700466225,0.9994531300711362,0.17494849079370026,2
2.3498569260578384,-0.693892206,1.5818979534387194,-1.40998085,1.0711616873851917,2.649785603674104,14.980731637259966,20.201750266564073,27.841157767403963,31.031341524569008,18.376020991764506,20.041267156085024,17.817880881784657,19.01674973228499,20.12739895932127,17.222084100089386,18.53036451,17.58946679476954,16.119816856324697,14.181083450418784,12.82440086445974,13.242121414488683,12.535914977679242,11.714989082014867,11.43730359061478,11.517250828734852,10.860017122577196,10.29628508836469,9.354875581544853,7.978452272932687,6.2408958039924185,6.062703195241981,5.8871812267370744,5.485419073808175,5.273572920910243,5.234029129733049,5.193665396280573,5.329048339425037,5.499632622277823,5.7094118415476265,5.901780119232864,4.284755072770524,4.497527383435884,4.146587227355886,3.863131776749212,3.3871272187891215,3.603533400607584,3.1328504175379104,3.3459522801000983,3.5867310906148564,3.2068231046262587,3.4050671207579932,2.874366812117493,3.013729085239122,3.0901439221723215,3.601859268759271,1.2098774267504724,-0.163713981,2
2.2655824778714004,-0.567536694,1.5818979534387194,-1.314350832,1.1167306664528664,2.4141821598203514,17.27070594786333,22.360912185549537,31.674125397728798,22.377928740762073,17.929282304734837,15.20022000937452,16.11437376089627,14.53475704,14.953822820770425,15.871278417273196,12.547624685308813,13.211610941866935,13.847771832977738,14.595113196021066,11.881812614307458,9.393063777527056,9.763293201539154,9.510291470210792,8.125305898913682,7.215523859834599,6.320493494250059,6.536258825226115,5.230736908,5.4026897259768685,5.175011033607507,4.141167114455443,3.6050664256537512,3.6971866748419626,2.3026830497540063,2.4213907843030578,2.381954405799318,2.5407546826552254,2.5661994234769265,2.750015933431382,2.9373407259930895,2.6198741140018096,2.5626265989396453,2.5028627521820104,2.569383917834753,2.6045294567890855,2.5891298922964987,2.3114231476075355,2.421755725496008,1.8778346024603108,2.078584108369154,2.174960509923421,2.332575643047378,2.477555194170621,2.637013390054614,3.1159995621030694,1.1960613232280028,-0.391730176,2
2.6238943824878804,-0.126528402,2.5050011049145238,-0.633769493,1.3870324372300553,3.8578076974769435,20.096344967347147,26.534033964520663,33.93086971166135,31.96700336944195,19.78078857855406,21.495644871383984,21.19845288326291,22.45816824812444,23.132355155725506,16.14607583511068,12.133517245157153,13.539750516221478,13.52786992238842,11.031390580930056,10.769380648188067,10.507703410672951,8.799501387436338,8.154695841,7.977922513909225,7.213785124943007,7.218334849645564,6.276055980516212,5.720702708366697,5.5665454469349775,4.983706232320774,4.697181327133387,4.574195719876854,4.523661622677735,4.237372145177813,4.418396022622857,4.535916985511202,3.6507912270929155,3.4842694946864423,3.316005231643875,3.4216701565282723,3.564174423696056,3.1039174278258286,3.1050387339648524,2.5719636960566192,2.7201723127814446,2.7411330939034357,2.8403527073067574,3.0758081958917938,2.7340042303568945,2.8795617778784712,2.7880007926033312,2.4173397164216874,2.614486594993674,2.7725135372118057,3.315702547355031,1.4361684955831826,1.3877038315440917,2
2.9974540192670736,0.6288898195419115,3.081122221,-0.431575973,2.0120959156238643,3.258564283701089,20.290410448446814,27.570854027120774,33.88431826098602,33.0975424,24.223184464364508,24.231431980604988,23.972741063380195,21.103930204810222,21.249918870662302,17.553012769610262,16.128188957891453,13.018830694355966,13.715122932580613,13.26614160431536,11.128778777245223,10.320129588814266,9.887790641785841,8.585722493900873,8.870866663392354,8.866236182818174,8.376094887,7.855636735488603,7.954685986803224,7.385436229,7.474855473491439,7.635404400172487,7.507489839481573,5.383942874622141,4.3974267124980315,4.215320853306733,3.246960109829907,3.2642530287335974,3.355495121503358,3.5562913898892283,2.8958213311173195,2.9418750512382603,2.7399529733882027,2.861773288847234,3.027865272269646,3.100334137324311,2.935760291,3.058180449683152,3.254375554417264,3.501758546620129,3.5736325957900656,3.681383021914265,3.3515341115972492,3.1927943340434233,3.3625353916373406,4.027931800274221,1.6392656983149314,1.6910942789339878,2
3.236490823305804,0.9746316642478563,2.4722669506068713,-1.329713371,1.9920267406351204,5.248853386265362,23.272437599054665,21.209936109645298,30.78872492,29.761892624269585,25.453430088259744,21.101175515868306,23.04572480548353,22.389747787638772,19.680643416363722,15.399036502478033,17.826881559474295,18.74538115956258,14.360874111236978,12.458810713337536,13.045251575014282,11.26168881796433,11.037485836730802,10.84902508145986,10.24703061572697,8.985982862916991,9.255030336,8.350534229469304,7.838815621871478,8.083325680878717,7.930174375205755,6.226668530729275,4.653596248393398,4.849102356608422,4.568413984006128,4.620412401561959,4.845380281177867,4.598949459511623,4.8568959755535595,4.598667602718933,4.4866845111329345,3.091911717180401,3.3121537492139033,3.021919961417099,2.985010990910641,3.1946237607347725,3.224786191215802,3.1275465510974394,3.2078482095484815,3.2468630342936735,3.180705251024171,3.3646947938462715,3.176563725126176,3.189679868,3.410578732945187,4.292707637,1.7865132874352243,1.680594706902004,2
3.9719142500660043,2.8740874941360985,3.4477447489749187,-1.060050469,3.306877372,4.586052951235499,19.617370547686523,18.74926135016611,26.55400271862955,30.809581016765577,30.507848762652266,28.809425221370255,25.16979792841134,23.524081072608904,23.36834325400978,18.59860384380476,20.766083018453706,21.156067557474806,15.838457552103387,16.61769481698066,14.406324776076445,14.772228183685675,14.091327602070072,13.50901050651178,13.933164286934058,12.751815930482122,9.624626848998366,9.923363005933263,9.690289770127613,9.769834367247228,9.041181150250761,9.025211538,7.355742922368449,7.2743806973152045,7.075616470009076,5.908026055689857,5.864166134822475,5.638934286216105,5.828531883951454,5.838507529928815,5.111725949338176,5.342946337576513,4.949011909463659,4.029916174474846,3.804233399127109,4.0808175182360245,3.669174891795949,3.9182070456616493,3.9733283882889276,4.153714970970133,4.230353653959341,3.9708318762845747,4.121590281350531,4.205756357819923,4.392395200114924,5.4601256658020185,2.207462403882842,2.4298907930107916,2
5.2187791343301715,5.394746383718785,4.809485568,-0.944180234,4.732580570334002,7.754217766,22.150842591183505,28.545356181782235,40.87831106855646,46.83802775999701,46.19867632268174,34.84092085289173,34.51852776725222,29.171310972710582,27.560231556322236,30.059514894626098,27.46342241404803,28.390386303658172,27.524124672979706,28.545453643201103,23.452547577752057,19.51140264,15.322847802505116,13.665133441968734,13.467204157338472,13.67734241779766,11.912274839054701,11.708999868083833,11.798510425585334,10.74088716211915,10.723675204263587,8.053286781553304,7.825159309465392,7.827579554147258,6.859431132358444,6.332400791439161,6.422968965733212,5.429730719,5.050933461,5.1173705071329465,5.355007499752597,5.569169991622827,5.881315881100099,5.029604747714207,5.1630700257370625,4.904983917150368,4.074728312679691,3.694903026280459,3.8773819893666177,4.026126281169873,4.229343927905047,4.184588113627618,3.9835028112408146,3.746558614,3.9771167460787162,6.303622847070668,3.0140577322630993,4.879595982313874,2
3.2714234084170646,4.155604205938026,3.847101431528282,0.055168222,2.751594576923662,3.3784328793971423,20.903548995180927,25.602495851694805,36.30597922838478,33.00308280392784,27.940756394834132,26.129587766028592,24.981695202405767,26.220007222546943,25.450897872815638,23.25107072101977,26.518967624714033,27.421821242708113,21.782215284695788,22.61495733142848,18.20725759593777,13.188424933766722,9.679751358835368,8.947710758,9.269673918,8.616084396905496,8.592110697532995,8.421726178782917,8.659475989729971,8.841804090836002,8.517571218733208,8.088473126027438,7.929752761055249,6.774381925886874,5.679341456,5.459411985750057,5.526239576093078,5.799422322007297,4.467749605363951,4.379698447359446,4.4702521437503275,4.080402596954147,4.329737614943496,3.9135025062258033,3.896425369767388,3.996875640492982,4.217060440043321,4.0969038163444225,3.5130290162496705,3.3247645108214847,3.535597038330852,3.7306060404925985,3.4990775315146156,3.7321311672500026,3.768592670073751,4.720958299570386,1.7725365802954545,3.6500469105909836,2
3.143691279008493,2.8642348743648864,3.611415520513183,-0.038174499,2.332208991766975,2.154551558630922,16.92884579182111,19.90259033,29.25460762837083,34.52358914,34.342107964761645,33.92947744,30.740095087777547,20.515489060231143,21.690155285584694,23.86627540494738,26.552814478706356,24.07731538216308,22.588155361660327,23.25265083394394,14.211938276856717,14.727804330921213,14.05532605275288,11.901575330532147,11.856138434209322,11.658391121540093,10.471413075312144,9.139684306602035,8.484727278480321,8.348123111010054,8.163070087151912,7.380920130855315,6.936983962921267,6.670003120839303,6.767145597253533,6.4754484960276555,5.837012594605835,6.006525643357727,5.263615017621153,4.924358916,4.694510912169909,4.204032731283838,4.2045211732337044,4.361682173419147,4.388180711438944,3.6540288348735617,3.8824385834676898,3.086513805251089,3.015384394838014,3.0279109879679362,3.1698964186168124,2.9736164868955632,3.2082594096256387,3.271005517972218,3.466618092234389,4.650230995008989,1.6869162564564413,0.3086373912476154,2
3.104246260153568,2.0727398354677287,3.1924183453752293,-0.435157027,2.0345918243275585,3.186090436886471,17.36431967708958,23.797458760875926,34.16503369,34.841443360915136,38.05854943655652,37.96973480478452,32.47230897086084,24.416025377928666,25.15452304351143,25.670857504335785,27.46723982856749,21.695349380859874,21.85605180286718,20.84065604268276,20.42634617181288,15.264852397443564,15.020029614361896,11.279329785063064,10.832044506026335,10.528277268223245,10.457166938286132,9.181613564740783,8.537397830142238,6.507092839481247,6.723546479400433,6.859916208109215,6.813351436371327,5.731396807101522,5.704026020321842,5.030861386,5.229159871,4.340210289753541,4.420900683413581,4.184575798385921,3.419881818,3.4477892233649374,3.6559715633171534,3.4240606429678837,3.4252855878888484,3.5991612518581317,3.676911755889471,3.6887961065704227,3.384881752462141,3.2273342079051046,3.4182812865903727,3.5874307966029093,3.749046103190798,3.8607835647367583,4.031155070476498,4.790533747962297,1.6445523173656584,0.833024511,2
2.228607693968275,0.46182756606387404,2.0270824520227957,-0.716393758,1.1763418532254561,1.933584369393547,15.561822157055586,22.054915611269166,22.115375858419416,25.305652731453193,25.087060691315923,23.25945833452377,20.682427616491665,22.358430595890177,20.59628450451808,18.592158097181372,21.143484338903903,14.654006367997686,15.572040144707765,14.572936964853955,12.063766467554855,11.282578748007895,11.025055415341814,10.616240010252108,10.666736056086654,10.613309322225295,10.136272617336347,10.11138056113471,9.230179140960095,8.929977653,7.1420659389979155,6.746956772930625,6.937052948478123,6.159076810505116,6.336206725184795,3.909434209240949,3.5192493356634644,3.4504447913484984,2.8004479540294485,2.9130089479056394,2.817004211328511,2.593721670527275,2.7029924350278223,2.621165501134871,2.7008391930482416,2.8146284418931296,2.954593101,3.1039060144924706,3.3108392354386056,3.399382083322041,3.6113350953894234,3.5590364948483906,3.452677388596691,3.393215272832833,3.3044087851768027,3.730401309200897,1.106643928800648,-0.848537088,2
2.1061726661223017,0.8933124971658291,2.1580190692534065,-0.388209302,1.1755735379232461,2.7839855962720153,18.908502404092467,26.045781848660425,22.234377641822807,21.48929650972747,23.183230047509934,24.814968476244136,25.37703205644004,22.787485609685262,21.90411894730597,22.55799906965225,26.357688549921637,16.483301315368614,17.199526744321453,17.200848272343578,14.823570237681995,13.142153078953326,13.140310334723752,10.441450099325232,10.27245313920447,9.234987309202895,8.604425682292218,8.806402309,8.768408319969042,8.954361618284212,7.866241133,8.112274856761017,7.421632332434628,6.5042237690538025,5.918202254308209,5.009978731845384,3.889863786295624,3.051592681561115,2.9458852554173274,2.7539472892001045,2.964984943384519,3.0103288760573843,3.057060427,3.1064760939008567,3.3110341114139294,3.4053900424370314,3.481393734280107,3.7328417357041372,3.825961761998531,3.6789433479927727,3.905533138547844,4.00905332,3.8890748339912866,4.202245764208173,4.462593629776287,3.4551556322175276,1.0446703030010378,-0.255588,2
2.336737288543485,0.7982842127217408,2.334783503,-0.476573666,1.1430029147526681,3.1640307164466868,20.23179281052909,26.582298219325523,22.185331428671784,22.04706337918531,23.64713249,23.786195016167103,25.139579818701602,27.26485695566548,25.846929650401872,25.46406940098709,17.22886611877347,19.44976594367147,19.62519898917706,18.66708912811856,18.17067348597049,16.909347859114412,13.478721775147179,13.060331655840498,9.848704615,8.469515300142163,7.224197257371785,7.135960668669836,5.596401444173431,5.239557063627721,4.488308997949746,3.864269595722299,3.746822488,3.680995138997876,3.6741289176668728,3.7751934289535343,3.804508165159226,3.436372724052296,3.505530460802421,3.3383108084912774,3.3188922091014605,3.269532017327642,3.263790653,3.4324671173810137,3.3554176254283528,3.5529445544907095,3.791759127,4.028982398920827,4.229908169295371,4.050620118,4.077558545775179,4.049962436472015,4.1793773972905495,4.3093692926615255,4.000433159247565,3.7762634712671175,1.182296078466692,0.6070339141168187,2
2.126691764162223,-1.097670814,1.9616141434074903,-0.666363956,0.1826291869140461,3.5196737612981708,18.595218312061675,25.928833168330886,18.19272517672045,21.277313158067027,22.05637685380948,21.869069057608964,21.001934616654676,21.34360184562172,21.091357195289365,20.459190182516075,22.865413287479896,19.819610907095846,17.520434990933186,14.347286946514556,14.52267521526449,14.44010163090867,14.61201299472413,13.369579289868478,13.492591592339442,12.307417773542547,10.293071683657665,7.2927465331708685,7.155251560076006,7.368441326289067,6.765556887391646,6.250270618145481,6.095942003043033,5.994894380459857,5.205301547957497,4.586318233511221,4.543920465003052,4.352678239567073,4.167223866259124,4.141379480067391,4.304443644271044,4.039566192889443,4.087274057,3.154455186,3.281079508177516,3.0648932980565124,3.270921762419705,3.5081205891300784,3.6502442011849796,3.427518219929308,3.184813192359461,3.278979094748819,3.4720409130663774,3.746127260890872,4.087522670007943,3.808252729563312,1.0219213394959035,2.4035101529238885,2
3.1761187537064433,0.41168444520526715,2.2824088556224855,-1.469880908,1.5851003357669722,2.848766588593058,18.24685741185923,21.688883920617446,31.23421894836434,36.477495167614194,23.59675233943176,22.22663559002781,23.346121795661844,23.65024314045833,24.49424370001915,26.33807570307127,28.157720067969663,16.76128351301203,14.768618966833685,13.26183683503694,13.371088689644031,12.995371363260187,13.281006515743403,12.58500025416462,12.625736791623044,11.450267089624417,10.605531338749088,10.544617002718773,10.885937247872103,10.869693296777937,10.075353564645505,9.326936449833363,9.224910318,9.077036489224241,9.159095784102421,8.271962112980816,7.452984188817091,6.862466293667857,7.062067474797698,6.4961293597800305,6.4809699311739815,5.9018327377343125,5.787449643,5.646697867823225,5.565998295758754,5.869870144,5.6883281377863515,5.645728432473131,5.617753452035809,5.643503350812494,5.938163869,6.049193831,5.340999442986709,5.515950845449174,5.875229354569572,5.35300699,1.6409968176165377,4.560403182635525,2
2.8901448398588454,0.2494619482112274,2.3151430099301384,-1.148119785,1.2390289620655563,3.4016855249425104,19.568908507011383,26.798318030766556,33.32186193500887,30.665675685094154,24.348986058491448,26.30348554,20.98749854878013,19.22074841967049,18.815045274388854,20.130117566049012,22.892467385629434,25.899007920581482,22.954182966054397,16.31487400021246,16.15501290094749,15.87452740989041,15.694178667884621,15.258118712175202,12.641221900581554,12.435230143204349,9.955540199744501,8.844317291431244,8.338999540809326,7.911479524,6.875777821044096,7.017141681448693,7.216949241377479,7.268795816718386,7.289445070261342,6.518698844090489,6.689017098087656,6.638532990083966,6.305599753403724,3.326149382689919,3.456984368863618,3.396189331756966,3.5980701697896036,3.7934433370588962,3.873329059983889,3.819258678079634,3.329074047699424,3.513227426,3.7655899522345955,3.476378945348652,3.3610531927171086,3.3937388531259667,3.4768954291917247,3.4455190644526863,3.7211329429657676,4.379590645988428,1.528518201430309,2.65906519,2
3.700727291378439,2.9651374547337612,4.200630298050931,-0.080598624,2.670931196089517,4.985284374832898,20.427711972625715,27.87991978209731,38.25279567954039,43.930748838918895,33.91188221523991,26.798864922468507,28.438548691709407,26.624264137717823,25.82017838272958,28.041852023082352,31.400610247716948,28.323338562008793,26.59961208707849,25.08908789056928,15.224247932993187,15.225385903234791,15.546876200750908,15.961687216671901,15.696792673615894,15.718357280944169,15.980838498061114,15.367003495120303,15.725293157815136,12.903662608572038,12.595658757483513,9.727326312503374,8.310333729521608,8.482199185294418,8.690918349665186,8.861256507,8.598657927538696,7.893238272,7.861961553958173,7.055165987,7.408218947,7.270808216511181,6.283609918528818,6.100581182424455,6.018506863796108,5.859208219676076,6.071364258159997,5.1916638,5.040650823064634,4.990757004278444,4.902314274106236,5.129986616580311,5.388044735415638,5.721473641302769,5.359373000784214,5.6254835394652805,1.9977728956009209,3.7098290674246384,2
2.751085310876925,1.0566852044594175,3.565587704482468,0.4139083634498876,1.0704336519784132,2.4984860733312106,17.886262813109674,25.04859490822863,31.88132193252979,23.50553675943747,20.94321006709668,21.791740512189104,21.817451466492127,23.01368650394362,24.54089634159968,26.80809120150112,30.980207184293565,24.765319483391078,16.89655109454736,16.278229491929157,14.91510750129448,14.410297317273951,12.799271287684457,12.103191685542914,12.099236467514805,12.08377155286745,10.825022676548166,10.455207257738957,9.975409816708058,9.367260617840616,8.628428588,8.402302700706802,8.276561849912259,6.954656203738877,4.080919839,4.217606633930035,3.7613980204762156,3.932492323,3.8821862685088804,4.105914501685997,4.2595993273323725,4.027651042153796,4.1574657896853475,4.415420116759849,3.3282169060497515,3.569329529,3.4265365163440205,3.523088752484689,3.5269151645674888,3.768201651133136,3.959341025236217,4.202528073897635,4.269581030960146,4.5595964428911016,4.7872259175506215,4.743731458393764,1.3890253928575484,1.2913781833138158,2
2.1505293525600284,-1.011480065,1.6473662620540248,-1.095604372,0.4362967677709968,2.724224504562048,17.14552097276635,23.785207267039166,18.04207193240541,20.516983537963185,20.504708407428996,21.16278354206191,21.863121656758636,23.03188545540474,22.12909560260002,18.166630610568465,19.985165432273924,14.97614314703536,15.367221046442557,15.54446179885582,14.076683887438847,14.005266710844953,12.306052578433881,12.538083423347402,11.629843191862216,10.849891513892429,10.623375195549162,7.310383662106714,4.873510519080467,4.748157723686094,4.896691108096917,4.3084927318428345,4.467077895,4.394240134513333,4.566829380435215,4.062427959524653,3.3652799278517795,3.3347550607898735,3.540494442469873,3.3787715317284936,3.363075655585185,3.510762875146581,3.6861119608628443,2.722525234326202,2.9286405804141475,2.961658443877301,3.1776281406390727,3.3484631405507743,3.5891940707359233,3.1639210774290647,3.2562766921220936,3.3747033084917883,3.5937228924405535,3.8493542952783018,3.997231094,3.9071825932528927,1.028750961212982,0.7561760084253399,2
1.9835334965662803,-0.803602973,1.4378676744850476,-1.158464114,0.8999298945148839,1.9671660268419966,15.388251393551611,18.32056957,22.913109000449047,19.728796062807763,20.14348469004094,21.333477328539196,20.48368505811648,18.93218345088875,20.193654645250824,16.77997393526137,15.3189193,15.014464646143248,14.066828176131384,13.536864469837365,13.978233467136043,14.328417570907861,9.025796643396172,8.492259468321926,7.672211707949716,7.136127407092471,6.273827706972084,6.424764842687704,6.5174362086598405,6.723007637376391,5.828675544947655,4.939361782516504,4.6428897064909815,4.842663654212493,4.465706736157261,3.238109216044541,3.239931049487363,2.9503431546649277,3.053018218057161,2.9507706459615632,3.0911076177193624,3.0026893698895316,2.9837609139987356,3.1257126610291843,3.3557755883436267,3.4427389974962024,3.629781914232751,3.7502092007246595,3.868258051,4.028742692746549,3.7527874855699483,3.9695115045360954,3.8972029862610507,4.169735456378985,4.406179585,3.767968280726639,0.917627536,1.4492083999055376,2
2.070185519211091,0.093360619,1.9157863273767766,-0.649987012,1.3065303900696987,2.6256999198334334,17.317605082656467,20.678486331796226,28.948218538535393,23.84144409,25.57573816043805,25.509936905882043,15.32600443376711,15.215197242288282,16.41505270046444,15.615143604776458,17.971305512503516,19.617295726526088,20.97586990005345,20.28839414863212,17.172199859478706,16.99429005069766,15.469612397105877,12.68819284523144,12.374073544496994,11.32043383939917,10.724401514249575,10.077134385604182,9.466822880185443,9.130698670283511,8.504826982861518,7.5226291960961165,7.041893526969731,5.266437360285998,5.479229154485201,5.361927210143204,5.113600973584876,5.297795622299578,5.4657651647417325,4.7978938685292825,4.553177658951224,4.635251627800812,4.507056468107601,4.443921851291494,4.629116281255504,4.7241633797221985,4.950467820413752,5.086922957958114,5.2676000925458935,5.370359864843752,5.185199868545208,5.412847034923251,5.611846227837372,5.8255573377842795,6.167580652894725,4.243791027893847,0.9285213824202798,6.601066079688887,2
2.7235811389372975,1.1441376668564183,2.8912641257448253,-0.313343093,1.7325730460831616,2.96736727,19.350686910928623,24.09561088,34.45432237442138,26.886049617859175,29.44031936724302,31.305968820092186,31.362792321707847,28.39679408359302,25.198489483635615,21.861754282540232,18.21138825924855,20.161563714041492,16.028229864142922,16.711657927545968,14.891099112564671,14.244351011552531,12.10998079844145,11.984843251329236,12.044984551523346,9.430887039,9.684887745312544,8.593685348,8.752640160108525,7.978050371520903,8.185444547655836,7.8161968362693095,7.684674438461158,6.473753448793761,6.598607434250976,6.3329092876105095,5.895482341835007,5.827671950972209,4.110585896027252,4.1077924215720385,4.176978570697924,4.162002168552818,3.9737226729264905,3.253953741002568,3.4324071720525398,3.648967871460837,3.554802914189745,3.4254034068104127,3.6023786413987873,3.8010600519517923,3.937269686687707,4.146543175891959,4.404074186414465,4.607681454811501,4.820780205190586,4.687943929556105,1.3743475996748886,5.351847740124305,2
3.6702845310909664,2.683213979,4.023865864789606,-0.218385022,2.4778538450822123,2.6775847754281923,18.288046698899233,24.650521372437254,36.72610699485482,39.22194371193918,28.425260725698188,30.730862055936104,33.10106847928087,35.052448834808516,34.906547484400015,31.976630921997856,29.12666140967596,29.39910731008833,23.553581296023324,23.718572019665764,17.40131319578064,17.393979304915124,15.515658952033599,15.331482713116127,14.918644968247298,14.495071978555156,12.710573690267138,12.925522392222181,12.827552234067175,10.77742291238164,9.205896093770786,9.207766110022169,9.289001745157366,9.044487183846126,7.494296979323591,7.217171241,7.0296348051546245,7.272248026,6.483272103184486,6.060694378908982,6.330033113436667,5.9089850571871025,5.775523004419241,5.979871017,5.578227698480459,5.3249189802175625,5.185940288301241,5.180118704451987,5.464930787891193,5.545461349869519,5.246453946925358,5.478294752553468,5.743448577596959,5.818007776,6.106293387035734,6.424454364006964,1.896372708540594,2.602914224261399,2
4.357656126071243,2.277276614169786,4.933875354542349,-0.088561341,2.625462809714366,3.7129023644380843,21.224849167653787,25.44754147183436,36.66385024675465,43.40447278368297,36.66425820731916,32.643965309812366,33.18367833235969,32.03157299064065,32.636421707086036,28.03371173294996,27.99923375,27.341394659258395,25.839727911904347,24.7879705,24.66345662655314,23.989319809191993,23.798037959079327,23.49782064117233,23.403367523881524,18.849537785013865,16.813130982188806,16.53280984772221,15.70355654543276,12.871517651228276,11.939795843434275,12.11737197308547,11.715859476769776,10.610699737214473,9.627572913269374,9.584473043,8.658181593,8.386214056892264,8.663320736,8.115602959650914,7.897680772008471,7.768425572437835,7.765956370820368,7.870559693,8.153038021764834,8.368966129875009,5.638957871966287,5.719118367094491,5.711665743,5.878387031,6.181785924746193,6.06897433,5.8301533820600175,6.171828906989567,6.524054020466269,7.1528252693213865,2.328529315156081,3.5446170267064883,2
3.199319203500515,-0.583504016,1.8503180187614712,-1.943020546,1.364326504196907,2.9918096463027406,15.150761619025173,21.44009107429569,28.284705603962124,25.30913131683465,27.79342688122201,25.32800543142613,22.51585195926628,18.037353832207053,18.83098191,20.487685008075157,20.27865059198128,21.24326892510808,22.31118488,15.433359099011863,12.765751018474766,13.00731269895927,12.880180883070995,12.72038299043974,9.213125013288701,9.049411294151987,9.178785850909241,7.8067920886596305,6.8501410928226205,5.906849529210303,5.562150753338373,5.338758762843272,4.180368112640747,4.320054193,4.529454653903805,4.3591473116539525,4.477387673414496,4.247485240434153,4.190191259159745,4.135015716506598,4.173923658331029,4.248017253732179,4.3671846276584665,4.482132658,4.666376713950777,4.805478243,4.661707488751657,4.9256947719029265,4.820365121174903,4.605425212,4.735388244762816,4.958344967487663,5.029986492007171,5.134499281631055,5.404183319852224,5.6729415944921024,1.624889839879828,2.7292193545523507,2
4.323259600855441,0.14729383956239145,3.2578866539905342,-1.527358566,1.9656749724202793,6.219207534562769,21.101801588203745,23.95896954,33.27717356161999,31.13227462,31.763038589606246,33.23531861703149,28.177731938629567,23.04660391680943,23.111721654731685,23.422936986302844,26.56074216583057,29.505519895952684,28.526461357889353,23.965076719298878,21.848964155566264,20.13564016955201,18.949313923209324,19.135013078988578,16.56944654003019,14.00645546361896,13.62862679,11.11802304817972,9.618403866,8.798418103912955,9.054587671774955,6.640401274866323,6.058336020433583,6.068536761925004,6.216679154172133,6.3486293606336766,6.328880098817318,6.232586183356758,6.404228378533477,5.280437198302677,5.425741584515835,5.750969575770501,5.758362115813623,5.511523958367852,5.226956969275256,5.2645394843341045,5.463847492512077,5.413545224641407,5.507183722291387,5.277200636987327,5.4535251148495325,5.604574174899211,5.398943725058253,5.733633917359799,6.048570675037732,6.570873369492175,2.3589044285335725,4.010759724671791,2
3.3264509037350978,-0.023651421,2.5246415974991154,-1.361686533,1.6120672822783997,3.1835273661361225,12.923955672208619,18.457949334529992,26.998422937873425,30.75403129,32.423431487434215,32.681231747325526,29.04321405256311,24.075696664601885,25.798413738076835,20.93750774196543,23.004193218061243,17.35914299154302,17.051837923744586,16.52579708,14.340571761453205,13.319863638491876,13.150215706456809,12.391471009760949,12.203150138462915,11.70387990342459,11.954259441924108,8.182989235685824,8.140723841123197,7.310916377373906,6.041579736807446,5.864599146516546,5.6845780084142685,5.573238387856784,5.571209937484003,5.346832487201929,5.373681155268705,5.464195761488877,5.644564273038531,5.6973952920969415,5.624973418947934,5.834854210665411,5.019067937869002,5.232601073386422,5.3091690187619385,5.531562821827713,5.477728857707272,5.3553030426684165,5.513710024,5.228536186862608,5.4852803267271595,5.604285213059128,5.863940963119587,5.735076621956079,6.063598498461505,5.674215408272787,1.7192584612338482,5.928442647346411,2
3.869230579065873,-0.341889035,2.9239982800524777,-1.457974695,1.0694365028283896,2.197710646451367,16.587386921864223,20.473814623604344,25.041733000963568,29.306533683882247,31.222419936448624,32.72528387727671,32.304187522005016,34.82785393196437,30.02547207619593,29.906217990500128,33.26342721135422,27.912766145333805,28.521276495909003,27.939613966061746,18.277387783419787,17.98073213262012,17.616695640991537,18.075117092260104,18.095902309089432,18.103432551336162,15.919174286343642,11.627139692637076,11.728449553274189,11.576716757335134,11.027198927739866,11.074436126020304,10.492920763703813,8.885544498841265,9.129169433710775,9.295394961986926,8.947404911,6.520576849153664,6.2253331693487866,6.5086343132408295,6.123107703905323,6.0880468619575066,6.213764506591379,6.356111610478345,6.498961156267467,6.622472768580197,6.784456254893367,6.926645016801606,6.697992900735322,7.012206496562577,7.120755164365962,7.414788510025492,7.687371595671867,8.043460060701541,8.478651815731086,7.616271819185462,1.9167018864247443,7.411043786344794,2
3.4537094183633466,-1.330264128,2.1711127309764673,-1.833597579,0.6114704545836098,2.7908983534477536,17.864377775426707,17.17540289,24.625885091638132,29.33072257811346,29.215338409099992,26.877638389771874,27.701618267266312,25.11385047443349,22.920907106168563,24.58287259548307,28.539526699234674,28.762558654064623,30.45129331536176,28.036789792800374,27.773849378570223,25.13389966484699,18.01107163239249,13.518630602756456,13.779979747007518,12.041392893969132,11.008301135913957,8.515890429310726,8.677962864134491,8.493018633702672,7.910193996328362,7.757240423485161,7.001823131843264,6.960627846093056,6.407096504347538,6.025779841312206,5.673486168396981,5.754752679232396,6.005274004612536,6.175680156460351,6.128384757365621,6.031366888203202,6.268081063218772,6.384275995396028,6.647134818742836,6.775879938921162,6.9078389110214085,7.216395162160513,7.5417097125801575,7.494119512468722,7.823028710254911,7.679839235,7.616118311621816,7.972821995404041,8.25901717,6.519670146081127,1.7244973519452504,7.4440859914237585,2
5.086543680889003,0.8380251091134586,3.847101431528282,-1.603801926,2.2696201511911096,6.829499313215997,23.07761960199436,29.895118855660154,42.50244012,45.52244011320542,37.89371151587488,34.980741903398474,33.19556972994893,32.11705289846868,30.727002197287817,32.56831201994716,37.68293644146532,34.74017465290875,33.41928104,31.73603875703406,26.649339401923893,22.242634781815205,21.21960550221909,18.23503832853323,16.676267261537713,16.85272122720771,17.206023705369596,13.829559428398797,13.364658418114292,13.097187385727615,11.867605238828505,11.27622180745747,11.585647458367058,11.725402554471405,10.083017830380003,10.153495355683017,9.984461237940456,9.264124027942728,7.6211159107377515,7.442510771710679,7.020913567547694,6.602669179240091,6.930575067329505,7.233901087542978,7.532109893418007,7.806146904689337,7.896706380639809,7.8786350147558615,8.221327028708817,8.458087870227851,8.674229614723508,8.678061509396805,8.559416898,8.922092544087649,8.75655511,8.436382247838962,2.735097845754912,10.32056361,2
3.2853893471090543,-0.224128644,2.1580190692534065,-1.699970273,1.4919588733721798,1.9374735589856789,15.026963953710494,19.000210073002634,26.31854848738126,28.569057638699675,28.732105824590924,28.10521035567041,23.68685023274519,25.057736185030578,24.58453102009236,23.368183531254164,21.642573219299184,24.477052299643127,22.109313885438713,21.072396880996774,15.941806485712526,15.118536464691287,15.068887600184363,14.627571573878916,14.30670748404278,13.740288753900682,13.607930019518548,13.899596695646089,13.75483097,11.045470943734099,9.728132250186842,9.076625331,9.173845768214605,9.136841265176795,9.331642319918565,9.463667406758125,9.727339909567752,7.930149952501519,8.215117892529952,8.333358624571666,8.546370380233636,7.817910395800795,7.947727561254152,7.164484254504317,6.1789156394149805,6.368746202233127,6.670175842721019,6.8448966845229435,7.122922348267826,7.022102086596951,7.345448547325848,7.563637275234231,7.707772237981154,7.914759011984473,8.345858626,6.868769527683661,1.555734668857447,9.869976347467071,2
3.9250774372740325,0.009007813,4.1678961437432775,-0.347118763,1.2549668327912802,5.940811751018799,21.650310145642212,26.176228288835013,33.55027972928712,37.71456770957962,35.810839997158624,36.35272828,36.29770963881897,36.96613719095443,36.63806915116203,29.178153140862722,32.33166711227838,36.100298117504835,32.22441170271354,32.966858257103546,23.646472472504712,24.086391023335338,19.16753498755161,18.22346102597808,17.92142501,17.98500267781026,14.966328982230907,15.085537930673246,14.627206493784687,14.483215030313218,14.217713917039191,13.902585310349822,13.604498973081968,13.953540517066635,13.161147369583219,11.644234909697436,8.762566377532616,8.875141993097849,8.633938878,7.479326627800356,7.846075123008317,7.778964278953183,8.081566101377074,7.552762397848378,7.030271641671481,7.247155245945858,7.498055839894784,7.436295749547286,7.628039074596818,7.848048851974622,8.110414819846454,8.427186754,8.519174100788334,8.872195474058424,8.705293484050891,7.492176333942665,1.9728277730051087,9.321242816688438,2
5.017732020189577,-1.331806659,5.398700345711016,-0.312900458,0.5603455413903892,6.284475636520259,18.032955637314405,24.805144331096876,27.34498571,33.09985163392837,34.94887265222779,37.579868501630735,31.843762105851344,33.2647816,33.72844089089945,35.58732583016783,37.68947601428775,41.842854637244436,37.83568181320018,32.572949133175975,31.338823319904954,28.250717773146896,27.763388990305636,26.417270181443826,18.33771526,17.24258738495404,16.37407260503655,16.38977717163048,16.703067046156985,16.64969921852654,16.010086086237873,15.917965178373663,14.50272432219393,11.739369849578143,10.341320655522843,10.624354197602111,10.77389438635754,10.293619688077676,10.731944043510524,10.491318935328373,10.497251738479715,10.07388504515369,9.343203530108736,9.32444786,9.427803885876404,8.268312711036534,8.625974892976311,8.629058452,8.996002327,8.728719565541885,8.87168072,8.782900855993534,8.899497863,9.307452463298134,9.282282855336119,8.980618103652963,2.6304958860190664,6.928805533257551,2
4.188633975698681,-0.916191576,3.834007769805221,-0.902938203,0.43203000439117484,6.645649497175363,23.202399033628527,21.983257586063324,29.449456669569898,32.33613941591709,32.34451663914374,33.78315484199709,30.940366336498744,32.19000091061649,34.14830972343025,33.59916176503697,37.402742396446655,32.37907595192223,31.22158217762994,28.369400673873393,28.004308020108652,27.663325393893118,25.103607113045175,23.20962712099909,22.56617391319084,19.80714240197857,17.815593990717353,15.983921960423979,15.299243732489996,13.769295621501003,14.019630325634088,13.513361634312629,13.858814000633833,13.71323039500578,11.782662484923307,10.402469079781158,10.640113466901724,10.734583808978176,9.466204782,9.85503451,9.885969271894774,10.383222528488862,10.800205205028453,10.865735508782281,9.274186438,9.568203519,9.467670854820284,9.252048724865043,8.829481970725343,8.795738689130076,8.833294116,8.963950025069503,8.750458726125256,8.904513091716773,9.139908489969189,8.218636514629992,2.0915695104928957,8.486843988,2
4.276146580421317,-0.405996394,3.5786813662055295,-1.206113244,1.0683017842253457,3.918588751852194,19.863277100996214,24.704370200549008,36.627673181260306,41.13432672,44.330311319098726,35.93659851237109,23.675614970448866,25.530074844253658,26.55884635493355,27.430305512463427,30.014970419619058,34.038743928884315,35.860197654017135,36.65512183552945,29.605273683320675,25.23160913775755,22.804452276858168,18.765584377720334,17.91346729744751,17.243241522988104,17.473774204927903,16.69793700041972,16.114765163741872,12.842360790630883,12.52524478090333,11.913448323373789,8.890254998100941,8.710080352943846,8.250645519823872,8.138301541758155,7.890614862573756,8.068099874231878,7.3541986529151355,7.202880004,7.391652981832387,7.701702422743423,7.653390555279441,7.853376686447632,7.656274391258819,8.075227760623608,8.380486931052868,7.821962799523893,8.004901001122482,8.172844068463029,7.955572823119432,8.181972737,8.363153713860891,8.684846738824321,9.103457299693263,8.544926737206021,2.1212775195893863,9.892490269424732,2
4.664610967238299,-1.351547037,3.369182778636554,-1.691113829,0.5838799190153481,2.0724917488740764,16.573037634485125,18.93759670456341,26.84004037509659,30.47876641633052,31.704235361869763,34.21924906949063,35.578282409417085,34.29326729,36.76529586038871,36.48179908613465,38.76597046,40.025802665183384,38.18841681020934,29.997200415154072,29.945496329024245,28.60723264797815,27.299491566143093,26.750513635782085,24.410593694101255,23.564691896118237,19.818079792289133,19.83326160988294,20.284074245908183,18.35787060300799,17.23044587597923,14.621247099417799,13.00719826313192,13.356141389664632,12.163563894975862,11.429452130852692,11.633209231791621,10.866745004067308,10.055402902002506,9.654780364,9.998840234123469,10.230472631286275,10.607096893103684,11.055103363657148,10.906237005995074,9.717244174752723,9.927643131565409,10.115984637376808,10.405038266523592,9.693255365006841,10.021372893254249,10.148329684333564,10.095299126286944,10.260107393163372,10.771402161415377,9.873454346605655,2.264804406,10.758989421834194,2
6.158570089752246,-0.337543757,4.730923597834903,-1.649815102,1.2126520533237275,5.948732037,26.143066240408086,28.42883545579458,37.24455682301197,42.90134317433694,41.440196246520024,44.61425236222956,41.11526866146078,39.57718161,40.59113971854584,40.45224535018428,40.894961568766306,45.07926093508181,46.453015499737866,42.627864778465245,32.39148701284545,32.487803249196865,30.918127350114283,31.53522349671311,25.431094764216667,24.97644423,25.15879753430779,19.665413490189454,18.977049421301036,16.43161100681581,15.19154118394302,14.956638821297936,11.46579307385766,11.334740919551278,9.772865378664815,9.228192762819239,9.510571773937986,9.710766183838963,9.167511602011023,9.02191557,9.007901187230116,9.484340783422784,9.726724667083607,9.982837652835023,9.848585178347959,9.974165973718897,10.302889455005346,10.508147751499656,10.379320730843473,9.561341706066095,9.275030076,9.544425152540205,9.813897054528042,10.068204741675277,10.245093409345593,10.978438496896814,3.2683898870497847,7.914053666445452,2
5.992100221861192,-1.313748153,4.488690855958273,-1.718114699,0.8357839622487861,4.246547847,23.338299243890496,30.836553443143593,34.72196191354105,36.43660438519934,37.810840658783064,39.785434363825026,37.56510264213866,29.162301548941457,30.098562641712274,31.591166316755647,35.50400042296187,38.173035593055616,31.690937194916796,32.151309550697825,32.286854605203345,31.93232799941862,25.986787884255843,24.580935598917886,23.391486503663295,23.09174381790606,22.574452350779364,19.36889824617162,18.34849095858976,17.571438381734275,17.483770046583594,15.085887255153201,13.223648846293369,12.849703621707464,12.134543270672143,11.355636821045113,11.617214200694741,11.11967647,10.205562227041707,10.093501721830659,9.273927487627345,9.670129900284703,9.779498020851275,10.18603708248488,9.869539904251154,10.122706329564798,10.267137237190726,10.276954824980455,10.514094642975003,9.571380973969495,9.807654802007074,9.952729036967693,9.933203706010449,9.768787851389813,10.247031281108399,10.898702153371564,3.1538667809755783,8.537208314957155,2
7.558020589964549,-2.773043045,5.110639787803673,-2.16285028,-0.788277902,10.23246452904532,32.17965327093052,27.99346742992009,38.60131700137388,44.63813444435724,48.90056643267761,50.50693063948533,51.97584619593838,41.39137959147055,32.14005203596234,33.51166324700479,37.935190103490214,41.88857075226836,38.64976296849616,35.171592514810825,32.367624941548996,32.91953645059069,27.924116612745415,27.740105488811313,27.639011646536794,26.318205134040074,23.07293766632524,22.857758724748752,23.33073389014575,15.04915560810003,14.459156732147505,12.375250791366161,11.06785680571121,11.057965322147151,11.345412926403053,10.281848928250826,9.991803834069641,10.003514505207141,9.909198117150238,9.643227924422323,9.611994141295934,10.107035770621271,9.728738085201408,9.960683117517227,10.381629633331556,10.594307647832176,10.619906392438889,10.91133020320274,10.873733197354202,10.154130422489017,10.543522183805115,10.671439221597472,10.868401714965648,9.490941232012556,9.917901117451358,12.522453875116886,4.137677222720754,9.248823521840544,2
6.688407631641734,-2.754171813,3.991131710481954,-2.444358944,-0.367853572,8.834329925492426,25.260055484626193,32.50896658152452,42.17778237714912,50.15696676112443,47.29760664604931,37.55468716189246,34.33336520229952,30.301205191756534,29.981155179205228,26.988824357300228,31.21682587306706,34.48887102873949,36.190085000962924,37.44283514671795,33.79430454,34.23094920364645,33.38079141381419,32.00912855633129,30.81391407768726,29.585538026693705,29.60860409259361,29.15145069272306,28.250100920801184,24.896221962198567,19.734620552995352,20.190586724093873,19.633901402336036,14.881339901737666,13.917412278730353,11.935229253268492,11.03030337768402,9.485998766,9.829862803,9.877864991,9.535375367418972,9.965587031813302,10.24127814987721,9.725300638013108,9.842358153722405,10.076547074572995,10.497856263197047,10.962518022484646,11.277497346964115,11.340377698769625,10.908009360308558,10.540450176490404,10.851051418715405,11.289609113811693,11.71583781137086,11.722713326671721,3.5829822675284504,7.3772741584608355,2
7.016249897813338,3.4227669993811953,11.808047759149401,2.3793135074561054,0.7635452882290188,5.197773035547278,22.367907325936635,30.557635137397217,44.203521346039835,42.79873616985192,46.68137191041719,48.134008564630186,50.685411227742414,42.400876881720734,41.813449512257286,43.266467010772665,44.03234746320199,47.40078652824646,47.41398362501209,46.04407567460186,45.28981617360043,44.36067240278076,36.50041399701019,36.61538160208137,36.91527722848176,36.41312405533154,30.91628490889596,28.865791617731666,29.123897513605637,29.546884751193378,27.515507169589895,26.86176927237886,26.02436749733015,20.420783232850958,20.40766493330306,20.17473003103525,18.77468378,16.65396436196408,17.21413530524333,16.53086965889234,16.548816956889493,16.746203625772857,17.159594088890973,17.703828771191468,18.41531122285848,18.56284679140887,18.18831641311831,18.40292787302953,17.79606756261977,18.33169917413569,16.84133912573133,17.02002666350658,16.629855060241013,16.42621553,17.023083236193855,16.063873895663573,3.341989543329727,10.687240437850384,2
7.839266864,5.557572349291962,13.791737510193155,2.807893872541268,1.8134039080922113,5.381569933280004,23.43342823027918,31.444863519368127,46.23441225977123,49.34580753355812,52.520946636362346,36.30026711201228,37.797775461920345,39.83803454172544,40.76176558,44.59106219234804,50.28855672391014,55.085450537969514,55.31984207813581,54.61134557112998,48.486311983513566,45.21834409988518,41.28006407212744,39.92658264811807,33.42178264143371,31.028247199746197,27.562283868189365,26.009735986163786,24.614691264887686,25.164918396356835,25.56276660166687,23.989242964326262,23.382232710538233,19.107062387620037,19.20877811762362,17.982777769013754,18.291699269863056,18.804582635059006,18.721641506274967,19.163893135029856,18.59283125173882,19.280735649634025,19.299195261601515,19.982074543226908,20.661727546360826,21.564042921272623,22.330077682161594,22.77956754248585,22.795447960228095,20.922441689395043,20.689261317783867,21.03871660533683,21.32807998801574,21.39904365233773,22.18530277409824,19.261030414201056,3.5783858733869915,10.051743828397841,2
10.141899397780449,18.163106948846135,20.679003576523268,4.362759952405375,6.382392848526176,8.750198808,34.963347691861394,33.32196866201469,41.497277287978555,47.65477887149333,51.203316321058786,55.66558425361086,54.21623670512286,48.52008979055678,48.262245732972495,51.99377556426498,51.754550244587996,57.8076503,56.56935029847746,50.11475431274359,50.85321561638871,36.723347521113524,35.67899803953886,35.91634781517692,33.888604444884024,33.873965244343076,31.208563191289556,29.34290117,27.931841065182375,28.04960755592956,26.10995196209074,25.50769002821651,25.798358617059165,25.869826371746253,24.759662335563476,25.438876829977094,25.680687369641685,26.61790194328055,27.37743518011792,28.03654166957954,27.486852880267858,28.629225911756947,29.662485497048767,30.71240800665496,31.538296023212098,32.334656281426334,33.090412188644045,34.01906634,34.91525896624496,35.23663787332017,34.47138078616592,34.15130879820352,34.78400988117866,32.76262872,32.99021938076136,26.03769682182726,4.516080352276202,9.658202901457098,2
9.717723079547659,7.134525134655805,14.413686442038554,1.6241517562202972,4.105254812,10.808438812727942,28.264993512512493,34.110731417192774,48.81888791793248,47.05263715020786,46.40624596972716,46.71491593206544,47.295891133047725,49.795781738655506,44.69772253338704,41.83603653090505,34.175713233623696,36.92074661523196,31.20907792,27.70878226737554,28.431613296804883,26.794483542822835,26.464130428055658,26.950708684294597,26.688018999597094,25.704447453855877,23.648493408384386,23.13570259226374,22.61187385025752,22.686746341207144,22.584175962823647,21.300428080161023,21.836325358806913,21.918742318660367,19.00507396585959,18.07170074104095,17.390308658689367,18.01470868058659,18.585425364989803,19.078841245250402,18.876842816782933,19.725163245168503,20.396669199275493,19.19651656313622,19.111782857966546,19.796377031139798,20.338539527871955,21.082756251763595,21.535063904201962,22.04392447418437,22.683761440635376,23.208887305883092,23.701895076101945,23.47033469138799,24.154428126939777,20.812409471771645,4.871096318803465,8.382545315083007,2
8.398205663929847,27.368481697798302,19.59222965,5.549499486349993,7.454146695888684,2.8239001034187945,18.69546170863427,25.003585144641665,34.04355958776034,33.210052997759135,30.497845768773413,31.72441116115246,34.685853945250905,36.56378673480544,37.18768131359282,39.832724721874705,44.62381485,49.195451366139594,51.14572649986988,51.292403429731216,47.66440179942503,41.543525501541694,40.04936586015829,37.14512316325491,31.381675829924244,30.901428355290545,30.55695040086888,30.33705875894958,28.288039272412053,26.215955210994156,25.11446183005531,23.805609483612837,23.490091245680357,22.942041096212428,23.53534007782319,21.255197042256313,21.007042658889002,21.779577632511835,22.31228481647424,22.279479281378386,22.39633354788004,23.352513297048944,24.344866934058448,25.28019577513626,26.27117887244897,27.089396213917023,27.73828514226318,27.86279247725112,28.37804074495435,29.265314533199007,27.73865543916543,27.395145613274536,27.942516369060307,28.826596545984206,29.872915682878038,24.533846585397065,3.2243700766357035,10.882827344480969,2
10.682900244183868,8.635351704027041,17.307385682835047,2.3377429894356343,3.3118299951032273,17.525603950272295,38.04828851894964,40.02667913677494,55.419463575306736,50.31073582,54.309641426058924,55.78680515946734,50.48423736597127,46.513009401331615,40.803692085423144,38.97254228609939,44.74341303389561,39.12113214401788,37.310505976749994,37.734701474150505,38.509468421757134,38.66747196593134,38.33621374866611,36.90474630283911,37.605533472936806,35.15914823217153,30.35649526582186,30.881727664507558,30.46229915075255,31.12721024501595,24.27534111770642,24.803710883161486,23.89894890025412,24.015866843475973,23.808819107374493,24.49525409202384,23.481500208441727,24.032421541412738,23.889838709711622,23.568291957373578,24.501832542788602,25.43317733660051,26.416850730972953,27.26698087482593,28.283414216863584,29.188583442067994,28.83508266910248,29.50400420180282,30.366295818265648,30.314599112279524,29.493679402161447,29.382066712265864,28.845228347776782,28.614314414230904,29.555272882817277,23.928475991673576,5.244090975916829,8.133551410803403,2
17.43144329208682,45.09211025447626,29.615427702512434,2.9757456956692785,11.049092006904415,13.830780779206174,33.22450814909589,44.09053124200874,60.10908586566922,72.18039650991776,51.448312423466675,46.883496378506074,48.037312750472694,46.17812314969545,34.50891476185831,34.82694857661114,40.49037910980717,45.946808138012315,48.78067330872801,48.36548006111798,49.97550606,50.438403145782026,50.397158943823946,51.002510255052805,51.397805743302925,49.42205129403509,49.00383414757725,49.32957989205676,50.37889956266999,51.30988334976458,52.19682595943538,52.88687496048477,52.60273423281478,53.40556663026881,53.92943443096038,54.979354322685786,54.79626007749309,55.86207655912446,57.687946391260965,58.69945433364798,60.615076291748295,63.07569060693207,63.437327990928694,62.97491318996062,64.87821816932039,63.66257396332515,65.15810562676455,65.23328436963409,67.17892561103733,68.96415942836136,69.43208133496633,69.32691918548377,68.11104516,68.38486185300046,69.62586083906335,51.463064983477004,6.722601835756565,3.759216145925633,2
13.186818247426386,30.728624328289012,24.705304556364542,3.7440387441488245,7.859405262292612,12.135622141449407,42.00192216833049,50.37377848701576,37.32730454862583,44.41676209,42.96766000265664,46.713470217206385,47.55191099,46.28470647031166,41.906297915642945,43.981446451172594,47.67639727394373,52.05079533346489,55.10223163219642,45.211094677590026,46.20081971,46.12897061101541,45.10827532764636,45.93128334835659,43.81612674958988,43.79167920258887,40.59635336480256,38.64625538977176,32.80188917,32.03958409,32.078422572902106,32.22965033682156,33.00196221194272,33.113899766190364,33.62631143196471,34.515657614242826,35.16028133,36.37679766078414,37.065113666188736,37.25991571248288,38.00683045891942,39.144046721350705,40.55625433396461,41.638617639457294,42.576295045847566,43.511561442703155,41.43341353216648,42.804139956393456,42.83106955069305,43.58831726581282,43.83155956415417,42.562693069896845,42.48381249295583,43.03247325173317,44.4421312,35.55489450079074,5.654982481351092,4.196715076,2
10.630149815851942,3.516448766635754,16.95385682,2.2104677560796917,2.037186650909078,10.25893532003938,38.890994836507886,41.50754140450929,61.49803456167071,47.51648147808432,49.65380912,43.50601298652589,45.57588783641276,46.14547126470023,47.623323142680704,47.992850377627605,52.77074964,58.336397407371706,59.65092143101245,50.24782953381028,46.341722657438424,46.40730158093819,46.77185725385205,41.16581395883386,41.13730039616796,40.05164105703033,36.98054439317459,29.05092035617738,29.621653601949266,24.95580415529381,25.390339276604635,25.078512296528842,25.35718389009127,25.66947467098634,23.97246821216724,24.46640009,24.68242791235565,25.233598015402876,21.522102118366444,21.50444802734096,22.206460084826688,22.683600145569773,22.896423066118118,23.743913856107064,23.73535603670434,24.767526169740947,25.267909808016917,25.89899448553532,26.51432557167654,26.884982322272936,27.15198980204745,26.877062610974175,27.162746324339558,26.667851795170407,27.72899594889505,24.78166271860287,5.093210082028261,3.1594814826871054,2
8.858012918325594,-0.330932146,12.050280501026034,1.0036542448278407,0.989748862,6.820635579763251,25.87690491981913,35.22182819610843,43.70925766201028,46.82549349018481,50.172308311148406,48.953200878414336,42.18010102,44.74493705698768,37.05612918503898,39.17261596917976,43.535967724482305,47.46914824728885,43.67688757415416,42.62635051333801,42.204298081612286,40.31758512646821,40.33754287256825,37.54148148715561,35.54242679445096,33.942551188257255,33.381172932551884,33.23318585270011,27.671465955577904,24.515552258563922,24.934435733449764,23.12461710614795,23.618297766480445,23.959781656955368,21.52848866152715,21.127615325186067,21.63821984727437,22.250035185075742,22.87021106325241,23.29768937,22.903978246730386,23.762594317970954,24.31836051976138,24.498484850177274,25.07972798186844,25.11165147602187,23.52805757430042,24.35355328650614,25.117339429054798,25.384627029499413,25.751325590164623,26.166532119271338,26.659386641400385,26.91418796084425,27.386482729873297,20.555876463008712,4.228067728,4.433384026167666,2
19.020801714098315,39.98975962,29.615427702512434,2.238779696476419,10.6319253,17.81739210971429,47.934896890494066,39.480367326857674,48.65172821945703,56.99933641202087,56.09826820787957,57.831417343688635,53.44316869925109,55.96687375087198,57.16225272711154,62.46452114084058,56.40753803036444,63.83079112518515,65.75430203505952,60.82270300227338,56.38965156622637,56.82203657403298,55.884306914729315,55.98814123338013,56.496568148219524,56.83454235037623,56.27536241423053,57.20332016474955,57.79424866246668,58.46001126,58.98252418105853,57.99689888420917,57.24820646160723,57.93653755164776,58.248251426478134,57.36040342610515,58.87892704,60.87377737250287,62.81554862986578,63.93946763533873,62.37178018723119,63.09538859602731,65.46612120657099,67.18124235224019,67.29162797412188,69.67037795872945,70.05745583640152,70.30168856527256,71.74338710585906,72.88919631438726,74.67402519757542,73.37704493143441,72.70290291993958,72.36334051436614,74.81573830889793,54.99406569072898,7.568920392455561,-3.262503063,2
11.113999311461443,10.627997328832045,15.74269310692925,1.3410176147393442,3.5759989759404234,12.00243604992851,30.20693602572855,33.43941052928154,47.101036459807695,44.68543387592144,48.800062445789926,49.935543713543666,52.55465983498288,55.517475072208654,55.14042441690163,58.71966708170654,65.34211140776884,64.79979844993102,52.338919162163236,48.29820416606194,48.35610865868313,45.89831142,46.415286401728515,44.45583252823345,41.767690861227614,42.44363837877507,39.97514151577803,40.21694010292095,34.83414153252447,34.270188583160895,33.26268570981805,32.084298936342265,32.64832456929106,27.54855905799311,28.141562666522947,27.525492883223787,28.202637044715438,29.020381970575517,28.94529234961158,29.730548300932455,29.993740523648707,30.805001478651363,30.8587462,31.92537226246722,32.39459057394657,30.808872151190478,31.420989655765094,31.487597013339993,32.29596227234667,33.13973626866782,33.85618420339368,32.573274276206746,32.84023919549482,32.68916678101201,33.627477965436874,28.920587779042428,4.9063143523386685,2.881995545119156,2
11.770130881078098,14.396671205960036,21.078360259076632,3.2474900841401606,3.8652120505742085,7.614759674816761,30.788422662475064,39.830156737595644,52.98197834537679,62.31853913937208,53.15108943119845,55.56556799546734,58.734043052686594,56.57366714839432,45.66711922960524,46.28501081748913,44.97183291458609,44.67817415,46.178610310952486,46.309169194946925,42.48241520313288,42.15912172460286,41.67159680826178,40.19219189,38.71906961928228,38.891375017936866,38.12841824104646,35.54380728,35.59586301358584,36.273503942961824,35.40226396699598,34.24193660327292,34.21331096595077,32.51070509,33.125912376110605,33.97180762602054,34.7347347,35.76811099138137,36.61256905,36.72467889369077,37.315614997111474,38.23782309301117,39.52677939611376,39.59720898778993,40.22898502061864,41.65024865865748,42.895614364575735,44.18666841735319,45.251539079957524,46.48018889814697,47.75574441,48.562895870334906,47.27086176428625,45.437035408943274,44.11287865447565,31.822672897304674,5.016328149322808,-2.204079417,2
-2.713178788,10.220226608270433,-3.085992451,-3.90105107,-3.643291657,-4.980808059,-4.110542846,-2.908551752,-3.692196266,-4.109675449,-4.26097613,-4.416977235,-4.594857158,-4.76291653,-4.931764503,-5.189848758,-5.81214399,-6.305647542,-6.419120243,-6.388083646,-6.311934267,-6.178108784,-6.024838117,-5.888743639,-5.797967165,-5.681289871,-5.592812909,-5.55333163,-5.529338778,-5.506503947,-5.483239637,-5.468767293,-5.476625137,-5.492655121,-5.516975925,-5.55840768,-5.61473461,-5.694284766,-5.782938289,-5.876545972,-5.981889827,-6.109099325,-6.230450033,-6.330423847,-6.421336967,-6.538285221,-6.596728194,-6.652503073,-6.679188671,-6.68213672,-6.657456913,-6.565739538,-6.459519677,-6.408212068,-6.389897954,-6.283953504,-1.506177181,16.96605872,2
-2.730324257,-7.252471398,-3.085992451,-2.699162349,1.8385145845253572,-4.947450344,-4.028335558,-2.92004098,-3.724155312,-4.148370676,-4.286361873,-4.447733682,-4.63440296,-4.798903957,-4.956640187,-5.210889162,-5.841122682,-6.340848859,-6.459707191,-6.441097044,-6.359407527,-6.206691581,-6.053905654,-5.911787969,-5.820823204,-5.704617849,-5.613484891,-5.559127048,-5.543058494,-5.514295499,-5.490356186,-5.477500733,-5.488286082,-5.510281208,-5.538240058,-5.584143487,-5.63423161,-5.715221686,-5.80434782,-5.899077143,-6.005797619,-6.130827102,-6.252673211,-6.352949352,-6.446178969,-6.5669481,-6.628134937,-6.685036224,-6.712291732,-6.714347665,-6.689452314,-6.599648572,-6.493954545,-6.445903093,-6.428352472,-6.301872589,-1.522690688,14.677062692966489,2
